{"type":"FeatureCollection","generated_at":"2026-08-25T15:31:18Z","source":"OpenStreetMap contributors, ODbL, via Overpass","bbox":[57.6,11.75,57.85,12.15],"tolerance_deg":0.0004,"features":[{"type":"Feature","properties":{"kind":"barrier"},"geometry":{"type":"LineString","coordinates":[[12.12042,57.7244],[12.12135,57.72323],[12.12094,57.72277],[12.12217,57.7226],[12.12178,57.72233],[12.12324,57.72011],[12.12529,57.7191],[12.12271,57.71731],[12.12118,57.71801],[12.1207,57.72009],[12.11905,57.72018],[12.12007,57.72104],[12.12024,57.72181],[12.11926,57.72243],[12.11933,57.72306],[12.12074,57.72342],[12.12042,57.7244]]}},{"type":"Feature","properties":{"kind":"barrier"},"geometry":{"type":"LineString","coordinates":[[12.03964,57.66888],[12.03013,57.6732],[12.03125,57.67448],[12.03331,57.67381],[12.03337,57.67317],[12.03572,57.67147],[12.0367,57.67177],[12.03748,57.67095],[12.03876,57.67098],[12.03973,57.66998],[12.03897,57.66987],[12.04065,57.66915]]}},{"type":"Feature","properties":{"kind":"barrier"},"geometry":{"type":"LineString","coordinates":[[12.04008,57.66874],[12.03964,57.66888]]}},{"type":"Feature","properties":{"kind":"barrier"},"geometry":{"type":"LineString","coordinates":[[12.04072,57.66898],[12.04109,57.66849],[12.04008,57.66874]]}},{"type":"Feature","properties":{"kind":"barrier"},"geometry":{"type":"LineString","coordinates":[[12.04065,57.66915],[12.04072,57.66898]]}},{"type":"Feature","properties":{"kind":"barrier"},"geometry":{"type":"LineString","coordinates":[[12.03193,57.6726],[12.03266,57.67249],[12.03193,57.6726]]}},{"type":"Feature","properties":{"kind":"barrier"},"geometry":{"type":"LineString","coordinates":[[12.03636,57.68886],[12.03736,57.68857]]}},{"type":"Feature","properties":{"kind":"barrier"},"geometry":{"type":"LineString","coordinates":[[12.03736,57.68857],[12.03737,57.68868]]}},{"type":"Feature","properties":{"kind":"barrier"},"geometry":{"type":"LineString","coordinates":[[12.03737,57.68868],[12.03781,57.68859]]}},{"type":"Feature","properties":{"kind":"barrier"},"geometry":{"type":"LineString","coordinates":[[12.03781,57.68859],[12.03754,57.68874]]}},{"type":"Feature","properties":{"kind":"barrier"},"geometry":{"type":"LineString","coordinates":[[12.03754,57.68874],[12.03734,57.69103],[12.0389,57.69062],[12.03833,57.69179],[12.03906,57.69201]]}},{"type":"Feature","properties":{"kind":"barrier"},"geometry":{"type":"LineString","coordinates":[[12.03906,57.69201],[12.04352,57.68948],[12.04463,57.68956],[12.0469,57.68842],[12.0499,57.6896],[12.0511,57.69177],[12.05549,57.6905]]}},{"type":"Feature","properties":{"kind":"barrier"},"geometry":{"type":"LineString","coordinates":[[12.05549,57.6905],[12.05721,57.68923],[12.05725,57.68816],[12.05828,57.68696]]}},{"type":"Feature","properties":{"kind":"barrier"},"geometry":{"type":"LineString","coordinates":[[12.05828,57.68696],[12.05807,57.68678]]}},{"type":"Feature","properties":{"kind":"barrier"},"geometry":{"type":"LineString","coordinates":[[12.05807,57.68678],[12.05503,57.68923],[12.05272,57.68976],[12.05139,57.68949],[12.05209,57.68815],[12.04952,57.68752],[12.04887,57.68594],[12.05337,57.6824],[12.05485,57.68183],[12.05642,57.68213],[12.06032,57.67973],[12.06434,57.67915],[12.0658,57.67782]]}},{"type":"Feature","properties":{"kind":"barrier"},"geometry":{"type":"LineString","coordinates":[[12.0658,57.67782],[12.06403,57.67905],[12.06151,57.67949],[12.06051,57.67906],[12.06062,57.6786],[12.05875,57.67887],[12.06073,57.67683]]}},{"type":"Feature","properties":{"kind":"barrier"},"geometry":{"type":"LineString","coordinates":[[12.06073,57.67683],[12.05773,57.67926],[12.05703,57.67775],[12.05148,57.67892],[12.05063,57.67971]]}},{"type":"Feature","properties":{"kind":"barrier"},"geometry":{"type":"LineString","coordinates":[[12.05063,57.67971],[12.05031,57.67987]]}},{"type":"Feature","properties":{"kind":"barrier"},"geometry":{"type":"LineString","coordinates":[[12.05031,57.67987],[12.0475,57.68089],[12.04603,57.68278],[12.04314,57.68343],[12.04633,57.67949],[12.0497,57.67745],[12.04959,57.67659]]}},{"type":"Feature","properties":{"kind":"barrier"},"geometry":{"type":"LineString","coordinates":[[12.04959,57.67659],[12.04896,57.67653]]}},{"type":"Feature","properties":{"kind":"barrier"},"geometry":{"type":"LineString","coordinates":[[12.04896,57.67653],[12.04573,57.67862],[12.04279,57.6794],[12.03862,57.68018],[12.03664,57.67887]]}},{"type":"Feature","properties":{"kind":"barrier"},"geometry":{"type":"LineString","coordinates":[[12.03664,57.67887],[12.03535,57.67915],[12.03532,57.6797],[12.03572,57.68027],[12.03741,57.68044],[12.03759,57.68118],[12.03711,57.68257],[12.03466,57.68507],[12.03519,57.68633],[12.03384,57.68825]]}},{"type":"Feature","properties":{"kind":"barrier"},"geometry":{"type":"LineString","coordinates":[[12.03384,57.68825],[12.03447,57.68865]]}},{"type":"Feature","properties":{"kind":"barrier"},"geometry":{"type":"LineString","coordinates":[[12.03447,57.68865],[12.03472,57.68875]]}},{"type":"Feature","properties":{"kind":"barrier"},"geometry":{"type":"LineString","coordinates":[[12.03472,57.68875],[12.03569,57.689]]}},{"type":"Feature","properties":{"kind":"barrier"},"geometry":{"type":"LineString","coordinates":[[12.03636,57.68886],[12.03569,57.689]]}},{"type":"Feature","properties":{"kind":"barrier"},"geometry":{"type":"LineString","coordinates":[[12.03991,57.68273],[12.04147,57.68158],[12.04292,57.68204],[12.04185,57.68341],[12.03991,57.68273]]}},{"type":"Feature","properties":{"kind":"barrier"},"geometry":{"type":"LineString","coordinates":[[12.03781,57.6827],[12.03857,57.68251],[12.03781,57.6827]]}},{"type":"Feature","properties":{"kind":"barrier"},"geometry":{"type":"LineString","coordinates":[[12.04162,57.68506],[12.04133,57.68659],[12.03991,57.68775],[12.03816,57.68864],[12.03876,57.68708],[12.04131,57.68524]]}},{"type":"Feature","properties":{"kind":"barrier"},"geometry":{"type":"LineString","coordinates":[[12.04131,57.68524],[12.04162,57.68506]]}},{"type":"Feature","properties":{"kind":"barrier"},"geometry":{"type":"LineString","coordinates":[[12.05828,57.68696],[12.05807,57.68678]]}},{"type":"Feature","properties":{"kind":"barrier"},"geometry":{"type":"LineString","coordinates":[[12.0593,57.68631],[12.05807,57.68678]]}},{"type":"Feature","properties":{"kind":"barrier"},"geometry":{"type":"LineString","coordinates":[[12.05928,57.68627],[12.0593,57.68631]]}},{"type":"Feature","properties":{"kind":"barrier"},"geometry":{"type":"LineString","coordinates":[[12.07854,57.68324],[12.07612,57.68409],[12.07442,57.68262],[12.0714,57.68318],[12.07119,57.6825],[12.07029,57.68233],[12.06843,57.68297],[12.0656,57.68068],[12.06451,57.68052],[12.05955,57.68305],[12.05893,57.68384],[12.05882,57.68612],[12.05928,57.68627]]}},{"type":"Feature","properties":{"kind":"barrier"},"geometry":{"type":"LineString","coordinates":[[12.07854,57.68324],[12.08,57.68288]]}},{"type":"Feature","properties":{"kind":"barrier"},"geometry":{"type":"LineString","coordinates":[[12.08278,57.68408],[12.08,57.68288]]}},{"type":"Feature","properties":{"kind":"barrier"},"geometry":{"type":"LineString","coordinates":[[12.08309,57.6852],[12.08278,57.68408]]}},{"type":"Feature","properties":{"kind":"barrier"},"geometry":{"type":"LineString","coordinates":[[12.06513,57.68676],[12.06694,57.68617],[12.0685,57.68672],[12.0731,57.68612],[12.07636,57.68654],[12.07785,57.68588],[12.07936,57.68639],[12.08309,57.6852]]}},{"type":"Feature","properties":{"kind":"barrier"},"geometry":{"type":"LineString","coordinates":[[12.06442,57.68694],[12.06513,57.68676]]}},{"type":"Feature","properties":{"kind":"barrier"},"geometry":{"type":"LineString","coordinates":[[12.065,57.68505],[12.06442,57.68694]]}},{"type":"Feature","properties":{"kind":"barrier"},"geometry":{"type":"LineString","coordinates":[[12.0645,57.68466],[12.065,57.68505]]}},{"type":"Feature","properties":{"kind":"barrier"},"geometry":{"type":"LineString","coordinates":[[12.06133,57.68656],[12.06272,57.68695],[12.06321,57.68557],[12.0645,57.68466]]}},{"type":"Feature","properties":{"kind":"barrier"},"geometry":{"type":"LineString","coordinates":[[12.05828,57.68696],[12.06133,57.68656]]}},{"type":"Feature","properties":{"kind":"barrier"},"geometry":{"type":"LineString","coordinates":[[12.05948,57.68658],[12.05829,57.68687],[12.05948,57.68658]]}},{"type":"Feature","properties":{"kind":"barrier"},"geometry":{"type":"LineString","coordinates":[[12.06571,57.68213],[12.06634,57.68192],[12.06571,57.68213]]}},{"type":"Feature","properties":{"kind":"barrier"},"geometry":{"type":"LineString","coordinates":[[11.94092,57.84879],[11.94159,57.84748]]}},{"type":"Feature","properties":{"kind":"barrier"},"geometry":{"type":"LineString","coordinates":[[11.94092,57.84879],[11.94484,57.84989],[11.94782,57.85194],[11.95591,57.86071],[11.96038,57.86265],[11.96471,57.86348]]}},{"type":"Feature","properties":{"kind":"barrier"},"geometry":{"type":"LineString","coordinates":[[11.96471,57.86348],[11.96804,57.86473]]}},{"type":"Feature","properties":{"kind":"barrier"},"geometry":{"type":"LineString","coordinates":[[11.96804,57.86473],[11.97004,57.8633]]}},{"type":"Feature","properties":{"kind":"barrier"},"geometry":{"type":"LineString","coordinates":[[11.97004,57.8633],[11.95771,57.85334],[11.95375,57.84748],[11.9491,57.84629],[11.94159,57.84748]]}},{"type":"Feature","properties":{"kind":"barrier"},"geometry":{"type":"LineString","coordinates":[[11.96433,57.86014],[11.95905,57.85575],[11.96433,57.86014]]}},{"type":"Feature","properties":{"kind":"barrier"},"geometry":{"type":"LineString","coordinates":[[11.95334,57.84981],[11.95563,57.8537],[11.96303,57.86174],[11.95923,57.86123],[11.95672,57.86003],[11.95012,57.85209],[11.94789,57.85036],[11.94426,57.8488],[11.94603,57.84907],[11.94663,57.84886],[11.94604,57.84821],[11.95019,57.84741],[11.95214,57.84837],[11.95334,57.84981]]}},{"type":"Feature","properties":{"kind":"barrier"},"geometry":{"type":"LineString","coordinates":[[12.00978,57.83407],[12.00939,57.82959],[12.01096,57.82549]]}},{"type":"Feature","properties":{"kind":"barrier"},"geometry":{"type":"LineString","coordinates":[[12.01096,57.82549],[12.01157,57.82277],[12.01329,57.81983],[12.01525,57.81267],[12.01538,57.8054],[12.01459,57.8021],[12.01513,57.79861],[12.0146,57.79829],[12.01366,57.79399]]}},{"type":"Feature","properties":{"kind":"barrier"},"geometry":{"type":"LineString","coordinates":[[12.01366,57.79399],[12.01267,57.79288]]}},{"type":"Feature","properties":{"kind":"barrier"},"geometry":{"type":"LineString","coordinates":[[12.01267,57.79288],[12.01222,57.79211]]}},{"type":"Feature","properties":{"kind":"barrier"},"geometry":{"type":"LineString","coordinates":[[12.01222,57.79211],[12.01006,57.78994]]}},{"type":"Feature","properties":{"kind":"barrier"},"geometry":{"type":"LineString","coordinates":[[12.01006,57.78994],[12.00744,57.7847]]}},{"type":"Feature","properties":{"kind":"barrier"},"geometry":{"type":"LineString","coordinates":[[12.00744,57.7847],[12.00579,57.77894],[12.00682,57.77277],[12.00689,57.76956],[12.00647,57.76959],[12.00695,57.76917],[12.0052,57.7667],[12.0057,57.76584],[12.00476,57.76572],[12.00543,57.76572],[12.00488,57.76534],[12.00533,57.76466],[12.00426,57.76233],[12.00392,57.7635],[12.00338,57.7623],[12.00309,57.76393],[12.00445,57.76563],[12.00245,57.7628]]}},{"type":"Feature","properties":{"kind":"barrier"},"geometry":{"type":"LineString","coordinates":[[12.00245,57.7628],[12.00222,57.76264]]}},{"type":"Feature","properties":{"kind":"barrier"},"geometry":{"type":"LineString","coordinates":[[12.00222,57.76264],[12.00138,57.76273],[11.99919,57.76043],[12.00036,57.75637],[12.00293,57.7518],[12.00321,57.75098],[12.00257,57.75059],[12.0037,57.75051],[12.00316,57.75002],[12.00465,57.74784]]}},{"type":"Feature","properties":{"kind":"barrier"},"geometry":{"type":"LineString","coordinates":[[12.00465,57.74784],[12.00496,57.7454],[12.00443,57.74418],[11.99559,57.72985]]}},{"type":"Feature","properties":{"kind":"barrier"},"geometry":{"type":"LineString","coordinates":[[11.99559,57.72985],[11.99695,57.72946],[11.9953,57.72979],[11.99469,57.72902]]}},{"type":"Feature","properties":{"kind":"barrier"},"geometry":{"type":"LineString","coordinates":[[11.99469,57.72902],[11.99396,57.7279]]}},{"type":"Feature","properties":{"kind":"barrier"},"geometry":{"type":"LineString","coordinates":[[11.99396,57.7279],[11.99355,57.72727]]}},{"type":"Feature","properties":{"kind":"barrier"},"geometry":{"type":"LineString","coordinates":[[11.99064,57.72822],[11.99355,57.72727]]}},{"type":"Feature","properties":{"kind":"barrier"},"geometry":{"type":"LineString","coordinates":[[11.99064,57.72822],[11.9904,57.72876],[11.99197,57.72852],[11.99353,57.73113],[11.99254,57.73161],[11.99367,57.7315],[11.99457,57.73303],[11.99156,57.73385],[11.99421,57.73345],[11.99571,57.73491],[11.99659,57.73704],[12.00021,57.74079],[12.00264,57.74484],[12.0022,57.74899],[11.99919,57.75568]]}},{"type":"Feature","properties":{"kind":"barrier"},"geometry":{"type":"LineString","coordinates":[[11.99919,57.75568],[11.99825,57.75734]]}},{"type":"Feature","properties":{"kind":"barrier"},"geometry":{"type":"LineString","coordinates":[[11.99825,57.75734],[11.99765,57.75927]]}},{"type":"Feature","properties":{"kind":"barrier"},"geometry":{"type":"LineString","coordinates":[[11.99765,57.75927],[11.99769,57.75959]]}},{"type":"Feature","properties":{"kind":"barrier"},"geometry":{"type":"LineString","coordinates":[[11.99769,57.75959],[11.99822,57.76174],[12.00241,57.76517],[12.002,57.7655],[12.00296,57.76579],[12.00389,57.76714],[12.00323,57.76747],[12.00417,57.76828],[12.00428,57.76935],[12.00372,57.77583]]}},{"type":"Feature","properties":{"kind":"barrier"},"geometry":{"type":"LineString","coordinates":[[12.00372,57.77583],[12.00288,57.77903],[12.00365,57.78252],[12.00476,57.78436]]}},{"type":"Feature","properties":{"kind":"barrier"},"geometry":{"type":"LineString","coordinates":[[12.00476,57.78436],[12.00634,57.78682],[12.00572,57.78712],[12.00705,57.788],[12.00716,57.78963],[12.00793,57.79],[12.00749,57.79026],[12.00933,57.7917],[12.00879,57.79234],[12.01017,57.79304],[12.01046,57.7936],[12.00974,57.79378],[12.01077,57.7937],[12.01015,57.79409],[12.0111,57.79452],[12.00971,57.7949],[12.01127,57.7947],[12.01153,57.79721],[12.01216,57.79788],[12.01184,57.79937],[12.01282,57.80065],[12.012,57.80164],[12.01272,57.80201],[12.01206,57.80244],[12.01258,57.80338],[12.01164,57.80574],[12.01318,57.8073],[12.01228,57.80932],[12.01294,57.81046],[12.0121,57.81046],[12.01313,57.81135],[12.01159,57.812],[12.01293,57.81225],[12.01273,57.8131],[12.01351,57.81376],[12.01166,57.81484],[12.01203,57.81628],[12.01045,57.81748],[12.01221,57.81775],[12.0113,57.81796],[12.01128,57.81918],[12.00883,57.82284],[12.0092,57.82512],[12.00821,57.82568],[12.00894,57.82595],[12.00825,57.82597],[12.00762,57.82767],[12.00821,57.82811],[12.0075,57.83123],[12.0081,57.83207],[12.0066,57.83254],[12.00794,57.83303],[12.00734,57.83347],[12.00835,57.83515],[12.00805,57.8371],[12.00897,57.83972],[12.00832,57.84049],[12.00949,57.84435],[12.00701,57.8508],[12.00699,57.85321],[12.00776,57.85495]]}},{"type":"Feature","properties":{"kind":"barrier"},"geometry":{"type":"LineString","coordinates":[[12.00776,57.85495],[12.00923,57.85455]]}},{"type":"Feature","properties":{"kind":"barrier"},"geometry":{"type":"LineString","coordinates":[[12.00923,57.85455],[12.00829,57.85234],[12.01209,57.84321]]}},{"type":"Feature","properties":{"kind":"barrier"},"geometry":{"type":"LineString","coordinates":[[12.01209,57.84321],[12.01207,57.84255]]}},{"type":"Feature","properties":{"kind":"barrier"},"geometry":{"type":"LineString","coordinates":[[12.01207,57.84255],[12.0118,57.84203]]}},{"type":"Feature","properties":{"kind":"barrier"},"geometry":{"type":"LineString","coordinates":[[12.0118,57.84203],[12.011,57.84023]]}},{"type":"Feature","properties":{"kind":"barrier"},"geometry":{"type":"LineString","coordinates":[[12.011,57.84023],[12.00978,57.83407]]}},{"type":"Feature","properties":{"kind":"barrier"},"geometry":{"type":"LineString","coordinates":[[12.0047,57.76601],[12.005,57.76644],[12.0047,57.76601]]}},{"type":"Feature","properties":{"kind":"barrier"},"geometry":{"type":"LineString","coordinates":[[11.80154,57.65051],[11.8027,57.64977],[11.80081,57.64996],[11.80025,57.65051],[11.80154,57.65051]]}},{"type":"Feature","properties":{"kind":"barrier"},"geometry":{"type":"LineString","coordinates":[[11.80157,57.65009],[11.80157,57.65009]]}},{"type":"Feature","properties":{"kind":"barrier"},"geometry":{"type":"LineString","coordinates":[[11.80121,57.65003],[11.80121,57.65003]]}},{"type":"Feature","properties":{"kind":"barrier"},"geometry":{"type":"LineString","coordinates":[[11.80118,57.65038],[11.80118,57.65038]]}},{"type":"Feature","properties":{"kind":"barrier"},"geometry":{"type":"LineString","coordinates":[[11.98194,57.81601],[11.98036,57.81596],[11.98104,57.81684],[11.9789,57.81709],[11.9814,57.81695],[11.98135,57.81797],[11.97968,57.8181],[11.98151,57.81802],[11.98152,57.81694],[11.98501,57.81683],[11.98267,57.81683],[11.98201,57.81615]]}},{"type":"Feature","properties":{"kind":"barrier"},"geometry":{"type":"LineString","coordinates":[[11.98201,57.81615],[11.98194,57.81601]]}},{"type":"Feature","properties":{"kind":"barrier"},"geometry":{"type":"LineString","coordinates":[[11.98056,57.816],[11.98056,57.816]]}},{"type":"Feature","properties":{"kind":"barrier"},"geometry":{"type":"LineString","coordinates":[[11.98113,57.81629],[11.98113,57.81629]]}},{"type":"Feature","properties":{"kind":"barrier"},"geometry":{"type":"LineString","coordinates":[[11.98165,57.81604],[11.98165,57.81604]]}},{"type":"Feature","properties":{"kind":"barrier"},"geometry":{"type":"LineString","coordinates":[[11.98181,57.81618],[11.98181,57.81618]]}},{"type":"Feature","properties":{"kind":"barrier"},"geometry":{"type":"LineString","coordinates":[[11.982,57.81624],[11.982,57.81624]]}},{"type":"Feature","properties":{"kind":"barrier"},"geometry":{"type":"LineString","coordinates":[[11.98229,57.8164],[11.98229,57.8164]]}},{"type":"Feature","properties":{"kind":"barrier"},"geometry":{"type":"LineString","coordinates":[[11.98235,57.81667],[11.98235,57.81667]]}},{"type":"Feature","properties":{"kind":"barrier"},"geometry":{"type":"LineString","coordinates":[[11.98117,57.81662],[11.98117,57.81662]]}},{"type":"Feature","properties":{"kind":"barrier"},"geometry":{"type":"LineString","coordinates":[[12.12936,57.70631],[12.12936,57.70631]]}},{"type":"Feature","properties":{"kind":"barrier"},"geometry":{"type":"LineString","coordinates":[[12.1402,57.71023],[12.1402,57.71023]]}},{"type":"Feature","properties":{"kind":"barrier"},"geometry":{"type":"LineString","coordinates":[[12.14021,57.71025],[12.14021,57.71025]]}},{"type":"Feature","properties":{"kind":"barrier"},"geometry":{"type":"LineString","coordinates":[[12.12933,57.70703],[12.13006,57.70705],[12.13001,57.70841],[12.12817,57.70925],[12.12774,57.70843],[12.12933,57.70703]]}},{"type":"Feature","properties":{"kind":"barrier"},"geometry":{"type":"LineString","coordinates":[[12.11901,57.7042],[12.11901,57.7042]]}},{"type":"Feature","properties":{"kind":"barrier"},"geometry":{"type":"LineString","coordinates":[[12.1178,57.70394],[12.11834,57.70462],[12.1167,57.70392],[12.11702,57.70351],[12.1178,57.70394]]}},{"type":"Feature","properties":{"kind":"barrier"},"geometry":{"type":"LineString","coordinates":[[12.12276,57.7039],[12.12354,57.70415],[12.12276,57.7039]]}},{"type":"Feature","properties":{"kind":"barrier"},"geometry":{"type":"LineString","coordinates":[[12.14149,57.71037],[12.14149,57.71037]]}},{"type":"Feature","properties":{"kind":"barrier"},"geometry":{"type":"LineString","coordinates":[[12.13591,57.70592],[12.13591,57.70592]]}},{"type":"Feature","properties":{"kind":"barrier"},"geometry":{"type":"LineString","coordinates":[[12.13592,57.71435],[12.13845,57.7137]]}},{"type":"Feature","properties":{"kind":"barrier"},"geometry":{"type":"LineString","coordinates":[[12.13845,57.7137],[12.1402,57.71348]]}},{"type":"Feature","properties":{"kind":"barrier"},"geometry":{"type":"LineString","coordinates":[[12.1402,57.71348],[12.14017,57.71371]]}},{"type":"Feature","properties":{"kind":"barrier"},"geometry":{"type":"LineString","coordinates":[[12.14017,57.71371],[12.14051,57.71439]]}},{"type":"Feature","properties":{"kind":"barrier"},"geometry":{"type":"LineString","coordinates":[[12.14051,57.71439],[12.14291,57.71252],[12.14312,57.71132],[12.14193,57.71122],[12.14201,57.71071],[12.14306,57.71088],[12.14468,57.71003]]}},{"type":"Feature","properties":{"kind":"barrier"},"geometry":{"type":"LineString","coordinates":[[12.14468,57.71003],[12.1449,57.70973]]}},{"type":"Feature","properties":{"kind":"barrier"},"geometry":{"type":"LineString","coordinates":[[12.1449,57.70973],[12.14356,57.70888]]}},{"type":"Feature","properties":{"kind":"barrier"},"geometry":{"type":"LineString","coordinates":[[12.14356,57.70888],[12.1391,57.70748]]}},{"type":"Feature","properties":{"kind":"barrier"},"geometry":{"type":"LineString","coordinates":[[12.1391,57.70748],[12.13808,57.70795],[12.13692,57.70742]]}},{"type":"Feature","properties":{"kind":"barrier"},"geometry":{"type":"LineString","coordinates":[[12.13692,57.70742],[12.13723,57.70612],[12.13577,57.70508],[12.13407,57.7053],[12.13256,57.70642],[12.12961,57.70601],[12.1313,57.70424],[12.13024,57.70366],[12.12462,57.70391],[12.12082,57.70335],[12.12007,57.70421],[12.11599,57.70265],[12.11604,57.70446],[12.11536,57.70368]]}},{"type":"Feature","properties":{"kind":"barrier"},"geometry":{"type":"LineString","coordinates":[[12.11485,57.70378],[12.11536,57.70368]]}},{"type":"Feature","properties":{"kind":"barrier"},"geometry":{"type":"LineString","coordinates":[[12.11485,57.70378],[12.11521,57.7049],[12.11723,57.706],[12.11797,57.70522],[12.12306,57.7068],[12.12184,57.70728],[12.11982,57.70675],[12.12212,57.70774],[12.12176,57.70839],[12.12004,57.70836],[12.12285,57.70921],[12.12254,57.7101],[12.12531,57.71068]]}},{"type":"Feature","properties":{"kind":"barrier"},"geometry":{"type":"LineString","coordinates":[[12.12531,57.71068],[12.12565,57.71076]]}},{"type":"Feature","properties":{"kind":"barrier"},"geometry":{"type":"LineString","coordinates":[[12.12565,57.71076],[12.12672,57.71099],[12.1276,57.70976],[12.12975,57.71001],[12.13229,57.70886],[12.13285,57.70802],[12.13436,57.70796],[12.13786,57.71016],[12.13493,57.7129],[12.1325,57.7131],[12.13483,57.71452],[12.13574,57.71447]]}},{"type":"Feature","properties":{"kind":"barrier"},"geometry":{"type":"LineString","coordinates":[[12.13574,57.71447],[12.13592,57.71435]]}},{"type":"Feature","properties":{"kind":"barrier"},"geometry":{"type":"LineString","coordinates":[[12.13565,57.71437],[12.13555,57.71377],[12.1363,57.71384],[12.13585,57.71428]]}},{"type":"Feature","properties":{"kind":"barrier"},"geometry":{"type":"LineString","coordinates":[[12.13585,57.71428],[12.13565,57.71437]]}},{"type":"Feature","properties":{"kind":"barrier"},"geometry":{"type":"LineString","coordinates":[[12.04423,57.82068],[12.04423,57.82068]]}},{"type":"Feature","properties":{"kind":"barrier"},"geometry":{"type":"LineString","coordinates":[[12.04403,57.82079],[12.04403,57.82079]]}},{"type":"Feature","properties":{"kind":"barrier"},"geometry":{"type":"LineString","coordinates":[[12.03796,57.82558],[12.03796,57.82558]]}},{"type":"Feature","properties":{"kind":"barrier"},"geometry":{"type":"LineString","coordinates":[[12.0521,57.82387],[12.0521,57.82387]]}},{"type":"Feature","properties":{"kind":"barrier"},"geometry":{"type":"LineString","coordinates":[[12.05345,57.82312],[12.05345,57.82312]]}},{"type":"Feature","properties":{"kind":"barrier"},"geometry":{"type":"LineString","coordinates":[[12.05388,57.82559],[12.05413,57.82598],[12.05348,57.82608],[12.05388,57.82559]]}},{"type":"Feature","properties":{"kind":"barrier"},"geometry":{"type":"LineString","coordinates":[[12.05478,57.82602],[12.05478,57.82602]]}},{"type":"Feature","properties":{"kind":"barrier"},"geometry":{"type":"LineString","coordinates":[[12.05438,57.82606],[12.05438,57.82606]]}},{"type":"Feature","properties":{"kind":"barrier"},"geometry":{"type":"LineString","coordinates":[[12.05288,57.82616],[12.05288,57.82616]]}},{"type":"Feature","properties":{"kind":"barrier"},"geometry":{"type":"LineString","coordinates":[[12.05239,57.82698],[12.05239,57.82698]]}},{"type":"Feature","properties":{"kind":"barrier"},"geometry":{"type":"LineString","coordinates":[[12.0527,57.82679],[12.0527,57.82679]]}},{"type":"Feature","properties":{"kind":"barrier"},"geometry":{"type":"LineString","coordinates":[[12.05537,57.8252],[12.05537,57.8252]]}},{"type":"Feature","properties":{"kind":"barrier"},"geometry":{"type":"LineString","coordinates":[[12.05522,57.82534],[12.05522,57.82534]]}},{"type":"Feature","properties":{"kind":"barrier"},"geometry":{"type":"LineString","coordinates":[[12.04894,57.82634],[12.04894,57.82634]]}},{"type":"Feature","properties":{"kind":"barrier"},"geometry":{"type":"LineString","coordinates":[[12.05042,57.82646],[12.05125,57.82684],[12.05007,57.82739],[12.05042,57.82646]]}},{"type":"Feature","properties":{"kind":"barrier"},"geometry":{"type":"LineString","coordinates":[[12.04831,57.82958],[12.04831,57.82958]]}},{"type":"Feature","properties":{"kind":"barrier"},"geometry":{"type":"LineString","coordinates":[[12.04946,57.82841],[12.04965,57.82876],[12.04946,57.82841]]}},{"type":"Feature","properties":{"kind":"barrier"},"geometry":{"type":"LineString","coordinates":[[12.04831,57.8231],[12.04831,57.8231]]}},{"type":"Feature","properties":{"kind":"barrier"},"geometry":{"type":"LineString","coordinates":[[12.03941,57.82605],[12.03941,57.82605]]}},{"type":"Feature","properties":{"kind":"barrier"},"geometry":{"type":"LineString","coordinates":[[12.04769,57.82365],[12.04769,57.82365]]}},{"type":"Feature","properties":{"kind":"barrier"},"geometry":{"type":"LineString","coordinates":[[12.04754,57.82391],[12.04754,57.82391]]}},{"type":"Feature","properties":{"kind":"barrier"},"geometry":{"type":"LineString","coordinates":[[12.04712,57.82418],[12.04712,57.82418]]}},{"type":"Feature","properties":{"kind":"barrier"},"geometry":{"type":"LineString","coordinates":[[12.04704,57.82423],[12.04704,57.82423]]}},{"type":"Feature","properties":{"kind":"barrier"},"geometry":{"type":"LineString","coordinates":[[12.04699,57.822],[12.04743,57.82205],[12.04697,57.8226],[12.04834,57.82247],[12.04821,57.82299],[12.04601,57.82424],[12.04541,57.82336],[12.04699,57.822]]}},{"type":"Feature","properties":{"kind":"barrier"},"geometry":{"type":"LineString","coordinates":[[12.04058,57.82102],[12.04053,57.82108]]}},{"type":"Feature","properties":{"kind":"barrier"},"geometry":{"type":"LineString","coordinates":[[12.04053,57.82108],[12.04025,57.82139]]}},{"type":"Feature","properties":{"kind":"barrier"},"geometry":{"type":"LineString","coordinates":[[12.04025,57.82139],[12.04081,57.82285],[12.03878,57.82498],[12.0328,57.82715],[12.03235,57.82789],[12.03078,57.82749],[12.03254,57.82866]]}},{"type":"Feature","properties":{"kind":"barrier"},"geometry":{"type":"LineString","coordinates":[[12.03254,57.82866],[12.03354,57.82912]]}},{"type":"Feature","properties":{"kind":"barrier"},"geometry":{"type":"LineString","coordinates":[[12.03354,57.82912],[12.03379,57.8293]]}},{"type":"Feature","properties":{"kind":"barrier"},"geometry":{"type":"LineString","coordinates":[[12.03379,57.8293],[12.03532,57.8294]]}},{"type":"Feature","properties":{"kind":"barrier"},"geometry":{"type":"LineString","coordinates":[[12.03532,57.8294],[12.03958,57.83211],[12.03846,57.83409],[12.03899,57.83552],[12.03951,57.83494],[12.04239,57.83485]]}},{"type":"Feature","properties":{"kind":"barrier"},"geometry":{"type":"LineString","coordinates":[[12.04239,57.83485],[12.0425,57.83481]]}},{"type":"Feature","properties":{"kind":"barrier"},"geometry":{"type":"LineString","coordinates":[[12.0425,57.83481],[12.04404,57.83386],[12.04245,57.83393],[12.04064,57.83282],[12.04055,57.83209],[12.04153,57.83203],[12.04126,57.82948],[12.04009,57.8293],[12.04046,57.82838],[12.03996,57.82826]]}},{"type":"Feature","properties":{"kind":"barrier"},"geometry":{"type":"LineString","coordinates":[[12.03996,57.82826],[12.03974,57.82823]]}},{"type":"Feature","properties":{"kind":"barrier"},"geometry":{"type":"LineString","coordinates":[[12.03974,57.82823],[12.0386,57.82792],[12.0383,57.82929],[12.03673,57.82999],[12.03681,57.82924],[12.03555,57.82847],[12.03736,57.82783],[12.03792,57.8269]]}},{"type":"Feature","properties":{"kind":"barrier"},"geometry":{"type":"LineString","coordinates":[[12.03792,57.8269],[12.04007,57.82733],[12.04003,57.82796]]}},{"type":"Feature","properties":{"kind":"barrier"},"geometry":{"type":"LineString","coordinates":[[12.04003,57.82796],[12.04019,57.82812]]}},{"type":"Feature","properties":{"kind":"barrier"},"geometry":{"type":"LineString","coordinates":[[12.04019,57.82812],[12.04142,57.82808],[12.0428,57.82648],[12.04384,57.82684],[12.0457,57.8243],[12.04829,57.8248],[12.04744,57.82618],[12.04871,57.82603],[12.04834,57.82642],[12.04922,57.82679],[12.04831,57.8277],[12.04691,57.82749],[12.04768,57.82838],[12.04615,57.8314],[12.0471,57.83173],[12.04813,57.82987],[12.05044,57.82954],[12.05077,57.82802],[12.05234,57.82751],[12.05286,57.82839],[12.05363,57.82845],[12.05476,57.82774],[12.05529,57.8264]]}},{"type":"Feature","properties":{"kind":"barrier"},"geometry":{"type":"LineString","coordinates":[[12.05529,57.8264],[12.05637,57.82654],[12.05611,57.8259],[12.05743,57.82436],[12.05464,57.82458],[12.05569,57.82403],[12.05576,57.82313],[12.05368,57.82256]]}},{"type":"Feature","properties":{"kind":"barrier"},"geometry":{"type":"LineString","coordinates":[[12.05368,57.82256],[12.05365,57.82257]]}},{"type":"Feature","properties":{"kind":"barrier"},"geometry":{"type":"LineString","coordinates":[[12.05365,57.82257],[12.05182,57.82385],[12.05129,57.82238],[12.04941,57.82165],[12.05073,57.81911],[12.04958,57.81891],[12.04877,57.81995],[12.0483,57.81952],[12.04923,57.81914],[12.04823,57.81886],[12.04903,57.81871],[12.04932,57.81778],[12.05186,57.81722],[12.05242,57.81556],[12.04988,57.8162],[12.04958,57.81739],[12.04758,57.81891],[12.04532,57.81938]]}},{"type":"Feature","properties":{"kind":"barrier"},"geometry":{"type":"LineString","coordinates":[[12.04532,57.81938],[12.04483,57.81967]]}},{"type":"Feature","properties":{"kind":"barrier"},"geometry":{"type":"LineString","coordinates":[[12.04483,57.81967],[12.04536,57.82009],[12.04493,57.82043],[12.04116,57.82088]]}},{"type":"Feature","properties":{"kind":"barrier"},"geometry":{"type":"LineString","coordinates":[[12.04116,57.82088],[12.04058,57.82102]]}},{"type":"Feature","properties":{"kind":"barrier"},"geometry":{"type":"LineString","coordinates":[[12.04757,57.824],[12.04757,57.824]]}},{"type":"Feature","properties":{"kind":"barrier"},"geometry":{"type":"LineString","coordinates":[[12.04253,57.82434],[12.04253,57.82434]]}},{"type":"Feature","properties":{"kind":"barrier"},"geometry":{"type":"LineString","coordinates":[[12.04046,57.82357],[12.04046,57.82357]]}},{"type":"Feature","properties":{"kind":"barrier"},"geometry":{"type":"LineString","coordinates":[[12.03952,57.82604],[12.03952,57.82604]]}},{"type":"Feature","properties":{"kind":"barrier"},"geometry":{"type":"LineString","coordinates":[[12.05512,57.82537],[12.05512,57.82537]]}},{"type":"Feature","properties":{"kind":"barrier"},"geometry":{"type":"LineString","coordinates":[[12.05253,57.827],[12.05253,57.827]]}},{"type":"Feature","properties":{"kind":"barrier"},"geometry":{"type":"LineString","coordinates":[[12.05335,57.82587],[12.05335,57.82587]]}},{"type":"Feature","properties":{"kind":"barrier"},"geometry":{"type":"LineString","coordinates":[[12.04827,57.82307],[12.04827,57.82307]]}},{"type":"Feature","properties":{"kind":"barrier"},"geometry":{"type":"LineString","coordinates":[[12.04828,57.8296],[12.04828,57.8296]]}},{"type":"Feature","properties":{"kind":"barrier"},"geometry":{"type":"LineString","coordinates":[[12.04823,57.82975],[12.04823,57.82975]]}},{"type":"Feature","properties":{"kind":"barrier"},"geometry":{"type":"LineString","coordinates":[[12.05558,57.8234],[12.05558,57.8234]]}},{"type":"Feature","properties":{"kind":"barrier"},"geometry":{"type":"LineString","coordinates":[[12.039,57.83173],[12.039,57.83173]]}},{"type":"Feature","properties":{"kind":"barrier"},"geometry":{"type":"LineString","coordinates":[[12.03974,57.83212],[12.03974,57.83212]]}},{"type":"Feature","properties":{"kind":"barrier"},"geometry":{"type":"LineString","coordinates":[[12.04621,57.82436],[12.04621,57.82436]]}},{"type":"Feature","properties":{"kind":"barrier"},"geometry":{"type":"LineString","coordinates":[[12.03429,57.82682],[12.03429,57.82682]]}},{"type":"Feature","properties":{"kind":"barrier"},"geometry":{"type":"LineString","coordinates":[[12.04009,57.82862],[12.04009,57.82862]]}},{"type":"Feature","properties":{"kind":"barrier"},"geometry":{"type":"LineString","coordinates":[[12.14422,57.6328],[12.1441,57.63239],[12.14343,57.633],[12.14422,57.6328]]}},{"type":"Feature","properties":{"kind":"barrier"},"geometry":{"type":"LineString","coordinates":[[12.13782,57.63486],[12.13782,57.63486]]}},{"type":"Feature","properties":{"kind":"barrier"},"geometry":{"type":"LineString","coordinates":[[12.13667,57.63557],[12.13781,57.6355],[12.1372,57.63618],[12.13547,57.63586],[12.13667,57.63557]]}},{"type":"Feature","properties":{"kind":"barrier"},"geometry":{"type":"LineString","coordinates":[[12.14746,57.63325],[12.14746,57.63325]]}},{"type":"Feature","properties":{"kind":"barrier"},"geometry":{"type":"LineString","coordinates":[[12.13956,57.63046],[12.14002,57.63147],[12.1384,57.63167],[12.13806,57.63102],[12.13878,57.63023]]}},{"type":"Feature","properties":{"kind":"barrier"},"geometry":{"type":"LineString","coordinates":[[12.13977,57.63024],[12.13956,57.63046]]}},{"type":"Feature","properties":{"kind":"barrier"},"geometry":{"type":"LineString","coordinates":[[12.12755,57.63447],[12.12992,57.63533],[12.12949,57.63609],[12.13043,57.63667],[12.1344,57.63629],[12.13437,57.63694],[12.13287,57.63726],[12.13521,57.63886],[12.13604,57.64019],[12.13711,57.64096],[12.14017,57.64095],[12.14574,57.63828],[12.14753,57.63678],[12.14732,57.63524],[12.14865,57.6349],[12.15044,57.63291],[12.14945,57.63217],[12.14597,57.63148],[12.14448,57.63197],[12.14285,57.63087],[12.13977,57.63024]]}},{"type":"Feature","properties":{"kind":"barrier"},"geometry":{"type":"LineString","coordinates":[[12.12495,57.63311],[12.12755,57.63447]]}},{"type":"Feature","properties":{"kind":"barrier"},"geometry":{"type":"LineString","coordinates":[[12.12419,57.6321],[12.12495,57.63311]]}},{"type":"Feature","properties":{"kind":"barrier"},"geometry":{"type":"LineString","coordinates":[[12.12489,57.63124],[12.12419,57.6321]]}},{"type":"Feature","properties":{"kind":"barrier"},"geometry":{"type":"LineString","coordinates":[[12.13874,57.62993],[12.13712,57.62956],[12.13358,57.6308],[12.12985,57.63042],[12.12913,57.63129],[12.12965,57.63202],[12.12846,57.63203],[12.1269,57.63098],[12.12489,57.63124]]}},{"type":"Feature","properties":{"kind":"barrier"},"geometry":{"type":"LineString","coordinates":[[12.13878,57.63023],[12.13874,57.62993]]}},{"type":"Feature","properties":{"kind":"barrier"},"geometry":{"type":"LineString","coordinates":[[12.1367,57.64006],[12.1367,57.64006]]}},{"type":"Feature","properties":{"kind":"barrier"},"geometry":{"type":"LineString","coordinates":[[12.1501,57.66948],[12.14955,57.67041],[12.14848,57.66957],[12.14953,57.66903],[12.1501,57.66948]]}},{"type":"Feature","properties":{"kind":"barrier"},"geometry":{"type":"LineString","coordinates":[[12.14431,57.66815],[12.14643,57.66849],[12.14637,57.66969],[12.14351,57.66983],[12.1416,57.67156],[12.14202,57.67255],[12.14553,57.67399],[12.15708,57.67534],[12.16156,57.67698],[12.17214,57.67831],[12.17523,57.67968],[12.18536,57.68035],[12.18595,57.68079],[12.18541,57.68183],[12.18606,57.6825],[12.18795,57.68284],[12.19267,57.68556],[12.19584,57.68485],[12.19998,57.68561],[12.20066,57.68506],[12.2004,57.68434],[12.20173,57.68407],[12.20273,57.68281],[12.20242,57.68209],[12.20108,57.68206],[12.20377,57.68153],[12.20179,57.68133],[12.20511,57.68097],[12.20578,57.67975],[12.20496,57.6793],[12.20268,57.68021],[12.20094,57.67976],[12.20128,57.67908],[12.20001,57.67837],[12.19871,57.67585],[12.19624,57.67585],[12.195,57.67677],[12.19245,57.67725],[12.1892,57.67621],[12.18265,57.67542],[12.18065,57.67533],[12.17899,57.67627],[12.17105,57.6739],[12.16493,57.67313],[12.16021,57.67129],[12.15589,57.67261],[12.15459,57.67174],[12.1555,57.67003],[12.15504,57.66914],[12.15084,57.66697],[12.14321,57.66517]]}},{"type":"Feature","properties":{"kind":"barrier"},"geometry":{"type":"LineString","coordinates":[[12.13867,57.66482],[12.13745,57.66438],[12.13688,57.6629],[12.13328,57.66246]]}},{"type":"Feature","properties":{"kind":"barrier"},"geometry":{"type":"LineString","coordinates":[[12.13328,57.66246],[12.13217,57.66174],[12.13311,57.66255]]}},{"type":"Feature","properties":{"kind":"barrier"},"geometry":{"type":"LineString","coordinates":[[12.13311,57.66255],[12.13322,57.66268]]}},{"type":"Feature","properties":{"kind":"barrier"},"geometry":{"type":"LineString","coordinates":[[12.13322,57.66268],[12.13448,57.66376],[12.1377,57.66489]]}},{"type":"Feature","properties":{"kind":"barrier"},"geometry":{"type":"LineString","coordinates":[[12.1377,57.66489],[12.13853,57.66505]]}},{"type":"Feature","properties":{"kind":"barrier"},"geometry":{"type":"LineString","coordinates":[[12.13853,57.66505],[12.13888,57.66513]]}},{"type":"Feature","properties":{"kind":"barrier"},"geometry":{"type":"LineString","coordinates":[[12.13888,57.66513],[12.14316,57.66648],[12.14431,57.66815]]}},{"type":"Feature","properties":{"kind":"barrier"},"geometry":{"type":"LineString","coordinates":[[12.14321,57.66517],[12.14295,57.66526]]}},{"type":"Feature","properties":{"kind":"barrier"},"geometry":{"type":"LineString","coordinates":[[12.14295,57.66526],[12.1405,57.66441],[12.13867,57.66482]]}},{"type":"Feature","properties":{"kind":"barrier"},"geometry":{"type":"LineString","coordinates":[[11.99168,57.60363],[11.99021,57.60724],[11.99139,57.60848],[11.99253,57.60802],[11.99219,57.60697],[11.99429,57.60662],[11.99332,57.60524],[11.99386,57.60425],[11.99168,57.60363]]}},{"type":"Feature","properties":{"kind":"barrier"},"geometry":{"type":"LineString","coordinates":[[11.99101,57.60589],[11.99101,57.60589]]}},{"type":"Feature","properties":{"kind":"barrier"},"geometry":{"type":"LineString","coordinates":[[11.77231,57.64174],[11.77214,57.64257],[11.77148,57.64252],[11.77196,57.64275],[11.7716,57.64339]]}},{"type":"Feature","properties":{"kind":"barrier"},"geometry":{"type":"LineString","coordinates":[[11.7716,57.64339],[11.77316,57.64345],[11.77262,57.64265],[11.77368,57.64228],[11.77309,57.6424],[11.77247,57.64147]]}},{"type":"Feature","properties":{"kind":"barrier"},"geometry":{"type":"LineString","coordinates":[[11.77247,57.64147],[11.77231,57.64174]]}},{"type":"Feature","properties":{"kind":"barrier"},"geometry":{"type":"LineString","coordinates":[[11.77225,57.64285],[11.77225,57.64285]]}},{"type":"Feature","properties":{"kind":"barrier"},"geometry":{"type":"LineString","coordinates":[[11.77278,57.64174],[11.77278,57.64174]]}},{"type":"Feature","properties":{"kind":"barrier"},"geometry":{"type":"LineString","coordinates":[[12.06837,57.80659],[12.06779,57.80655]]}},{"type":"Feature","properties":{"kind":"barrier"},"geometry":{"type":"LineString","coordinates":[[12.06756,57.80762],[12.06756,57.80762]]}},{"type":"Feature","properties":{"kind":"barrier"},"geometry":{"type":"LineString","coordinates":[[12.06779,57.80655],[12.06545,57.8071]]}},{"type":"Feature","properties":{"kind":"barrier"},"geometry":{"type":"LineString","coordinates":[[12.06545,57.8071],[12.06643,57.80751]]}},{"type":"Feature","properties":{"kind":"barrier"},"geometry":{"type":"LineString","coordinates":[[12.06643,57.80751],[12.06803,57.80785],[12.06837,57.80659]]}},{"type":"Feature","properties":{"kind":"barrier"},"geometry":{"type":"LineString","coordinates":[[12.07588,57.80609],[12.077,57.80554]]}},{"type":"Feature","properties":{"kind":"barrier"},"geometry":{"type":"LineString","coordinates":[[12.0759,57.80565],[12.07588,57.80609]]}},{"type":"Feature","properties":{"kind":"barrier"},"geometry":{"type":"LineString","coordinates":[[12.07553,57.80562],[12.0759,57.80565]]}},{"type":"Feature","properties":{"kind":"barrier"},"geometry":{"type":"LineString","coordinates":[[12.07555,57.80538],[12.07553,57.80562]]}},{"type":"Feature","properties":{"kind":"barrier"},"geometry":{"type":"LineString","coordinates":[[12.07555,57.80538],[12.07492,57.80496]]}},{"type":"Feature","properties":{"kind":"barrier"},"geometry":{"type":"LineString","coordinates":[[12.07492,57.80496],[12.0721,57.80578],[12.07315,57.80691],[12.0731,57.80805],[12.07386,57.80789],[12.07379,57.8089],[12.07725,57.80764],[12.07799,57.80654]]}},{"type":"Feature","properties":{"kind":"barrier"},"geometry":{"type":"LineString","coordinates":[[12.07799,57.80654],[12.07832,57.80629],[12.07758,57.80562]]}},{"type":"Feature","properties":{"kind":"barrier"},"geometry":{"type":"LineString","coordinates":[[12.07758,57.80562],[12.077,57.80554]]}},{"type":"Feature","properties":{"kind":"barrier"},"geometry":{"type":"LineString","coordinates":[[12.07559,57.8057],[12.07559,57.8057]]}},{"type":"Feature","properties":{"kind":"barrier"},"geometry":{"type":"LineString","coordinates":[[12.01592,57.76279],[12.01575,57.76286]]}},{"type":"Feature","properties":{"kind":"barrier"},"geometry":{"type":"LineString","coordinates":[[12.01575,57.76286],[12.0133,57.76227]]}},{"type":"Feature","properties":{"kind":"barrier"},"geometry":{"type":"LineString","coordinates":[[12.0133,57.76227],[12.01333,57.76214]]}},{"type":"Feature","properties":{"kind":"barrier"},"geometry":{"type":"LineString","coordinates":[[12.01333,57.76214],[12.01382,57.76094],[12.01469,57.76092],[12.01509,57.76245],[12.01592,57.76279]]}},{"type":"Feature","properties":{"kind":"barrier"},"geometry":{"type":"LineString","coordinates":[[12.01478,57.76222],[12.01478,57.76222]]}},{"type":"Feature","properties":{"kind":"barrier"},"geometry":{"type":"LineString","coordinates":[[11.79682,57.70591],[11.79682,57.70591]]}},{"type":"Feature","properties":{"kind":"barrier"},"geometry":{"type":"LineString","coordinates":[[11.79697,57.70611],[11.79697,57.70611]]}},{"type":"Feature","properties":{"kind":"barrier"},"geometry":{"type":"LineString","coordinates":[[11.7972,57.70617],[11.7972,57.70617]]}},{"type":"Feature","properties":{"kind":"barrier"},"geometry":{"type":"LineString","coordinates":[[11.79353,57.70669],[11.79353,57.70669]]}},{"type":"Feature","properties":{"kind":"barrier"},"geometry":{"type":"LineString","coordinates":[[11.79349,57.70663],[11.79349,57.70663]]}},{"type":"Feature","properties":{"kind":"barrier"},"geometry":{"type":"LineString","coordinates":[[11.79226,57.70568],[11.79226,57.70568]]}},{"type":"Feature","properties":{"kind":"barrier"},"geometry":{"type":"LineString","coordinates":[[11.79235,57.70591],[11.79235,57.70591]]}},{"type":"Feature","properties":{"kind":"barrier"},"geometry":{"type":"LineString","coordinates":[[11.79232,57.70594],[11.79232,57.70594]]}},{"type":"Feature","properties":{"kind":"barrier"},"geometry":{"type":"LineString","coordinates":[[11.79324,57.70566],[11.79324,57.70566]]}},{"type":"Feature","properties":{"kind":"barrier"},"geometry":{"type":"LineString","coordinates":[[11.79324,57.70633],[11.79324,57.70633]]}},{"type":"Feature","properties":{"kind":"barrier"},"geometry":{"type":"LineString","coordinates":[[11.79387,57.706],[11.79387,57.706]]}},{"type":"Feature","properties":{"kind":"barrier"},"geometry":{"type":"LineString","coordinates":[[11.79449,57.70567],[11.79449,57.70567]]}},{"type":"Feature","properties":{"kind":"barrier"},"geometry":{"type":"LineString","coordinates":[[11.79448,57.70634],[11.79448,57.70634]]}},{"type":"Feature","properties":{"kind":"barrier"},"geometry":{"type":"LineString","coordinates":[[11.79307,57.7029],[11.79307,57.7029]]}},{"type":"Feature","properties":{"kind":"barrier"},"geometry":{"type":"LineString","coordinates":[[11.79064,57.70305],[11.79064,57.70305]]}},{"type":"Feature","properties":{"kind":"barrier"},"geometry":{"type":"LineString","coordinates":[[11.79074,57.70322],[11.79074,57.70322]]}},{"type":"Feature","properties":{"kind":"barrier"},"geometry":{"type":"LineString","coordinates":[[11.79276,57.70749],[11.79298,57.70689],[11.79398,57.70727],[11.79276,57.70749]]}},{"type":"Feature","properties":{"kind":"barrier"},"geometry":{"type":"LineString","coordinates":[[11.79865,57.70982],[11.79953,57.70959],[11.79865,57.70982]]}},{"type":"Feature","properties":{"kind":"barrier"},"geometry":{"type":"LineString","coordinates":[[11.79397,57.71224],[11.78968,57.70828],[11.7908,57.70754],[11.79136,57.7052]]}},{"type":"Feature","properties":{"kind":"barrier"},"geometry":{"type":"LineString","coordinates":[[11.79136,57.7052],[11.79167,57.70416],[11.79257,57.70391]]}},{"type":"Feature","properties":{"kind":"barrier"},"geometry":{"type":"LineString","coordinates":[[11.79257,57.70391],[11.79362,57.70417],[11.79318,57.70356]]}},{"type":"Feature","properties":{"kind":"barrier"},"geometry":{"type":"LineString","coordinates":[[11.79318,57.70356],[11.79238,57.70265],[11.79099,57.70318]]}},{"type":"Feature","properties":{"kind":"barrier"},"geometry":{"type":"LineString","coordinates":[[11.79099,57.70318],[11.79046,57.70347]]}},{"type":"Feature","properties":{"kind":"barrier"},"geometry":{"type":"LineString","coordinates":[[11.79046,57.70347],[11.78959,57.70313]]}},{"type":"Feature","properties":{"kind":"barrier"},"geometry":{"type":"LineString","coordinates":[[11.78959,57.70313],[11.78617,57.70226]]}},{"type":"Feature","properties":{"kind":"barrier"},"geometry":{"type":"LineString","coordinates":[[11.78617,57.70226],[11.78972,57.69985],[11.79198,57.69914],[11.7964,57.69835],[11.79757,57.6994]]}},{"type":"Feature","properties":{"kind":"barrier"},"geometry":{"type":"LineString","coordinates":[[11.79757,57.6994],[11.80196,57.70559]]}},{"type":"Feature","properties":{"kind":"barrier"},"geometry":{"type":"LineString","coordinates":[[11.80196,57.70559],[11.80201,57.70564]]}},{"type":"Feature","properties":{"kind":"barrier"},"geometry":{"type":"LineString","coordinates":[[11.80201,57.70564],[11.80241,57.70597]]}},{"type":"Feature","properties":{"kind":"barrier"},"geometry":{"type":"LineString","coordinates":[[11.80241,57.70597],[11.80368,57.70787],[11.80009,57.70869],[11.80005,57.70985],[11.7972,57.70985],[11.79741,57.71037]]}},{"type":"Feature","properties":{"kind":"barrier"},"geometry":{"type":"LineString","coordinates":[[11.79741,57.71037],[11.79793,57.7106]]}},{"type":"Feature","properties":{"kind":"barrier"},"geometry":{"type":"LineString","coordinates":[[11.79793,57.7106],[11.80053,57.71282],[11.79809,57.71201]]}},{"type":"Feature","properties":{"kind":"barrier"},"geometry":{"type":"LineString","coordinates":[[11.79809,57.71201],[11.79575,57.71255],[11.79397,57.71224]]}},{"type":"Feature","properties":{"kind":"barrier"},"geometry":{"type":"LineString","coordinates":[[11.79731,57.70627],[11.79731,57.70627]]}},{"type":"Feature","properties":{"kind":"barrier"},"geometry":{"type":"LineString","coordinates":[[11.79201,57.70596],[11.79201,57.70596]]}},{"type":"Feature","properties":{"kind":"barrier"},"geometry":{"type":"LineString","coordinates":[[11.79703,57.70587],[11.79703,57.70587]]}},{"type":"Feature","properties":{"kind":"barrier"},"geometry":{"type":"LineString","coordinates":[[11.91848,57.73936],[11.91854,57.73883],[11.91915,57.73949],[11.91848,57.73936]]}},{"type":"Feature","properties":{"kind":"barrier"},"geometry":{"type":"LineString","coordinates":[[11.91863,57.73927],[11.91863,57.73927]]}},{"type":"Feature","properties":{"kind":"barrier"},"geometry":{"type":"LineString","coordinates":[[12.09227,57.627],[12.09366,57.62855]]}},{"type":"Feature","properties":{"kind":"barrier"},"geometry":{"type":"LineString","coordinates":[[12.09366,57.62855],[12.09633,57.62979],[12.09652,57.63105]]}},{"type":"Feature","properties":{"kind":"barrier"},"geometry":{"type":"LineString","coordinates":[[12.09652,57.63105],[12.09835,57.63265],[12.10084,57.63197]]}},{"type":"Feature","properties":{"kind":"barrier"},"geometry":{"type":"LineString","coordinates":[[12.10084,57.63197],[12.10069,57.63139],[12.10182,57.63118],[12.10207,57.63037]]}},{"type":"Feature","properties":{"kind":"barrier"},"geometry":{"type":"LineString","coordinates":[[12.10207,57.63037],[12.1032,57.6279]]}},{"type":"Feature","properties":{"kind":"barrier"},"geometry":{"type":"LineString","coordinates":[[12.1032,57.6279],[12.10344,57.62593]]}},{"type":"Feature","properties":{"kind":"barrier"},"geometry":{"type":"LineString","coordinates":[[12.10344,57.62593],[12.10264,57.62516]]}},{"type":"Feature","properties":{"kind":"barrier"},"geometry":{"type":"LineString","coordinates":[[12.10264,57.62516],[12.10159,57.62445],[12.09752,57.62417],[12.09479,57.62272],[12.09481,57.6217],[12.09273,57.62105],[12.09235,57.62144],[12.09312,57.62158],[12.0916,57.62181],[12.09262,57.62449],[12.09216,57.62652],[12.09254,57.62618],[12.09287,57.62679],[12.09227,57.627]]}},{"type":"Feature","properties":{"kind":"barrier"},"geometry":{"type":"LineString","coordinates":[[12.13505,57.83117],[12.13383,57.83156],[12.1341,57.832],[12.1332,57.83271],[12.13493,57.83486],[12.13447,57.83567],[12.13605,57.8364],[12.13582,57.83581],[12.13716,57.83426],[12.1357,57.83382],[12.13594,57.83214],[12.13505,57.83117]]}},{"type":"Feature","properties":{"kind":"barrier"},"geometry":{"type":"LineString","coordinates":[[12.13473,57.83337],[12.13473,57.83337]]}},{"type":"Feature","properties":{"kind":"barrier"},"geometry":{"type":"LineString","coordinates":[[12.08614,57.83231],[12.08695,57.83278],[12.08731,57.83408],[12.08832,57.83354],[12.08854,57.83444],[12.08943,57.83404],[12.08982,57.8349],[12.09132,57.83485],[12.09071,57.83363],[12.08928,57.83271],[12.09197,57.83299],[12.09348,57.8319],[12.09353,57.83074],[12.09869,57.82947],[12.09807,57.82754],[12.10132,57.82788],[12.10166,57.82732],[12.10104,57.82654],[12.09974,57.82605],[12.1009,57.82574],[12.10167,57.82405],[12.09682,57.82479],[12.0977,57.82603],[12.09711,57.82666],[12.09415,57.82594],[12.09219,57.82655],[12.09195,57.827],[12.0929,57.82746],[12.09423,57.82666],[12.09512,57.82711],[12.09364,57.82971],[12.09203,57.83051],[12.09066,57.8295],[12.08906,57.83136],[12.08416,57.8309],[12.08614,57.83231]]}},{"type":"Feature","properties":{"kind":"barrier"},"geometry":{"type":"LineString","coordinates":[[12.09512,57.82956],[12.09497,57.82822],[12.09662,57.829]]}},{"type":"Feature","properties":{"kind":"barrier"},"geometry":{"type":"LineString","coordinates":[[12.09662,57.829],[12.09718,57.82943],[12.09548,57.82995],[12.09512,57.82956]]}},{"type":"Feature","properties":{"kind":"barrier"},"geometry":{"type":"LineString","coordinates":[[12.08913,57.83297],[12.08913,57.83297]]}},{"type":"Feature","properties":{"kind":"barrier"},"geometry":{"type":"LineString","coordinates":[[12.09178,57.84656],[12.09022,57.84794],[12.08825,57.84786],[12.08701,57.84907],[12.08942,57.84964],[12.08887,57.85147],[12.08962,57.85186],[12.09139,57.85153],[12.09218,57.84848],[12.09394,57.84832],[12.09312,57.84655]]}},{"type":"Feature","properties":{"kind":"barrier"},"geometry":{"type":"LineString","coordinates":[[12.09312,57.84655],[12.09178,57.84656]]}},{"type":"Feature","properties":{"kind":"barrier"},"geometry":{"type":"LineString","coordinates":[[12.08882,57.84831],[12.08882,57.84831]]}},{"type":"Feature","properties":{"kind":"barrier"},"geometry":{"type":"LineString","coordinates":[[12.11995,57.84587],[12.11998,57.84578]]}},{"type":"Feature","properties":{"kind":"barrier"},"geometry":{"type":"LineString","coordinates":[[12.10005,57.84517],[12.1004,57.84542],[12.09961,57.84571],[12.09995,57.84611],[12.09935,57.84693],[12.09982,57.84775],[12.09841,57.84895],[12.09901,57.84912],[12.1005,57.84794],[12.10032,57.84929],[12.1023,57.84961],[12.103,57.85066],[12.10423,57.85053],[12.10404,57.85173],[12.10537,57.85201],[12.10822,57.85106],[12.10765,57.84944],[12.10566,57.84829],[12.10738,57.84819],[12.10697,57.84701],[12.1141,57.84777],[12.11534,57.84685],[12.11989,57.84748],[12.12126,57.84691],[12.11995,57.84587]]}},{"type":"Feature","properties":{"kind":"barrier"},"geometry":{"type":"LineString","coordinates":[[12.10002,57.84512],[12.10005,57.84517]]}},{"type":"Feature","properties":{"kind":"barrier"},"geometry":{"type":"LineString","coordinates":[[12.10213,57.84515],[12.10002,57.84512]]}},{"type":"Feature","properties":{"kind":"barrier"},"geometry":{"type":"LineString","coordinates":[[12.1022,57.84522],[12.10213,57.84515]]}},{"type":"Feature","properties":{"kind":"barrier"},"geometry":{"type":"LineString","coordinates":[[12.10873,57.84349],[12.10405,57.8457],[12.10271,57.84579],[12.1022,57.84522]]}},{"type":"Feature","properties":{"kind":"barrier"},"geometry":{"type":"LineString","coordinates":[[12.10881,57.8434],[12.10873,57.84349]]}},{"type":"Feature","properties":{"kind":"barrier"},"geometry":{"type":"LineString","coordinates":[[12.11028,57.84373],[12.10971,57.84285],[12.10881,57.8434]]}},{"type":"Feature","properties":{"kind":"barrier"},"geometry":{"type":"LineString","coordinates":[[12.11031,57.8438],[12.11028,57.84373]]}},{"type":"Feature","properties":{"kind":"barrier"},"geometry":{"type":"LineString","coordinates":[[12.11504,57.84598],[12.11534,57.84643],[12.11419,57.84611],[12.11277,57.84661],[12.11195,57.84565],[12.11235,57.84473],[12.1114,57.84549],[12.10968,57.84549],[12.11031,57.8438]]}},{"type":"Feature","properties":{"kind":"barrier"},"geometry":{"type":"LineString","coordinates":[[12.11521,57.84594],[12.11504,57.84598]]}},{"type":"Feature","properties":{"kind":"barrier"},"geometry":{"type":"LineString","coordinates":[[12.11845,57.84558],[12.11692,57.84531],[12.11521,57.84594]]}},{"type":"Feature","properties":{"kind":"barrier"},"geometry":{"type":"LineString","coordinates":[[12.11998,57.84578],[12.11845,57.84558]]}},{"type":"Feature","properties":{"kind":"barrier"},"geometry":{"type":"LineString","coordinates":[[12.1029,57.8484],[12.10421,57.84865],[12.1029,57.8484]]}},{"type":"Feature","properties":{"kind":"barrier"},"geometry":{"type":"LineString","coordinates":[[12.10608,57.85028],[12.10608,57.85028]]}},{"type":"Feature","properties":{"kind":"barrier"},"geometry":{"type":"LineString","coordinates":[[12.10274,57.84899],[12.10274,57.84899]]}},{"type":"Feature","properties":{"kind":"barrier"},"geometry":{"type":"LineString","coordinates":[[12.10171,57.84902],[12.10171,57.84902]]}},{"type":"Feature","properties":{"kind":"barrier"},"geometry":{"type":"LineString","coordinates":[[12.10168,57.84759],[12.10168,57.84759]]}},{"type":"Feature","properties":{"kind":"barrier"},"geometry":{"type":"LineString","coordinates":[[12.10114,57.84708],[12.10154,57.84722],[12.10114,57.84708]]}},{"type":"Feature","properties":{"kind":"barrier"},"geometry":{"type":"LineString","coordinates":[[12.11423,57.84754],[12.11373,57.84719],[12.11423,57.84754]]}},{"type":"Feature","properties":{"kind":"barrier"},"geometry":{"type":"LineString","coordinates":[[12.10979,57.84573],[12.10979,57.84573]]}},{"type":"Feature","properties":{"kind":"barrier"},"geometry":{"type":"LineString","coordinates":[[12.1129,57.84684],[12.1129,57.84684]]}},{"type":"Feature","properties":{"kind":"barrier"},"geometry":{"type":"LineString","coordinates":[[12.10592,57.85032],[12.10592,57.85032]]}},{"type":"Feature","properties":{"kind":"barrier"},"geometry":{"type":"LineString","coordinates":[[12.10076,57.8482],[12.10076,57.8482]]}},{"type":"Feature","properties":{"kind":"barrier"},"geometry":{"type":"LineString","coordinates":[[12.10199,57.84912],[12.10199,57.84912]]}},{"type":"Feature","properties":{"kind":"barrier"},"geometry":{"type":"LineString","coordinates":[[12.10194,57.84882],[12.10194,57.84882]]}},{"type":"Feature","properties":{"kind":"barrier"},"geometry":{"type":"LineString","coordinates":[[12.06858,57.81972],[12.06757,57.81999],[12.06814,57.82088],[12.0672,57.82108],[12.06757,57.82144],[12.0671,57.8217],[12.06964,57.82206]]}},{"type":"Feature","properties":{"kind":"barrier"},"geometry":{"type":"LineString","coordinates":[[12.06864,57.81968],[12.06858,57.81972]]}},{"type":"Feature","properties":{"kind":"barrier"},"geometry":{"type":"LineString","coordinates":[[12.06984,57.82212],[12.07186,57.82387],[12.07303,57.8241],[12.07286,57.8231],[12.07039,57.82204],[12.06942,57.82061],[12.07209,57.81904],[12.07321,57.81662],[12.07165,57.81441],[12.07258,57.81235],[12.07136,57.81206],[12.07084,57.8134],[12.06931,57.81333],[12.07094,57.81582],[12.07003,57.81813],[12.07105,57.81847],[12.06864,57.81968]]}},{"type":"Feature","properties":{"kind":"barrier"},"geometry":{"type":"LineString","coordinates":[[12.06964,57.82206],[12.06984,57.82212]]}},{"type":"Feature","properties":{"kind":"barrier"},"geometry":{"type":"LineString","coordinates":[[12.06823,57.82014],[12.06823,57.82014]]}},{"type":"Feature","properties":{"kind":"barrier"},"geometry":{"type":"LineString","coordinates":[[12.0712,57.81834],[12.0712,57.81834]]}},{"type":"Feature","properties":{"kind":"barrier"},"geometry":{"type":"LineString","coordinates":[[12.07133,57.81381],[12.07133,57.81381]]}},{"type":"Feature","properties":{"kind":"barrier"},"geometry":{"type":"LineString","coordinates":[[12.07582,57.82722],[12.07644,57.82823],[12.07583,57.82938],[12.07772,57.8307],[12.07943,57.83071],[12.07974,57.82957],[12.08069,57.82941],[12.08205,57.82968],[12.0826,57.83098],[12.08349,57.83114],[12.08361,57.8301],[12.08099,57.82699],[12.08007,57.82663],[12.07927,57.82721],[12.07929,57.82637],[12.08048,57.82609],[12.07906,57.82557],[12.07681,57.82584],[12.07303,57.82415],[12.07429,57.82543]]}},{"type":"Feature","properties":{"kind":"barrier"},"geometry":{"type":"LineString","coordinates":[[12.07429,57.82543],[12.07508,57.82608]]}},{"type":"Feature","properties":{"kind":"barrier"},"geometry":{"type":"LineString","coordinates":[[12.07508,57.82608],[12.07582,57.82722]]}},{"type":"Feature","properties":{"kind":"barrier"},"geometry":{"type":"LineString","coordinates":[[12.07886,57.82939],[12.07886,57.82939]]}},{"type":"Feature","properties":{"kind":"barrier"},"geometry":{"type":"LineString","coordinates":[[11.77339,57.73869],[11.77504,57.73864],[11.77309,57.73824],[11.77339,57.73869]]}},{"type":"Feature","properties":{"kind":"barrier"},"geometry":{"type":"LineString","coordinates":[[11.77384,57.73855],[11.77341,57.73841],[11.77384,57.73855]]}},{"type":"Feature","properties":{"kind":"barrier"},"geometry":{"type":"LineString","coordinates":[[12.12221,57.65943],[12.12215,57.66037],[12.12314,57.66146],[12.12628,57.66038]]}},{"type":"Feature","properties":{"kind":"barrier"},"geometry":{"type":"LineString","coordinates":[[12.12497,57.66069],[12.12533,57.66043],[12.12497,57.66069]]}},{"type":"Feature","properties":{"kind":"barrier"},"geometry":{"type":"LineString","coordinates":[[12.12628,57.66038],[12.12465,57.65935],[12.12221,57.65943]]}},{"type":"Feature","properties":{"kind":"barrier"},"geometry":{"type":"LineString","coordinates":[[11.99667,57.69395],[11.99629,57.69467],[11.99512,57.69403],[11.99612,57.69406],[11.99528,57.69411],[11.99597,57.69456],[11.99623,57.69415],[11.99631,57.69465],[11.99667,57.69395]]}},{"type":"Feature","properties":{"kind":"barrier"},"geometry":{"type":"LineString","coordinates":[[11.99625,57.69427],[11.99625,57.69427]]}},{"type":"Feature","properties":{"kind":"barrier"},"geometry":{"type":"LineString","coordinates":[[11.97651,57.7196],[11.97702,57.71887],[11.97651,57.7196]]}},{"type":"Feature","properties":{"kind":"barrier"},"geometry":{"type":"LineString","coordinates":[[11.97617,57.71944],[11.97664,57.71889],[11.97617,57.71944]]}},{"type":"Feature","properties":{"kind":"barrier"},"geometry":{"type":"LineString","coordinates":[[11.9583,57.70637],[11.95672,57.70661],[11.95698,57.70589]]}},{"type":"Feature","properties":{"kind":"barrier"},"geometry":{"type":"LineString","coordinates":[[11.95899,57.70695],[11.9583,57.70637]]}},{"type":"Feature","properties":{"kind":"barrier"},"geometry":{"type":"LineString","coordinates":[[11.96178,57.71045],[11.95805,57.70726],[11.95899,57.70695]]}},{"type":"Feature","properties":{"kind":"barrier"},"geometry":{"type":"LineString","coordinates":[[11.96612,57.71295],[11.96515,57.71248],[11.96635,57.71107],[11.96511,57.71082],[11.96382,57.71183],[11.96178,57.71045]]}},{"type":"Feature","properties":{"kind":"barrier"},"geometry":{"type":"LineString","coordinates":[[11.96683,57.7133],[11.96612,57.71295]]}},{"type":"Feature","properties":{"kind":"barrier"},"geometry":{"type":"LineString","coordinates":[[11.97506,57.71665],[11.96683,57.7133]]}},{"type":"Feature","properties":{"kind":"barrier"},"geometry":{"type":"LineString","coordinates":[[11.98521,57.7199],[11.97506,57.71665]]}},{"type":"Feature","properties":{"kind":"barrier"},"geometry":{"type":"LineString","coordinates":[[11.99053,57.72087],[11.98521,57.7199]]}},{"type":"Feature","properties":{"kind":"barrier"},"geometry":{"type":"LineString","coordinates":[[11.98995,57.72131],[11.99053,57.72087]]}},{"type":"Feature","properties":{"kind":"barrier"},"geometry":{"type":"LineString","coordinates":[[11.99488,57.72558],[11.99269,57.72602],[11.99126,57.72386],[11.98858,57.72195],[11.98995,57.72131]]}},{"type":"Feature","properties":{"kind":"barrier"},"geometry":{"type":"LineString","coordinates":[[11.9958,57.72681],[11.99486,57.72646],[11.99488,57.72558]]}},{"type":"Feature","properties":{"kind":"barrier"},"geometry":{"type":"LineString","coordinates":[[11.99355,57.72727],[11.9958,57.72681]]}},{"type":"Feature","properties":{"kind":"barrier"},"geometry":{"type":"LineString","coordinates":[[11.99064,57.72822],[11.99355,57.72727]]}},{"type":"Feature","properties":{"kind":"barrier"},"geometry":{"type":"LineString","coordinates":[[11.98385,57.72309],[11.98536,57.72373],[11.98693,57.72289],[11.99104,57.72711],[11.98961,57.72752],[11.99064,57.72822]]}},{"type":"Feature","properties":{"kind":"barrier"},"geometry":{"type":"LineString","coordinates":[[11.96737,57.71617],[11.96913,57.71699],[11.96775,57.71788],[11.96865,57.71807],[11.96982,57.71734],[11.97279,57.71836],[11.97124,57.71976],[11.97205,57.72003],[11.97362,57.71865],[11.97653,57.71964],[11.97507,57.72104],[11.97579,57.72128],[11.97756,57.71987],[11.98136,57.72122],[11.97988,57.7226],[11.98251,57.72155],[11.98474,57.72238],[11.98385,57.72309]]}},{"type":"Feature","properties":{"kind":"barrier"},"geometry":{"type":"LineString","coordinates":[[11.95229,57.71438],[11.95138,57.71291],[11.95387,57.71217],[11.95384,57.71353],[11.95468,57.7138],[11.95696,57.71714],[11.95879,57.7169],[11.95671,57.71351],[11.95761,57.71308],[11.96261,57.71574],[11.96319,57.71511],[11.95798,57.71191],[11.95721,57.71036],[11.96737,57.71617]]}},{"type":"Feature","properties":{"kind":"barrier"},"geometry":{"type":"LineString","coordinates":[[11.95351,57.71648],[11.95229,57.71438]]}},{"type":"Feature","properties":{"kind":"barrier"},"geometry":{"type":"LineString","coordinates":[[11.95334,57.71677],[11.95351,57.71648]]}},{"type":"Feature","properties":{"kind":"barrier"},"geometry":{"type":"LineString","coordinates":[[11.95302,57.71674],[11.95334,57.71677]]}},{"type":"Feature","properties":{"kind":"barrier"},"geometry":{"type":"LineString","coordinates":[[11.9518,57.7167],[11.95302,57.71674]]}},{"type":"Feature","properties":{"kind":"barrier"},"geometry":{"type":"LineString","coordinates":[[11.94981,57.71348],[11.9518,57.7167]]}},{"type":"Feature","properties":{"kind":"barrier"},"geometry":{"type":"LineString","coordinates":[[11.94879,57.71141],[11.94981,57.71348]]}},{"type":"Feature","properties":{"kind":"barrier"},"geometry":{"type":"LineString","coordinates":[[11.9499,57.71083],[11.94879,57.71141]]}},{"type":"Feature","properties":{"kind":"barrier"},"geometry":{"type":"LineString","coordinates":[[11.94412,57.70549],[11.95085,57.7077],[11.95243,57.7074],[11.95409,57.70943],[11.9499,57.71083]]}},{"type":"Feature","properties":{"kind":"barrier"},"geometry":{"type":"LineString","coordinates":[[11.94324,57.70658],[11.94412,57.70549]]}},{"type":"Feature","properties":{"kind":"barrier"},"geometry":{"type":"LineString","coordinates":[[11.9418,57.70621],[11.9408,57.70747],[11.94185,57.708],[11.94324,57.70658]]}},{"type":"Feature","properties":{"kind":"barrier"},"geometry":{"type":"LineString","coordinates":[[11.94287,57.70489],[11.9418,57.70621]]}},{"type":"Feature","properties":{"kind":"barrier"},"geometry":{"type":"LineString","coordinates":[[11.93112,57.70298],[11.93496,57.70335],[11.9352,57.70286],[11.93823,57.70365],[11.93773,57.70437],[11.93895,57.70465],[11.93854,57.70538],[11.93944,57.70625],[11.9409,57.70444],[11.94287,57.70489]]}},{"type":"Feature","properties":{"kind":"barrier"},"geometry":{"type":"LineString","coordinates":[[11.93073,57.70302],[11.93156,57.70452],[11.93112,57.70298]]}},{"type":"Feature","properties":{"kind":"barrier"},"geometry":{"type":"LineString","coordinates":[[11.92774,57.7044],[11.9277,57.7029],[11.93073,57.70302]]}},{"type":"Feature","properties":{"kind":"barrier"},"geometry":{"type":"LineString","coordinates":[[11.92747,57.70487],[11.92774,57.7044]]}},{"type":"Feature","properties":{"kind":"barrier"},"geometry":{"type":"LineString","coordinates":[[11.92724,57.70499],[11.92747,57.70487]]}},{"type":"Feature","properties":{"kind":"barrier"},"geometry":{"type":"LineString","coordinates":[[11.92793,57.70803],[11.92724,57.70499]]}},{"type":"Feature","properties":{"kind":"barrier"},"geometry":{"type":"LineString","coordinates":[[11.92679,57.70864],[11.92793,57.70803]]}},{"type":"Feature","properties":{"kind":"barrier"},"geometry":{"type":"LineString","coordinates":[[11.92528,57.70455],[11.92568,57.7068],[11.92679,57.70864]]}},{"type":"Feature","properties":{"kind":"barrier"},"geometry":{"type":"LineString","coordinates":[[11.92322,57.70217],[11.92512,57.70274],[11.92528,57.70455]]}},{"type":"Feature","properties":{"kind":"barrier"},"geometry":{"type":"LineString","coordinates":[[11.91632,57.70106],[11.92322,57.70217]]}},{"type":"Feature","properties":{"kind":"barrier"},"geometry":{"type":"LineString","coordinates":[[11.91411,57.69992],[11.91632,57.70106]]}},{"type":"Feature","properties":{"kind":"barrier"},"geometry":{"type":"LineString","coordinates":[[11.91229,57.69856],[11.91411,57.69992]]}},{"type":"Feature","properties":{"kind":"barrier"},"geometry":{"type":"LineString","coordinates":[[11.91067,57.69792],[11.91229,57.69856]]}},{"type":"Feature","properties":{"kind":"barrier"},"geometry":{"type":"LineString","coordinates":[[11.91014,57.69749],[11.91067,57.69792]]}},{"type":"Feature","properties":{"kind":"barrier"},"geometry":{"type":"LineString","coordinates":[[11.90843,57.70016],[11.90932,57.69998],[11.90996,57.6967],[11.91014,57.69749]]}},{"type":"Feature","properties":{"kind":"barrier"},"geometry":{"type":"LineString","coordinates":[[11.90867,57.69755],[11.90843,57.70016]]}},{"type":"Feature","properties":{"kind":"barrier"},"geometry":{"type":"LineString","coordinates":[[11.90801,57.69615],[11.90886,57.69654],[11.90867,57.69755]]}},{"type":"Feature","properties":{"kind":"barrier"},"geometry":{"type":"LineString","coordinates":[[11.90574,57.69517],[11.90801,57.69615]]}},{"type":"Feature","properties":{"kind":"barrier"},"geometry":{"type":"LineString","coordinates":[[11.9055,57.69528],[11.90574,57.69517]]}},{"type":"Feature","properties":{"kind":"barrier"},"geometry":{"type":"LineString","coordinates":[[11.90361,57.69442],[11.9055,57.69528]]}},{"type":"Feature","properties":{"kind":"barrier"},"geometry":{"type":"LineString","coordinates":[[11.90332,57.69419],[11.90361,57.69442]]}},{"type":"Feature","properties":{"kind":"barrier"},"geometry":{"type":"LineString","coordinates":[[11.90243,57.69364],[11.90332,57.69419]]}},{"type":"Feature","properties":{"kind":"barrier"},"geometry":{"type":"LineString","coordinates":[[11.88445,57.6911],[11.8874,57.6896],[11.88892,57.69087],[11.89106,57.69119],[11.89437,57.69056],[11.89794,57.69187],[11.89718,57.69266],[11.89855,57.69208],[11.90243,57.69364]]}},{"type":"Feature","properties":{"kind":"barrier"},"geometry":{"type":"LineString","coordinates":[[11.8832,57.69207],[11.88501,57.69191],[11.88539,57.69155],[11.88445,57.6911]]}},{"type":"Feature","properties":{"kind":"barrier"},"geometry":{"type":"LineString","coordinates":[[11.87322,57.69191],[11.87963,57.69066],[11.8832,57.69207]]}},{"type":"Feature","properties":{"kind":"barrier"},"geometry":{"type":"LineString","coordinates":[[11.87255,57.69211],[11.87096,57.68874],[11.87322,57.69191]]}},{"type":"Feature","properties":{"kind":"barrier"},"geometry":{"type":"LineString","coordinates":[[11.86962,57.69276],[11.87255,57.69211]]}},{"type":"Feature","properties":{"kind":"barrier"},"geometry":{"type":"LineString","coordinates":[[11.86735,57.6909],[11.86792,57.69116],[11.86756,57.69169],[11.86814,57.69279],[11.86962,57.69276]]}},{"type":"Feature","properties":{"kind":"barrier"},"geometry":{"type":"LineString","coordinates":[[11.86638,57.69001],[11.86735,57.6909]]}},{"type":"Feature","properties":{"kind":"barrier"},"geometry":{"type":"LineString","coordinates":[[11.86586,57.68839],[11.86638,57.69001]]}},{"type":"Feature","properties":{"kind":"barrier"},"geometry":{"type":"LineString","coordinates":[[11.84574,57.69424],[11.84689,57.694],[11.84566,57.68848],[11.86586,57.68839]]}},{"type":"Feature","properties":{"kind":"barrier"},"geometry":{"type":"LineString","coordinates":[[11.84339,57.69361],[11.84574,57.69424]]}},{"type":"Feature","properties":{"kind":"barrier"},"geometry":{"type":"LineString","coordinates":[[11.82991,57.68937],[11.83045,57.69054],[11.84214,57.68974],[11.84339,57.69361]]}},{"type":"Feature","properties":{"kind":"barrier"},"geometry":{"type":"LineString","coordinates":[[11.82944,57.68932],[11.82991,57.68937]]}},{"type":"Feature","properties":{"kind":"barrier"},"geometry":{"type":"LineString","coordinates":[[11.82944,57.68932],[11.82618,57.68933],[11.82685,57.68974],[11.82446,57.69002],[11.82329,57.69121]]}},{"type":"Feature","properties":{"kind":"barrier"},"geometry":{"type":"LineString","coordinates":[[11.82312,57.69122],[11.82329,57.69121]]}},{"type":"Feature","properties":{"kind":"barrier"},"geometry":{"type":"LineString","coordinates":[[11.81959,57.69388],[11.82312,57.6937],[11.8238,57.69313],[11.82312,57.69122]]}},{"type":"Feature","properties":{"kind":"barrier"},"geometry":{"type":"LineString","coordinates":[[11.81615,57.69383],[11.81959,57.69388]]}},{"type":"Feature","properties":{"kind":"barrier"},"geometry":{"type":"LineString","coordinates":[[11.81602,57.69483],[11.81615,57.69383]]}},{"type":"Feature","properties":{"kind":"barrier"},"geometry":{"type":"LineString","coordinates":[[11.81407,57.69363],[11.81461,57.69656],[11.81584,57.69572],[11.81602,57.69483]]}},{"type":"Feature","properties":{"kind":"barrier"},"geometry":{"type":"LineString","coordinates":[[11.81482,57.69336],[11.81407,57.69363]]}},{"type":"Feature","properties":{"kind":"barrier"},"geometry":{"type":"LineString","coordinates":[[11.81387,57.69291],[11.81498,57.69276],[11.81482,57.69336]]}},{"type":"Feature","properties":{"kind":"barrier"},"geometry":{"type":"LineString","coordinates":[[11.81085,57.69294],[11.81387,57.69291]]}},{"type":"Feature","properties":{"kind":"barrier"},"geometry":{"type":"LineString","coordinates":[[11.81085,57.69294],[11.81959,57.68471],[11.82022,57.68224],[11.85295,57.67784]]}},{"type":"Feature","properties":{"kind":"barrier"},"geometry":{"type":"LineString","coordinates":[[11.85436,57.67817],[11.8542,57.67744],[11.85295,57.67784]]}},{"type":"Feature","properties":{"kind":"barrier"},"geometry":{"type":"LineString","coordinates":[[11.85787,57.68053],[11.85436,57.67817]]}},{"type":"Feature","properties":{"kind":"barrier"},"geometry":{"type":"LineString","coordinates":[[11.86551,57.67929],[11.85787,57.68053]]}},{"type":"Feature","properties":{"kind":"barrier"},"geometry":{"type":"LineString","coordinates":[[11.87037,57.68015],[11.86795,57.67865],[11.86551,57.67929]]}},{"type":"Feature","properties":{"kind":"barrier"},"geometry":{"type":"LineString","coordinates":[[11.87282,57.68136],[11.87262,57.68264],[11.87212,57.68187],[11.86967,57.6814],[11.87037,57.68015]]}},{"type":"Feature","properties":{"kind":"barrier"},"geometry":{"type":"LineString","coordinates":[[11.87288,57.68132],[11.87282,57.68136]]}},{"type":"Feature","properties":{"kind":"barrier"},"geometry":{"type":"LineString","coordinates":[[11.87591,57.68128],[11.87381,57.68051],[11.87288,57.68132]]}},{"type":"Feature","properties":{"kind":"barrier"},"geometry":{"type":"LineString","coordinates":[[11.87583,57.68158],[11.87591,57.68128]]}},{"type":"Feature","properties":{"kind":"barrier"},"geometry":{"type":"LineString","coordinates":[[11.87594,57.68168],[11.87583,57.68158]]}},{"type":"Feature","properties":{"kind":"barrier"},"geometry":{"type":"LineString","coordinates":[[11.87697,57.68338],[11.87594,57.68168]]}},{"type":"Feature","properties":{"kind":"barrier"},"geometry":{"type":"LineString","coordinates":[[11.87735,57.68355],[11.87697,57.68338]]}},{"type":"Feature","properties":{"kind":"barrier"},"geometry":{"type":"LineString","coordinates":[[11.87853,57.68429],[11.87762,57.6842],[11.87735,57.68355]]}},{"type":"Feature","properties":{"kind":"barrier"},"geometry":{"type":"LineString","coordinates":[[11.87874,57.68439],[11.87853,57.68429]]}},{"type":"Feature","properties":{"kind":"barrier"},"geometry":{"type":"LineString","coordinates":[[11.88169,57.68496],[11.87874,57.68439]]}},{"type":"Feature","properties":{"kind":"barrier"},"geometry":{"type":"LineString","coordinates":[[11.88186,57.68528],[11.88169,57.68496]]}},{"type":"Feature","properties":{"kind":"barrier"},"geometry":{"type":"LineString","coordinates":[[11.88343,57.68602],[11.88227,57.68613],[11.88186,57.68528]]}},{"type":"Feature","properties":{"kind":"barrier"},"geometry":{"type":"LineString","coordinates":[[11.88423,57.68603],[11.88343,57.68602]]}},{"type":"Feature","properties":{"kind":"barrier"},"geometry":{"type":"LineString","coordinates":[[11.89708,57.68703],[11.88931,57.68498],[11.88621,57.68531],[11.88514,57.68629],[11.88423,57.68603]]}},{"type":"Feature","properties":{"kind":"barrier"},"geometry":{"type":"LineString","coordinates":[[11.89762,57.68755],[11.89708,57.68703]]}},{"type":"Feature","properties":{"kind":"barrier"},"geometry":{"type":"LineString","coordinates":[[11.91234,57.69263],[11.90469,57.68989],[11.89991,57.68912],[11.89756,57.68801],[11.89762,57.68755]]}},{"type":"Feature","properties":{"kind":"barrier"},"geometry":{"type":"LineString","coordinates":[[11.91259,57.69497],[11.91373,57.69335],[11.91234,57.69263]]}},{"type":"Feature","properties":{"kind":"barrier"},"geometry":{"type":"LineString","coordinates":[[11.92569,57.69929],[11.92602,57.69897],[11.92521,57.69873],[11.91981,57.69805],[11.91259,57.69497]]}},{"type":"Feature","properties":{"kind":"barrier"},"geometry":{"type":"LineString","coordinates":[[11.92566,57.69936],[11.92569,57.69929]]}},{"type":"Feature","properties":{"kind":"barrier"},"geometry":{"type":"LineString","coordinates":[[11.92544,57.6997],[11.92566,57.69936]]}},{"type":"Feature","properties":{"kind":"barrier"},"geometry":{"type":"LineString","coordinates":[[11.92536,57.69984],[11.92544,57.6997]]}},{"type":"Feature","properties":{"kind":"barrier"},"geometry":{"type":"LineString","coordinates":[[11.93628,57.70055],[11.92536,57.69984]]}},{"type":"Feature","properties":{"kind":"barrier"},"geometry":{"type":"LineString","coordinates":[[11.93629,57.70091],[11.93628,57.70055]]}},{"type":"Feature","properties":{"kind":"barrier"},"geometry":{"type":"LineString","coordinates":[[11.94956,57.70208],[11.93629,57.70091]]}},{"type":"Feature","properties":{"kind":"barrier"},"geometry":{"type":"LineString","coordinates":[[11.95323,57.70309],[11.95166,57.70376],[11.94921,57.70286],[11.94956,57.70208]]}},{"type":"Feature","properties":{"kind":"barrier"},"geometry":{"type":"LineString","coordinates":[[11.95613,57.70511],[11.95323,57.70309]]}},{"type":"Feature","properties":{"kind":"barrier"},"geometry":{"type":"LineString","coordinates":[[11.95671,57.70568],[11.95613,57.70511]]}},{"type":"Feature","properties":{"kind":"barrier"},"geometry":{"type":"LineString","coordinates":[[11.95698,57.70589],[11.95671,57.70568]]}},{"type":"Feature","properties":{"kind":"barrier"},"geometry":{"type":"LineString","coordinates":[[11.81644,57.68844],[11.81644,57.68844]]}},{"type":"Feature","properties":{"kind":"barrier"},"geometry":{"type":"LineString","coordinates":[[11.83683,57.6867],[11.83682,57.68663]]}},{"type":"Feature","properties":{"kind":"barrier"},"geometry":{"type":"LineString","coordinates":[[11.83682,57.68663],[11.83683,57.6867]]}},{"type":"Feature","properties":{"kind":"barrier"},"geometry":{"type":"LineString","coordinates":[[11.83948,57.68602],[11.83752,57.68718],[11.83709,57.68696],[11.83749,57.68602],[11.83691,57.68578],[11.83781,57.68472],[11.83957,57.68518]]}},{"type":"Feature","properties":{"kind":"barrier"},"geometry":{"type":"LineString","coordinates":[[11.83957,57.68518],[11.83981,57.68602],[11.83894,57.68595],[11.83948,57.68602]]}},{"type":"Feature","properties":{"kind":"barrier"},"geometry":{"type":"LineString","coordinates":[[11.83341,57.68672],[11.83493,57.68683],[11.83364,57.6878]]}},{"type":"Feature","properties":{"kind":"barrier"},"geometry":{"type":"LineString","coordinates":[[11.83364,57.6878],[11.82939,57.68866],[11.83004,57.68772],[11.82935,57.68759],[11.82958,57.68711],[11.83341,57.68672]]}},{"type":"Feature","properties":{"kind":"barrier"},"geometry":{"type":"LineString","coordinates":[[11.82056,57.68558],[11.82065,57.6855]]}},{"type":"Feature","properties":{"kind":"barrier"},"geometry":{"type":"LineString","coordinates":[[11.82065,57.6855],[11.82056,57.68558]]}},{"type":"Feature","properties":{"kind":"barrier"},"geometry":{"type":"LineString","coordinates":[[11.96111,57.70997],[11.96167,57.71047],[11.96111,57.70997]]}},{"type":"Feature","properties":{"kind":"barrier"},"geometry":{"type":"LineString","coordinates":[[11.96085,57.70986],[11.96085,57.70986]]}},{"type":"Feature","properties":{"kind":"barrier"},"geometry":{"type":"LineString","coordinates":[[11.96064,57.70968],[11.96064,57.70968]]}},{"type":"Feature","properties":{"kind":"barrier"},"geometry":{"type":"LineString","coordinates":[[11.96046,57.70941],[11.96046,57.70941]]}},{"type":"Feature","properties":{"kind":"barrier"},"geometry":{"type":"LineString","coordinates":[[11.96038,57.70957],[11.9608,57.70989],[11.96038,57.70957]]}},{"type":"Feature","properties":{"kind":"barrier"},"geometry":{"type":"LineString","coordinates":[[11.96067,57.70993],[11.9603,57.70967],[11.96067,57.70993]]}},{"type":"Feature","properties":{"kind":"barrier"},"geometry":{"type":"LineString","coordinates":[[11.9605,57.70993],[11.9605,57.70993]]}},{"type":"Feature","properties":{"kind":"barrier"},"geometry":{"type":"LineString","coordinates":[[11.96009,57.70912],[11.96009,57.70912]]}},{"type":"Feature","properties":{"kind":"barrier"},"geometry":{"type":"LineString","coordinates":[[11.96016,57.70937],[11.95975,57.70904],[11.96016,57.70937]]}},{"type":"Feature","properties":{"kind":"barrier"},"geometry":{"type":"LineString","coordinates":[[11.95994,57.7093],[11.95994,57.7093]]}},{"type":"Feature","properties":{"kind":"barrier"},"geometry":{"type":"LineString","coordinates":[[11.95997,57.70945],[11.95938,57.70898],[11.95997,57.70945]]}},{"type":"Feature","properties":{"kind":"barrier"},"geometry":{"type":"LineString","coordinates":[[11.96029,57.70989],[11.95915,57.709],[11.96029,57.70989]]}},{"type":"Feature","properties":{"kind":"barrier"},"geometry":{"type":"LineString","coordinates":[[11.95971,57.70897],[11.95935,57.70868],[11.95971,57.70897]]}},{"type":"Feature","properties":{"kind":"barrier"},"geometry":{"type":"LineString","coordinates":[[11.95964,57.70871],[11.95904,57.70823],[11.95964,57.70871]]}},{"type":"Feature","properties":{"kind":"barrier"},"geometry":{"type":"LineString","coordinates":[[11.96476,57.71245],[11.96595,57.713],[11.96476,57.71245]]}},{"type":"Feature","properties":{"kind":"barrier"},"geometry":{"type":"LineString","coordinates":[[11.95901,57.70818],[11.95901,57.70818]]}},{"type":"Feature","properties":{"kind":"barrier"},"geometry":{"type":"LineString","coordinates":[[11.82012,57.6864],[11.82012,57.6864]]}},{"type":"Feature","properties":{"kind":"barrier"},"geometry":{"type":"LineString","coordinates":[[11.82891,57.68812],[11.82966,57.68814],[11.82891,57.68812]]}},{"type":"Feature","properties":{"kind":"barrier"},"geometry":{"type":"LineString","coordinates":[[11.82573,57.68952],[11.82573,57.68952]]}},{"type":"Feature","properties":{"kind":"barrier"},"geometry":{"type":"LineString","coordinates":[[11.82601,57.68942],[11.82601,57.68942]]}},{"type":"Feature","properties":{"kind":"barrier"},"geometry":{"type":"LineString","coordinates":[[12.05792,57.82727],[12.05752,57.82753],[12.05825,57.82796],[12.05975,57.8279],[12.06117,57.82967],[12.06077,57.83139],[12.05892,57.83131],[12.06063,57.83229],[12.06001,57.83352],[12.06106,57.83414],[12.0618,57.83398],[12.06189,57.83331],[12.06289,57.83385],[12.06243,57.83274],[12.06314,57.83183],[12.06285,57.83125],[12.06375,57.83096],[12.06322,57.82983],[12.06178,57.82895],[12.06206,57.82638],[12.06045,57.82687],[12.05896,57.82471],[12.05952,57.82649],[12.05806,57.82725]]}},{"type":"Feature","properties":{"kind":"barrier"},"geometry":{"type":"LineString","coordinates":[[12.05806,57.82725],[12.05792,57.82727]]}},{"type":"Feature","properties":{"kind":"barrier"},"geometry":{"type":"LineString","coordinates":[[12.06008,57.82794],[12.06008,57.82794]]}},{"type":"Feature","properties":{"kind":"barrier"},"geometry":{"type":"LineString","coordinates":[[12.06245,57.82992],[12.06245,57.82992]]}},{"type":"Feature","properties":{"kind":"barrier"},"geometry":{"type":"LineString","coordinates":[[12.06065,57.83323],[12.06065,57.83323]]}},{"type":"Feature","properties":{"kind":"barrier"},"geometry":{"type":"LineString","coordinates":[[12.02241,57.81496],[12.02672,57.81505],[12.02707,57.81315],[12.02251,57.81322],[12.02194,57.81406],[12.02241,57.81496]]}},{"type":"Feature","properties":{"kind":"barrier"},"geometry":{"type":"LineString","coordinates":[[12.02489,57.81519],[12.02489,57.81519]]}},{"type":"Feature","properties":{"kind":"barrier"},"geometry":{"type":"LineString","coordinates":[[12.06174,57.62964],[12.05973,57.62969],[12.05597,57.63277],[12.05796,57.63215],[12.06174,57.62964]]}},{"type":"Feature","properties":{"kind":"barrier"},"geometry":{"type":"LineString","coordinates":[[12.06086,57.6299],[12.06036,57.63],[12.06086,57.6299]]}},{"type":"Feature","properties":{"kind":"barrier"},"geometry":{"type":"LineString","coordinates":[[12.05306,57.64986],[12.05417,57.64986]]}},{"type":"Feature","properties":{"kind":"barrier"},"geometry":{"type":"LineString","coordinates":[[12.05358,57.6492],[12.05306,57.64986]]}},{"type":"Feature","properties":{"kind":"barrier"},"geometry":{"type":"LineString","coordinates":[[12.05473,57.64842],[12.05405,57.6483],[12.05358,57.6492]]}},{"type":"Feature","properties":{"kind":"barrier"},"geometry":{"type":"LineString","coordinates":[[12.05852,57.64591],[12.05749,57.64722],[12.05473,57.64842]]}},{"type":"Feature","properties":{"kind":"barrier"},"geometry":{"type":"LineString","coordinates":[[12.05918,57.64545],[12.05852,57.64591]]}},{"type":"Feature","properties":{"kind":"barrier"},"geometry":{"type":"LineString","coordinates":[[12.06052,57.64514],[12.05918,57.64545]]}},{"type":"Feature","properties":{"kind":"barrier"},"geometry":{"type":"LineString","coordinates":[[12.05417,57.64986],[12.05475,57.64925],[12.05774,57.64885],[12.05765,57.64826],[12.06073,57.64689],[12.06083,57.64633],[12.06407,57.64535],[12.06511,57.64402],[12.06434,57.64372],[12.06152,57.64526],[12.06052,57.64514]]}},{"type":"Feature","properties":{"kind":"barrier"},"geometry":{"type":"LineString","coordinates":[[12.06433,57.64407],[12.06433,57.64407]]}},{"type":"Feature","properties":{"kind":"barrier"},"geometry":{"type":"LineString","coordinates":[[12.02655,57.82976],[12.02471,57.83012],[12.02614,57.83026],[12.02655,57.82976]]}},{"type":"Feature","properties":{"kind":"barrier"},"geometry":{"type":"LineString","coordinates":[[12.02506,57.82994],[12.02506,57.82994]]}},{"type":"Feature","properties":{"kind":"barrier"},"geometry":{"type":"LineString","coordinates":[[12.02656,57.82924],[12.02554,57.82903],[12.02539,57.82948],[12.02656,57.82924]]}},{"type":"Feature","properties":{"kind":"barrier"},"geometry":{"type":"LineString","coordinates":[[12.02652,57.82939],[12.02652,57.82939]]}},{"type":"Feature","properties":{"kind":"barrier"},"geometry":{"type":"LineString","coordinates":[[12.02574,57.82919],[12.02574,57.82919]]}},{"type":"Feature","properties":{"kind":"barrier"},"geometry":{"type":"LineString","coordinates":[[11.94703,57.68363],[11.94633,57.68347],[11.94604,57.68224],[11.94518,57.6823],[11.94575,57.68329],[11.9454,57.68385],[11.94707,57.68416],[11.94703,57.68363]]}},{"type":"Feature","properties":{"kind":"barrier"},"geometry":{"type":"LineString","coordinates":[[11.94545,57.68263],[11.94545,57.68263]]}},{"type":"Feature","properties":{"kind":"barrier"},"geometry":{"type":"LineString","coordinates":[[11.94159,57.84748],[11.92951,57.84313],[11.92372,57.84278],[11.92016,57.84324]]}},{"type":"Feature","properties":{"kind":"barrier"},"geometry":{"type":"LineString","coordinates":[[11.92073,57.8442],[11.92016,57.84324]]}},{"type":"Feature","properties":{"kind":"barrier"},"geometry":{"type":"LineString","coordinates":[[11.92073,57.8442],[11.92236,57.84419]]}},{"type":"Feature","properties":{"kind":"barrier"},"geometry":{"type":"LineString","coordinates":[[11.92236,57.84419],[11.92978,57.84455],[11.93868,57.84805]]}},{"type":"Feature","properties":{"kind":"barrier"},"geometry":{"type":"LineString","coordinates":[[11.93868,57.84805],[11.94092,57.84879]]}},{"type":"Feature","properties":{"kind":"barrier"},"geometry":{"type":"LineString","coordinates":[[11.94092,57.84879],[11.94159,57.84748]]}},{"type":"Feature","properties":{"kind":"barrier"},"geometry":{"type":"LineString","coordinates":[[11.92016,57.84324],[11.91585,57.84387],[11.91165,57.84544],[11.90837,57.84526],[11.90684,57.84476],[11.90421,57.84215],[11.90468,57.84146],[11.90407,57.84141],[11.9037,57.83991],[11.90473,57.83999],[11.90454,57.83948]]}},{"type":"Feature","properties":{"kind":"barrier"},"geometry":{"type":"LineString","coordinates":[[11.90454,57.83948],[11.904,57.8392]]}},{"type":"Feature","properties":{"kind":"barrier"},"geometry":{"type":"LineString","coordinates":[[11.904,57.8392],[11.90072,57.8393]]}},{"type":"Feature","properties":{"kind":"barrier"},"geometry":{"type":"LineString","coordinates":[[11.90072,57.8393],[11.90143,57.84286],[11.90423,57.84557]]}},{"type":"Feature","properties":{"kind":"barrier"},"geometry":{"type":"LineString","coordinates":[[11.90423,57.84557],[11.90831,57.8467],[11.91137,57.84663],[11.91911,57.84456]]}},{"type":"Feature","properties":{"kind":"barrier"},"geometry":{"type":"LineString","coordinates":[[11.91911,57.84456],[11.92036,57.84436]]}},{"type":"Feature","properties":{"kind":"barrier"},"geometry":{"type":"LineString","coordinates":[[11.92036,57.84436],[11.92073,57.8442]]}},{"type":"Feature","properties":{"kind":"barrier"},"geometry":{"type":"LineString","coordinates":[[11.92073,57.8442],[11.92016,57.84324]]}},{"type":"Feature","properties":{"kind":"barrier"},"geometry":{"type":"LineString","coordinates":[[11.89527,57.82819],[11.89527,57.82819]]}},{"type":"Feature","properties":{"kind":"barrier"},"geometry":{"type":"LineString","coordinates":[[11.8704,57.81387],[11.87335,57.81287]]}},{"type":"Feature","properties":{"kind":"barrier"},"geometry":{"type":"LineString","coordinates":[[11.8704,57.81387],[11.87214,57.81522]]}},{"type":"Feature","properties":{"kind":"barrier"},"geometry":{"type":"LineString","coordinates":[[11.87214,57.81522],[11.87471,57.81728]]}},{"type":"Feature","properties":{"kind":"barrier"},"geometry":{"type":"LineString","coordinates":[[11.87471,57.81728],[11.87817,57.81973]]}},{"type":"Feature","properties":{"kind":"barrier"},"geometry":{"type":"LineString","coordinates":[[11.87817,57.81973],[11.88327,57.82252]]}},{"type":"Feature","properties":{"kind":"barrier"},"geometry":{"type":"LineString","coordinates":[[11.88327,57.82252],[11.89162,57.82848]]}},{"type":"Feature","properties":{"kind":"barrier"},"geometry":{"type":"LineString","coordinates":[[11.89162,57.82848],[11.89831,57.83204],[11.89959,57.8333],[11.89905,57.83387],[11.90078,57.83646]]}},{"type":"Feature","properties":{"kind":"barrier"},"geometry":{"type":"LineString","coordinates":[[11.90078,57.83646],[11.9008,57.83658]]}},{"type":"Feature","properties":{"kind":"barrier"},"geometry":{"type":"LineString","coordinates":[[11.9008,57.83658],[11.89982,57.83671],[11.90086,57.83678],[11.90011,57.83766],[11.90078,57.83772],[11.90005,57.838],[11.90058,57.83821]]}},{"type":"Feature","properties":{"kind":"barrier"},"geometry":{"type":"LineString","coordinates":[[11.90058,57.83821],[11.90072,57.8393]]}},{"type":"Feature","properties":{"kind":"barrier"},"geometry":{"type":"LineString","coordinates":[[11.904,57.8392],[11.90072,57.8393]]}},{"type":"Feature","properties":{"kind":"barrier"},"geometry":{"type":"LineString","coordinates":[[11.904,57.8392],[11.90389,57.83662],[11.90597,57.83661],[11.90382,57.83651],[11.90352,57.83449],[11.90135,57.83112],[11.89696,57.82928],[11.89547,57.82829],[11.89613,57.82798],[11.89565,57.82758],[11.89502,57.82801],[11.89414,57.8275],[11.89449,57.8271],[11.89231,57.82677],[11.88676,57.82203],[11.88013,57.81811],[11.87748,57.81593],[11.87792,57.81579],[11.87663,57.81445],[11.87335,57.81287]]}},{"type":"Feature","properties":{"kind":"barrier"},"geometry":{"type":"LineString","coordinates":[[11.83187,57.79526],[11.83444,57.79258]]}},{"type":"Feature","properties":{"kind":"barrier"},"geometry":{"type":"LineString","coordinates":[[11.87227,57.81082],[11.87054,57.81076],[11.86593,57.80843],[11.86643,57.80816],[11.86627,57.80674],[11.86683,57.80658],[11.86512,57.80554],[11.86428,57.80516],[11.86178,57.80571],[11.85664,57.80289],[11.85547,57.80059],[11.85829,57.79994],[11.85209,57.79826],[11.85396,57.79809],[11.85426,57.79768],[11.85356,57.79766],[11.85419,57.79728],[11.84663,57.7951],[11.84464,57.79419],[11.84583,57.79363],[11.84391,57.79417],[11.83909,57.79289],[11.8396,57.79224],[11.83896,57.79288],[11.83444,57.79258]]}},{"type":"Feature","properties":{"kind":"barrier"},"geometry":{"type":"LineString","coordinates":[[11.87335,57.81287],[11.87142,57.81137],[11.87664,57.8101],[11.87227,57.81082]]}},{"type":"Feature","properties":{"kind":"barrier"},"geometry":{"type":"LineString","coordinates":[[11.8704,57.81387],[11.87335,57.81287]]}},{"type":"Feature","properties":{"kind":"barrier"},"geometry":{"type":"LineString","coordinates":[[11.86358,57.80959],[11.8704,57.81387]]}},{"type":"Feature","properties":{"kind":"barrier"},"geometry":{"type":"LineString","coordinates":[[11.86247,57.8089],[11.86358,57.80959]]}},{"type":"Feature","properties":{"kind":"barrier"},"geometry":{"type":"LineString","coordinates":[[11.85881,57.80671],[11.86247,57.8089]]}},{"type":"Feature","properties":{"kind":"barrier"},"geometry":{"type":"LineString","coordinates":[[11.85664,57.80536],[11.85881,57.80671]]}},{"type":"Feature","properties":{"kind":"barrier"},"geometry":{"type":"LineString","coordinates":[[11.85658,57.80533],[11.85664,57.80536]]}},{"type":"Feature","properties":{"kind":"barrier"},"geometry":{"type":"LineString","coordinates":[[11.85386,57.80393],[11.85658,57.80533]]}},{"type":"Feature","properties":{"kind":"barrier"},"geometry":{"type":"LineString","coordinates":[[11.84779,57.79949],[11.85386,57.80393]]}},{"type":"Feature","properties":{"kind":"barrier"},"geometry":{"type":"LineString","coordinates":[[11.83851,57.79678],[11.84475,57.79799],[11.84779,57.79949]]}},{"type":"Feature","properties":{"kind":"barrier"},"geometry":{"type":"LineString","coordinates":[[11.83445,57.79587],[11.8356,57.79551],[11.83851,57.79678]]}},{"type":"Feature","properties":{"kind":"barrier"},"geometry":{"type":"LineString","coordinates":[[11.8329,57.79562],[11.83445,57.79587]]}},{"type":"Feature","properties":{"kind":"barrier"},"geometry":{"type":"LineString","coordinates":[[11.83211,57.79537],[11.8329,57.79562]]}},{"type":"Feature","properties":{"kind":"barrier"},"geometry":{"type":"LineString","coordinates":[[11.83187,57.79526],[11.83211,57.79537]]}},{"type":"Feature","properties":{"kind":"barrier"},"geometry":{"type":"LineString","coordinates":[[11.97095,57.60842],[11.9715,57.60826]]}},{"type":"Feature","properties":{"kind":"barrier"},"geometry":{"type":"LineString","coordinates":[[11.97095,57.60842],[11.9715,57.60826]]}},{"type":"Feature","properties":{"kind":"barrier"},"geometry":{"type":"LineString","coordinates":[[11.97337,57.60465],[11.97337,57.60465]]}},{"type":"Feature","properties":{"kind":"barrier"},"geometry":{"type":"LineString","coordinates":[[11.9735,57.60448],[11.9735,57.60448]]}},{"type":"Feature","properties":{"kind":"barrier"},"geometry":{"type":"LineString","coordinates":[[11.9711,57.60808],[11.97286,57.60758],[11.97376,57.60584],[11.9746,57.60562],[11.97434,57.60328],[11.97527,57.60224],[11.97135,57.60238],[11.96937,57.60355],[11.97027,57.60518],[11.96866,57.60661],[11.9711,57.60808]]}},{"type":"Feature","properties":{"kind":"barrier"},"geometry":{"type":"LineString","coordinates":[[11.97458,57.62651],[11.97512,57.62565],[11.97468,57.62514]]}},{"type":"Feature","properties":{"kind":"barrier"},"geometry":{"type":"LineString","coordinates":[[11.97479,57.62466],[11.97639,57.62392],[11.97665,57.62299],[11.97358,57.62123],[11.97104,57.62107],[11.96921,57.62168],[11.96786,57.62367],[11.96852,57.62569],[11.96972,57.62632],[11.96942,57.6276],[11.9717,57.62714],[11.9729,57.62793],[11.97458,57.62651]]}},{"type":"Feature","properties":{"kind":"barrier"},"geometry":{"type":"LineString","coordinates":[[11.97468,57.62514],[11.97479,57.62466]]}},{"type":"Feature","properties":{"kind":"barrier"},"geometry":{"type":"LineString","coordinates":[[11.97038,57.62196],[11.97038,57.62196]]}},{"type":"Feature","properties":{"kind":"barrier"},"geometry":{"type":"LineString","coordinates":[[11.97008,57.62244],[11.97008,57.62244]]}},{"type":"Feature","properties":{"kind":"barrier"},"geometry":{"type":"LineString","coordinates":[[11.97004,57.62243],[11.97004,57.62243]]}},{"type":"Feature","properties":{"kind":"barrier"},"geometry":{"type":"LineString","coordinates":[[11.96998,57.62247],[11.96998,57.62247]]}},{"type":"Feature","properties":{"kind":"barrier"},"geometry":{"type":"LineString","coordinates":[[11.88569,57.72448],[11.88467,57.7244]]}},{"type":"Feature","properties":{"kind":"barrier"},"geometry":{"type":"LineString","coordinates":[[11.88589,57.72902],[11.88541,57.72765],[11.88569,57.72448]]}},{"type":"Feature","properties":{"kind":"barrier"},"geometry":{"type":"LineString","coordinates":[[11.8844,57.72909],[11.88589,57.72902]]}},{"type":"Feature","properties":{"kind":"barrier"},"geometry":{"type":"LineString","coordinates":[[11.88467,57.7244],[11.88326,57.72544],[11.88402,57.72784],[11.88301,57.72798],[11.8844,57.72909]]}},{"type":"Feature","properties":{"kind":"barrier"},"geometry":{"type":"LineString","coordinates":[[11.88466,57.72573],[11.88466,57.72573]]}},{"type":"Feature","properties":{"kind":"barrier"},"geometry":{"type":"LineString","coordinates":[[11.88434,57.72768],[11.88434,57.72768]]}},{"type":"Feature","properties":{"kind":"barrier"},"geometry":{"type":"LineString","coordinates":[[11.8847,57.72464],[11.8847,57.72464]]}},{"type":"Feature","properties":{"kind":"barrier"},"geometry":{"type":"LineString","coordinates":[[11.88475,57.7249],[11.88475,57.7249]]}},{"type":"Feature","properties":{"kind":"barrier"},"geometry":{"type":"LineString","coordinates":[[12.10772,57.69137],[12.10749,57.69153]]}},{"type":"Feature","properties":{"kind":"barrier"},"geometry":{"type":"LineString","coordinates":[[12.10749,57.69153],[12.10738,57.69215],[12.1068,57.69216],[12.10684,57.69152],[12.10772,57.69137]]}},{"type":"Feature","properties":{"kind":"barrier"},"geometry":{"type":"LineString","coordinates":[[12.06541,57.76901],[12.06634,57.77007],[12.06529,57.7697],[12.06541,57.76901]]}},{"type":"Feature","properties":{"kind":"barrier"},"geometry":{"type":"LineString","coordinates":[[12.06562,57.7698],[12.06562,57.7698]]}},{"type":"Feature","properties":{"kind":"barrier"},"geometry":{"type":"LineString","coordinates":[[12.13872,57.74214],[12.13878,57.74197]]}},{"type":"Feature","properties":{"kind":"barrier"},"geometry":{"type":"LineString","coordinates":[[12.13872,57.74214],[12.14181,57.74224],[12.14502,57.74365],[12.1493,57.74425],[12.14936,57.74643],[12.15071,57.74691],[12.15184,57.74612],[12.15489,57.74635],[12.15538,57.74565],[12.15749,57.74658],[12.16175,57.74504],[12.16191,57.74646],[12.16426,57.74616],[12.16442,57.74739],[12.16922,57.74813],[12.1716,57.7494]]}},{"type":"Feature","properties":{"kind":"barrier"},"geometry":{"type":"LineString","coordinates":[[12.1716,57.7494],[12.17221,57.74857],[12.17386,57.7496]]}},{"type":"Feature","properties":{"kind":"barrier"},"geometry":{"type":"LineString","coordinates":[[12.17386,57.7496],[12.17404,57.74957]]}},{"type":"Feature","properties":{"kind":"barrier"},"geometry":{"type":"LineString","coordinates":[[12.17404,57.74957],[12.1741,57.74947]]}},{"type":"Feature","properties":{"kind":"barrier"},"geometry":{"type":"LineString","coordinates":[[12.1741,57.74947],[12.17426,57.74944]]}},{"type":"Feature","properties":{"kind":"barrier"},"geometry":{"type":"LineString","coordinates":[[12.17426,57.74944],[12.17437,57.74937]]}},{"type":"Feature","properties":{"kind":"barrier"},"geometry":{"type":"LineString","coordinates":[[12.17437,57.74937],[12.17738,57.75026]]}},{"type":"Feature","properties":{"kind":"barrier"},"geometry":{"type":"LineString","coordinates":[[12.17738,57.75026],[12.17803,57.75036]]}},{"type":"Feature","properties":{"kind":"barrier"},"geometry":{"type":"LineString","coordinates":[[12.17803,57.75036],[12.17782,57.75028]]}},{"type":"Feature","properties":{"kind":"barrier"},"geometry":{"type":"LineString","coordinates":[[12.17782,57.75028],[12.17459,57.74914],[12.17422,57.74749],[12.17471,57.74737],[12.17977,57.75048]]}},{"type":"Feature","properties":{"kind":"barrier"},"geometry":{"type":"LineString","coordinates":[[12.17977,57.75048],[12.18548,57.75056],[12.18078,57.75092]]}},{"type":"Feature","properties":{"kind":"barrier"},"geometry":{"type":"LineString","coordinates":[[12.18078,57.75092],[12.1807,57.75091]]}},{"type":"Feature","properties":{"kind":"barrier"},"geometry":{"type":"LineString","coordinates":[[12.1807,57.75091],[12.18544,57.75086]]}},{"type":"Feature","properties":{"kind":"barrier"},"geometry":{"type":"LineString","coordinates":[[12.18544,57.75086],[12.18567,57.75046]]}},{"type":"Feature","properties":{"kind":"barrier"},"geometry":{"type":"LineString","coordinates":[[12.18567,57.75046],[12.18235,57.75032]]}},{"type":"Feature","properties":{"kind":"barrier"},"geometry":{"type":"LineString","coordinates":[[12.18235,57.75032],[12.17985,57.75038]]}},{"type":"Feature","properties":{"kind":"barrier"},"geometry":{"type":"LineString","coordinates":[[12.17985,57.75038],[12.17535,57.74727],[12.17398,57.74735],[12.17425,57.74903],[12.17338,57.74919],[12.17253,57.74822],[12.17083,57.74902],[12.16955,57.74792],[12.16479,57.74715],[12.16484,57.7461],[12.16228,57.74612],[12.16237,57.7451],[12.16177,57.74474],[12.15858,57.74604],[12.15668,57.7461],[12.15544,57.74541],[12.15431,57.74626],[12.15148,57.74579],[12.15099,57.74663],[12.15018,57.74658],[12.14956,57.74584],[12.15017,57.74456],[12.14951,57.74401],[12.14538,57.74354],[12.14205,57.74206],[12.13964,57.74206]]}},{"type":"Feature","properties":{"kind":"barrier"},"geometry":{"type":"LineString","coordinates":[[12.13964,57.74206],[12.13878,57.74197]]}},{"type":"Feature","properties":{"kind":"barrier"},"geometry":{"type":"LineString","coordinates":[[11.98995,57.72131],[11.99053,57.72087]]}},{"type":"Feature","properties":{"kind":"barrier"},"geometry":{"type":"LineString","coordinates":[[11.98995,57.72131],[11.99486,57.72113]]}},{"type":"Feature","properties":{"kind":"barrier"},"geometry":{"type":"LineString","coordinates":[[11.99486,57.72113],[11.99643,57.72142],[12.00205,57.72654],[12.0055,57.72721]]}},{"type":"Feature","properties":{"kind":"barrier"},"geometry":{"type":"LineString","coordinates":[[12.0055,57.72721],[12.00697,57.72745]]}},{"type":"Feature","properties":{"kind":"barrier"},"geometry":{"type":"LineString","coordinates":[[12.00697,57.72745],[12.0126,57.72757]]}},{"type":"Feature","properties":{"kind":"barrier"},"geometry":{"type":"LineString","coordinates":[[12.0126,57.72757],[12.02074,57.72887]]}},{"type":"Feature","properties":{"kind":"barrier"},"geometry":{"type":"LineString","coordinates":[[12.02074,57.72887],[12.02733,57.73018],[12.03083,57.73158],[12.0385,57.73201]]}},{"type":"Feature","properties":{"kind":"barrier"},"geometry":{"type":"LineString","coordinates":[[12.0385,57.73201],[12.03997,57.7321]]}},{"type":"Feature","properties":{"kind":"barrier"},"geometry":{"type":"LineString","coordinates":[[12.03997,57.7321],[12.05033,57.73364]]}},{"type":"Feature","properties":{"kind":"barrier"},"geometry":{"type":"LineString","coordinates":[[12.05033,57.73364],[12.05287,57.73387]]}},{"type":"Feature","properties":{"kind":"barrier"},"geometry":{"type":"LineString","coordinates":[[12.05287,57.73387],[12.06778,57.73506]]}},{"type":"Feature","properties":{"kind":"barrier"},"geometry":{"type":"LineString","coordinates":[[12.06778,57.73506],[12.06947,57.73507]]}},{"type":"Feature","properties":{"kind":"barrier"},"geometry":{"type":"LineString","coordinates":[[12.06947,57.73507],[12.07118,57.73501]]}},{"type":"Feature","properties":{"kind":"barrier"},"geometry":{"type":"LineString","coordinates":[[12.07118,57.73501],[12.0713,57.73498]]}},{"type":"Feature","properties":{"kind":"barrier"},"geometry":{"type":"LineString","coordinates":[[12.0713,57.73498],[12.07278,57.73506]]}},{"type":"Feature","properties":{"kind":"barrier"},"geometry":{"type":"LineString","coordinates":[[12.07278,57.73506],[12.07327,57.73506]]}},{"type":"Feature","properties":{"kind":"barrier"},"geometry":{"type":"LineString","coordinates":[[12.07327,57.73506],[12.07479,57.73513]]}},{"type":"Feature","properties":{"kind":"barrier"},"geometry":{"type":"LineString","coordinates":[[12.07479,57.73513],[12.07542,57.73512]]}},{"type":"Feature","properties":{"kind":"barrier"},"geometry":{"type":"LineString","coordinates":[[12.07542,57.73512],[12.07622,57.73504]]}},{"type":"Feature","properties":{"kind":"barrier"},"geometry":{"type":"LineString","coordinates":[[12.07622,57.73504],[12.07736,57.73477]]}},{"type":"Feature","properties":{"kind":"barrier"},"geometry":{"type":"LineString","coordinates":[[12.07736,57.73477],[12.07745,57.73475]]}},{"type":"Feature","properties":{"kind":"barrier"},"geometry":{"type":"LineString","coordinates":[[12.07745,57.73475],[12.07769,57.73471]]}},{"type":"Feature","properties":{"kind":"barrier"},"geometry":{"type":"LineString","coordinates":[[12.07769,57.73471],[12.09078,57.73604],[12.09336,57.73742],[12.09557,57.73744],[12.11047,57.7422],[12.1208,57.74254],[12.1272,57.74162],[12.13065,57.7424],[12.13514,57.74133],[12.13872,57.74214]]}},{"type":"Feature","properties":{"kind":"barrier"},"geometry":{"type":"LineString","coordinates":[[12.13872,57.74214],[12.13878,57.74197]]}},{"type":"Feature","properties":{"kind":"barrier"},"geometry":{"type":"LineString","coordinates":[[12.13878,57.74197],[12.1354,57.74116],[12.13052,57.74223],[12.12663,57.74148]]}},{"type":"Feature","properties":{"kind":"barrier"},"geometry":{"type":"LineString","coordinates":[[12.12663,57.74148],[12.12079,57.74233],[12.1104,57.74195],[12.09616,57.73738],[12.09352,57.73726],[12.09069,57.7358],[12.08765,57.73588],[12.07858,57.7345],[12.07526,57.73494]]}},{"type":"Feature","properties":{"kind":"barrier"},"geometry":{"type":"LineString","coordinates":[[12.07526,57.73494],[12.07438,57.73486]]}},{"type":"Feature","properties":{"kind":"barrier"},"geometry":{"type":"LineString","coordinates":[[12.07438,57.73486],[12.06717,57.73486],[12.03318,57.7316]]}},{"type":"Feature","properties":{"kind":"barrier"},"geometry":{"type":"LineString","coordinates":[[12.03318,57.7316],[12.03237,57.73155]]}},{"type":"Feature","properties":{"kind":"barrier"},"geometry":{"type":"LineString","coordinates":[[12.03237,57.73155],[12.01632,57.72752],[12.00826,57.72726]]}},{"type":"Feature","properties":{"kind":"barrier"},"geometry":{"type":"LineString","coordinates":[[12.00826,57.72726],[12.00434,57.72668]]}},{"type":"Feature","properties":{"kind":"barrier"},"geometry":{"type":"LineString","coordinates":[[12.00434,57.72668],[12.00232,57.72613],[11.99579,57.72071],[11.99609,57.72002],[11.99544,57.71895],[11.9953,57.72053],[11.99053,57.72087]]}},{"type":"Feature","properties":{"kind":"barrier"},"geometry":{"type":"LineString","coordinates":[[11.96183,57.62017],[11.96133,57.61946],[11.95958,57.61965],[11.95885,57.62012],[11.95911,57.62093],[11.96229,57.62025]]}},{"type":"Feature","properties":{"kind":"barrier"},"geometry":{"type":"LineString","coordinates":[[11.96229,57.62025],[11.96183,57.62017]]}},{"type":"Feature","properties":{"kind":"barrier"},"geometry":{"type":"LineString","coordinates":[[11.96586,57.61942],[11.96472,57.61949]]}},{"type":"Feature","properties":{"kind":"barrier"},"geometry":{"type":"LineString","coordinates":[[11.96472,57.61949],[11.96541,57.61972]]}},{"type":"Feature","properties":{"kind":"barrier"},"geometry":{"type":"LineString","coordinates":[[11.96541,57.61972],[11.96609,57.61967]]}},{"type":"Feature","properties":{"kind":"barrier"},"geometry":{"type":"LineString","coordinates":[[11.96609,57.61967],[11.96586,57.61942]]}},{"type":"Feature","properties":{"kind":"barrier"},"geometry":{"type":"LineString","coordinates":[[12.14977,57.7209],[12.14956,57.71996]]}},{"type":"Feature","properties":{"kind":"barrier"},"geometry":{"type":"LineString","coordinates":[[12.14956,57.71996],[12.15115,57.71648],[12.15508,57.71262],[12.1546,57.71223],[12.15249,57.71283]]}},{"type":"Feature","properties":{"kind":"barrier"},"geometry":{"type":"LineString","coordinates":[[12.15249,57.71283],[12.15117,57.71315],[12.15066,57.71253],[12.1543,57.71177],[12.15582,57.71054],[12.1559,57.70913],[12.15812,57.70928],[12.16103,57.70484]]}},{"type":"Feature","properties":{"kind":"barrier"},"geometry":{"type":"LineString","coordinates":[[12.16103,57.70484],[12.16156,57.7044],[12.15914,57.70279],[12.15861,57.7021],[12.15909,57.70194]]}},{"type":"Feature","properties":{"kind":"barrier"},"geometry":{"type":"LineString","coordinates":[[12.15909,57.70194],[12.16116,57.70359]]}},{"type":"Feature","properties":{"kind":"barrier"},"geometry":{"type":"LineString","coordinates":[[12.16116,57.70359],[12.16181,57.70382]]}},{"type":"Feature","properties":{"kind":"barrier"},"geometry":{"type":"LineString","coordinates":[[12.16181,57.70382],[12.16905,57.71013],[12.16771,57.71],[12.16391,57.7075],[12.16012,57.70784],[12.15903,57.70934],[12.15667,57.71013],[12.15727,57.71127],[12.15656,57.71133],[12.15728,57.71202],[12.15704,57.71253],[12.15187,57.71761],[12.15207,57.71854],[12.15074,57.72029],[12.15125,57.72085],[12.14977,57.7209]]}},{"type":"Feature","properties":{"kind":"barrier"},"geometry":{"type":"LineString","coordinates":[[12.15498,57.71164],[12.15534,57.7112],[12.15634,57.71149],[12.15498,57.71164]]}},{"type":"Feature","properties":{"kind":"barrier"},"geometry":{"type":"LineString","coordinates":[[12.14388,57.71593],[12.14548,57.71515],[12.1461,57.7157],[12.1458,57.71606]]}},{"type":"Feature","properties":{"kind":"barrier"},"geometry":{"type":"LineString","coordinates":[[12.14388,57.71593],[12.1458,57.71606]]}},{"type":"Feature","properties":{"kind":"barrier"},"geometry":{"type":"LineString","coordinates":[[12.13918,57.61429],[12.13945,57.61446]]}},{"type":"Feature","properties":{"kind":"barrier"},"geometry":{"type":"LineString","coordinates":[[12.13945,57.61446],[12.13999,57.6144]]}},{"type":"Feature","properties":{"kind":"barrier"},"geometry":{"type":"LineString","coordinates":[[12.13999,57.6144],[12.14,57.61434]]}},{"type":"Feature","properties":{"kind":"barrier"},"geometry":{"type":"LineString","coordinates":[[12.14,57.61434],[12.13985,57.61299]]}},{"type":"Feature","properties":{"kind":"barrier"},"geometry":{"type":"LineString","coordinates":[[12.13985,57.61299],[12.13882,57.61324]]}},{"type":"Feature","properties":{"kind":"barrier"},"geometry":{"type":"LineString","coordinates":[[12.13882,57.61324],[12.13918,57.61429]]}},{"type":"Feature","properties":{"kind":"barrier"},"geometry":{"type":"LineString","coordinates":[[12.08225,57.60777],[12.08142,57.60903]]}},{"type":"Feature","properties":{"kind":"barrier"},"geometry":{"type":"LineString","coordinates":[[12.09109,57.60669],[12.08894,57.60634],[12.08858,57.60552],[12.08724,57.60528],[12.08526,57.60739],[12.08225,57.60777]]}},{"type":"Feature","properties":{"kind":"barrier"},"geometry":{"type":"LineString","coordinates":[[12.09218,57.61052],[12.09239,57.60869],[12.09109,57.60669]]}},{"type":"Feature","properties":{"kind":"barrier"},"geometry":{"type":"LineString","coordinates":[[12.09172,57.61096],[12.09218,57.61052]]}},{"type":"Feature","properties":{"kind":"barrier"},"geometry":{"type":"LineString","coordinates":[[12.08983,57.61188],[12.09172,57.61096]]}},{"type":"Feature","properties":{"kind":"barrier"},"geometry":{"type":"LineString","coordinates":[[12.08765,57.61294],[12.08983,57.61188]]}},{"type":"Feature","properties":{"kind":"barrier"},"geometry":{"type":"LineString","coordinates":[[12.08679,57.6121],[12.08765,57.61294]]}},{"type":"Feature","properties":{"kind":"barrier"},"geometry":{"type":"LineString","coordinates":[[12.08142,57.60903],[12.08229,57.61019],[12.08705,57.61128],[12.08679,57.6121]]}},{"type":"Feature","properties":{"kind":"barrier"},"geometry":{"type":"LineString","coordinates":[[11.95012,57.79218],[11.95048,57.79176]]}},{"type":"Feature","properties":{"kind":"barrier"},"geometry":{"type":"LineString","coordinates":[[11.95012,57.79218],[11.95048,57.79176]]}},{"type":"Feature","properties":{"kind":"barrier"},"geometry":{"type":"LineString","coordinates":[[11.92492,57.83091],[11.9251,57.83088]]}},{"type":"Feature","properties":{"kind":"barrier"},"geometry":{"type":"LineString","coordinates":[[11.9251,57.83088],[11.92518,57.83062]]}},{"type":"Feature","properties":{"kind":"barrier"},"geometry":{"type":"LineString","coordinates":[[11.92518,57.83062],[11.92502,57.83053]]}},{"type":"Feature","properties":{"kind":"barrier"},"geometry":{"type":"LineString","coordinates":[[11.92502,57.83053],[11.92452,57.83078],[11.92492,57.83091]]}},{"type":"Feature","properties":{"kind":"barrier"},"geometry":{"type":"LineString","coordinates":[[11.90315,57.75812],[11.9041,57.75827]]}},{"type":"Feature","properties":{"kind":"barrier"},"geometry":{"type":"LineString","coordinates":[[11.9041,57.75827],[11.90315,57.75812]]}},{"type":"Feature","properties":{"kind":"barrier"},"geometry":{"type":"LineString","coordinates":[[11.79813,57.73192],[11.79859,57.73206]]}},{"type":"Feature","properties":{"kind":"barrier"},"geometry":{"type":"LineString","coordinates":[[11.79813,57.73192],[11.79859,57.73206]]}},{"type":"Feature","properties":{"kind":"barrier"},"geometry":{"type":"LineString","coordinates":[[11.85514,57.67155],[11.85507,57.67192]]}},{"type":"Feature","properties":{"kind":"barrier"},"geometry":{"type":"LineString","coordinates":[[11.85507,57.67192],[11.85514,57.67155]]}},{"type":"Feature","properties":{"kind":"barrier"},"geometry":{"type":"LineString","coordinates":[[11.88058,57.67978],[11.88071,57.67871],[11.88023,57.67865],[11.88027,57.67942]]}},{"type":"Feature","properties":{"kind":"barrier"},"geometry":{"type":"LineString","coordinates":[[11.88027,57.67942],[11.88058,57.67978]]}},{"type":"Feature","properties":{"kind":"barrier"},"geometry":{"type":"LineString","coordinates":[[12.12467,57.6904],[12.12157,57.68973],[12.12112,57.6883],[12.11919,57.68771],[12.11912,57.68668],[12.11632,57.68691],[12.11503,57.68557],[12.11342,57.68532],[12.11383,57.68664],[12.11247,57.6863],[12.11241,57.68686]]}},{"type":"Feature","properties":{"kind":"barrier"},"geometry":{"type":"LineString","coordinates":[[12.11834,57.68927],[12.12289,57.69134],[12.12467,57.6904]]}},{"type":"Feature","properties":{"kind":"barrier"},"geometry":{"type":"LineString","coordinates":[[12.117,57.68907],[12.11834,57.68927]]}},{"type":"Feature","properties":{"kind":"barrier"},"geometry":{"type":"LineString","coordinates":[[12.11241,57.68686],[12.11367,57.68806],[12.117,57.68907]]}},{"type":"Feature","properties":{"kind":"barrier"},"geometry":{"type":"LineString","coordinates":[[12.05013,57.66257],[12.04991,57.66277]]}},{"type":"Feature","properties":{"kind":"barrier"},"geometry":{"type":"LineString","coordinates":[[12.04991,57.66277],[12.05175,57.66315],[12.05321,57.66243]]}},{"type":"Feature","properties":{"kind":"barrier"},"geometry":{"type":"LineString","coordinates":[[12.05321,57.66243],[12.05604,57.66277]]}},{"type":"Feature","properties":{"kind":"barrier"},"geometry":{"type":"LineString","coordinates":[[12.05604,57.66277],[12.05536,57.66351],[12.05645,57.66414],[12.056,57.66482],[12.05639,57.66549],[12.05947,57.66667],[12.06322,57.66639],[12.06446,57.66852],[12.06639,57.66954]]}},{"type":"Feature","properties":{"kind":"barrier"},"geometry":{"type":"LineString","coordinates":[[12.06639,57.66954],[12.06814,57.66938],[12.067,57.67015]]}},{"type":"Feature","properties":{"kind":"barrier"},"geometry":{"type":"LineString","coordinates":[[12.067,57.67015],[12.06657,57.67079],[12.07229,57.67121],[12.07324,57.67192],[12.07587,57.67133],[12.07608,57.67005],[12.07897,57.67018],[12.07986,57.66953],[12.08282,57.67078],[12.08454,57.67032],[12.08487,57.66983],[12.0844,57.66956],[12.09011,57.66671]]}},{"type":"Feature","properties":{"kind":"barrier"},"geometry":{"type":"LineString","coordinates":[[12.09011,57.66671],[12.09076,57.66588],[12.08998,57.66464],[12.08315,57.66456]]}},{"type":"Feature","properties":{"kind":"barrier"},"geometry":{"type":"LineString","coordinates":[[12.08315,57.66456],[12.07893,57.66459],[12.07503,57.66348],[12.076,57.66193],[12.0771,57.66141],[12.08506,57.65976]]}},{"type":"Feature","properties":{"kind":"barrier"},"geometry":{"type":"LineString","coordinates":[[12.08506,57.65976],[12.08602,57.65956]]}},{"type":"Feature","properties":{"kind":"barrier"},"geometry":{"type":"LineString","coordinates":[[12.08602,57.65956],[12.08668,57.65949]]}},{"type":"Feature","properties":{"kind":"barrier"},"geometry":{"type":"LineString","coordinates":[[12.08668,57.65949],[12.08723,57.65942]]}},{"type":"Feature","properties":{"kind":"barrier"},"geometry":{"type":"LineString","coordinates":[[12.08723,57.65942],[12.08778,57.65939]]}},{"type":"Feature","properties":{"kind":"barrier"},"geometry":{"type":"LineString","coordinates":[[12.08778,57.65939],[12.08914,57.65937]]}},{"type":"Feature","properties":{"kind":"barrier"},"geometry":{"type":"LineString","coordinates":[[12.08914,57.65937],[12.09646,57.65838],[12.10018,57.65858],[12.10613,57.65701],[12.10605,57.65612],[12.10729,57.65546],[12.10658,57.65526],[12.09982,57.65515],[12.0972,57.65428],[12.09595,57.6547],[12.09574,57.65648],[12.09444,57.65701],[12.08663,57.65819],[12.07783,57.65782]]}},{"type":"Feature","properties":{"kind":"barrier"},"geometry":{"type":"LineString","coordinates":[[12.07783,57.65782],[12.07509,57.65887]]}},{"type":"Feature","properties":{"kind":"barrier"},"geometry":{"type":"LineString","coordinates":[[12.07509,57.65887],[12.07331,57.65927],[12.07433,57.66069],[12.07401,57.66107]]}},{"type":"Feature","properties":{"kind":"barrier"},"geometry":{"type":"LineString","coordinates":[[12.07401,57.66107],[12.06602,57.66306],[12.05732,57.66308]]}},{"type":"Feature","properties":{"kind":"barrier"},"geometry":{"type":"LineString","coordinates":[[12.05732,57.66308],[12.0569,57.66313]]}},{"type":"Feature","properties":{"kind":"barrier"},"geometry":{"type":"LineString","coordinates":[[12.0569,57.66313],[12.0563,57.66302],[12.05665,57.66229]]}},{"type":"Feature","properties":{"kind":"barrier"},"geometry":{"type":"LineString","coordinates":[[12.05665,57.66229],[12.0564,57.66147]]}},{"type":"Feature","properties":{"kind":"barrier"},"geometry":{"type":"LineString","coordinates":[[12.0564,57.66147],[12.05013,57.66257]]}},{"type":"Feature","properties":{"kind":"barrier"},"geometry":{"type":"LineString","coordinates":[[12.04303,57.65604],[12.04374,57.65657],[12.04196,57.66113]]}},{"type":"Feature","properties":{"kind":"barrier"},"geometry":{"type":"LineString","coordinates":[[12.04281,57.65576],[12.04225,57.65585],[12.04303,57.65604]]}},{"type":"Feature","properties":{"kind":"barrier"},"geometry":{"type":"LineString","coordinates":[[12.04299,57.6558],[12.04281,57.65576]]}},{"type":"Feature","properties":{"kind":"barrier"},"geometry":{"type":"LineString","coordinates":[[12.04338,57.65592],[12.04299,57.6558]]}},{"type":"Feature","properties":{"kind":"barrier"},"geometry":{"type":"LineString","coordinates":[[12.04592,57.65514],[12.04338,57.65592]]}},{"type":"Feature","properties":{"kind":"barrier"},"geometry":{"type":"LineString","coordinates":[[12.05166,57.65482],[12.04592,57.65514]]}},{"type":"Feature","properties":{"kind":"barrier"},"geometry":{"type":"LineString","coordinates":[[12.05004,57.6593],[12.04812,57.65903],[12.04815,57.65832],[12.05141,57.65766],[12.05385,57.65637],[12.05166,57.65482]]}},{"type":"Feature","properties":{"kind":"barrier"},"geometry":{"type":"LineString","coordinates":[[12.05035,57.65938],[12.05004,57.6593]]}},{"type":"Feature","properties":{"kind":"barrier"},"geometry":{"type":"LineString","coordinates":[[12.05035,57.65938],[12.05076,57.65984],[12.04914,57.66147],[12.05013,57.66257]]}},{"type":"Feature","properties":{"kind":"barrier"},"geometry":{"type":"LineString","coordinates":[[12.05013,57.66257],[12.04991,57.66277]]}},{"type":"Feature","properties":{"kind":"barrier"},"geometry":{"type":"LineString","coordinates":[[12.04931,57.6631],[12.04991,57.66277]]}},{"type":"Feature","properties":{"kind":"barrier"},"geometry":{"type":"LineString","coordinates":[[12.04849,57.6634],[12.04931,57.6631]]}},{"type":"Feature","properties":{"kind":"barrier"},"geometry":{"type":"LineString","coordinates":[[12.04208,57.66287],[12.04339,57.66365],[12.04849,57.6634]]}},{"type":"Feature","properties":{"kind":"barrier"},"geometry":{"type":"LineString","coordinates":[[12.04197,57.66152],[12.04208,57.66287]]}},{"type":"Feature","properties":{"kind":"barrier"},"geometry":{"type":"LineString","coordinates":[[12.04196,57.66113],[12.04197,57.66152]]}},{"type":"Feature","properties":{"kind":"barrier"},"geometry":{"type":"LineString","coordinates":[[12.06129,57.62565],[12.06066,57.62652],[12.06177,57.62617]]}},{"type":"Feature","properties":{"kind":"barrier"},"geometry":{"type":"LineString","coordinates":[[12.06177,57.62617],[12.06269,57.62506],[12.06129,57.62565]]}},{"type":"Feature","properties":{"kind":"barrier"},"geometry":{"type":"LineString","coordinates":[[12.05358,57.63919],[12.05436,57.6391]]}},{"type":"Feature","properties":{"kind":"barrier"},"geometry":{"type":"LineString","coordinates":[[12.05355,57.63916],[12.05358,57.63919]]}},{"type":"Feature","properties":{"kind":"barrier"},"geometry":{"type":"LineString","coordinates":[[12.05236,57.63847],[12.0515,57.63996],[12.05355,57.63916]]}},{"type":"Feature","properties":{"kind":"barrier"},"geometry":{"type":"LineString","coordinates":[[12.05436,57.6391],[12.05597,57.63801],[12.05471,57.63817],[12.05482,57.63755],[12.05236,57.63847]]}},{"type":"Feature","properties":{"kind":"barrier"},"geometry":{"type":"LineString","coordinates":[[11.9629,57.62615],[11.962,57.62624]]}},{"type":"Feature","properties":{"kind":"barrier"},"geometry":{"type":"LineString","coordinates":[[11.9629,57.62615],[11.96126,57.62744],[11.95986,57.62715],[11.962,57.62624]]}},{"type":"Feature","properties":{"kind":"barrier"},"geometry":{"type":"LineString","coordinates":[[11.91119,57.74816],[11.91146,57.74864]]}},{"type":"Feature","properties":{"kind":"barrier"},"geometry":{"type":"LineString","coordinates":[[11.91146,57.74864],[11.91075,57.74874],[11.91119,57.74816]]}},{"type":"Feature","properties":{"kind":"barrier"},"geometry":{"type":"LineString","coordinates":[[12.13035,57.69155],[12.1324,57.69141],[12.13278,57.69103],[12.13208,57.69094]]}},{"type":"Feature","properties":{"kind":"barrier"},"geometry":{"type":"LineString","coordinates":[[12.12988,57.69145],[12.13035,57.69155]]}},{"type":"Feature","properties":{"kind":"barrier"},"geometry":{"type":"LineString","coordinates":[[12.13087,57.6907],[12.12968,57.691],[12.12988,57.69145]]}},{"type":"Feature","properties":{"kind":"barrier"},"geometry":{"type":"LineString","coordinates":[[12.13208,57.69094],[12.13087,57.6907]]}},{"type":"Feature","properties":{"kind":"barrier"},"geometry":{"type":"LineString","coordinates":[[12.06446,57.74962],[12.06423,57.74957]]}},{"type":"Feature","properties":{"kind":"barrier"},"geometry":{"type":"LineString","coordinates":[[12.06404,57.74906],[12.06423,57.74957]]}},{"type":"Feature","properties":{"kind":"barrier"},"geometry":{"type":"LineString","coordinates":[[12.06323,57.74891],[12.06404,57.74906]]}},{"type":"Feature","properties":{"kind":"barrier"},"geometry":{"type":"LineString","coordinates":[[12.06172,57.74816],[12.06193,57.74903],[12.06323,57.74891]]}},{"type":"Feature","properties":{"kind":"barrier"},"geometry":{"type":"LineString","coordinates":[[12.06203,57.74806],[12.06172,57.74816]]}},{"type":"Feature","properties":{"kind":"barrier"},"geometry":{"type":"LineString","coordinates":[[12.06619,57.74827],[12.06203,57.74806]]}},{"type":"Feature","properties":{"kind":"barrier"},"geometry":{"type":"LineString","coordinates":[[12.06495,57.74942],[12.06619,57.74827]]}},{"type":"Feature","properties":{"kind":"barrier"},"geometry":{"type":"LineString","coordinates":[[12.06446,57.74962],[12.06495,57.74942]]}},{"type":"Feature","properties":{"kind":"barrier"},"geometry":{"type":"LineString","coordinates":[[12.09111,57.77141],[12.08614,57.77508],[12.08675,57.77462],[12.08616,57.77413],[12.08824,57.77248],[12.08765,57.77228],[12.08839,57.77168],[12.08793,57.7712]]}},{"type":"Feature","properties":{"kind":"barrier"},"geometry":{"type":"LineString","coordinates":[[12.09111,57.77141],[12.09147,57.77103]]}},{"type":"Feature","properties":{"kind":"barrier"},"geometry":{"type":"LineString","coordinates":[[12.08884,57.77083],[12.08928,57.77025],[12.09105,57.77006],[12.09165,57.76906],[12.09371,57.76853],[12.09217,57.7704],[12.09291,57.77075],[12.09147,57.77103]]}},{"type":"Feature","properties":{"kind":"barrier"},"geometry":{"type":"LineString","coordinates":[[12.08793,57.7712],[12.08884,57.77083]]}},{"type":"Feature","properties":{"kind":"barrier"},"geometry":{"type":"LineString","coordinates":[[12.11803,57.77329],[12.11631,57.77393],[12.11609,57.77316]]}},{"type":"Feature","properties":{"kind":"barrier"},"geometry":{"type":"LineString","coordinates":[[12.11609,57.77316],[12.11625,57.77279]]}},{"type":"Feature","properties":{"kind":"barrier"},"geometry":{"type":"LineString","coordinates":[[12.11625,57.77279],[12.11803,57.77139],[12.1192,57.77192],[12.11822,57.77296]]}},{"type":"Feature","properties":{"kind":"barrier"},"geometry":{"type":"LineString","coordinates":[[12.11822,57.77296],[12.11803,57.77329]]}},{"type":"Feature","properties":{"kind":"barrier"},"geometry":{"type":"LineString","coordinates":[[12.09764,57.77185],[12.09714,57.77216],[12.09743,57.77291],[12.09869,57.77376],[12.09394,57.77456],[12.09356,57.77434],[12.09432,57.77359],[12.09437,57.77175]]}},{"type":"Feature","properties":{"kind":"barrier"},"geometry":{"type":"LineString","coordinates":[[12.09764,57.77185],[12.09618,57.77206],[12.09491,57.7717],[12.0955,57.77128]]}},{"type":"Feature","properties":{"kind":"barrier"},"geometry":{"type":"LineString","coordinates":[[12.09507,57.77125],[12.0955,57.77128]]}},{"type":"Feature","properties":{"kind":"barrier"},"geometry":{"type":"LineString","coordinates":[[12.09507,57.77125],[12.09437,57.77175]]}},{"type":"Feature","properties":{"kind":"barrier"},"geometry":{"type":"LineString","coordinates":[[12.05419,57.70969],[12.05345,57.70843]]}},{"type":"Feature","properties":{"kind":"barrier"},"geometry":{"type":"LineString","coordinates":[[12.05345,57.70843],[12.05356,57.70797]]}},{"type":"Feature","properties":{"kind":"barrier"},"geometry":{"type":"LineString","coordinates":[[12.05356,57.70797],[12.0516,57.70633],[12.04804,57.7055],[12.04686,57.70558],[12.04658,57.70646],[12.0449,57.70691]]}},{"type":"Feature","properties":{"kind":"barrier"},"geometry":{"type":"LineString","coordinates":[[12.0449,57.70691],[12.04446,57.70724]]}},{"type":"Feature","properties":{"kind":"barrier"},"geometry":{"type":"LineString","coordinates":[[12.04446,57.70724],[12.0489,57.7091],[12.05358,57.70999]]}},{"type":"Feature","properties":{"kind":"barrier"},"geometry":{"type":"LineString","coordinates":[[12.05358,57.70999],[12.05419,57.70969]]}},{"type":"Feature","properties":{"kind":"barrier"},"geometry":{"type":"LineString","coordinates":[[12.06222,57.70833],[12.06129,57.7089]]}},{"type":"Feature","properties":{"kind":"barrier"},"geometry":{"type":"LineString","coordinates":[[12.06129,57.7089],[12.06222,57.70833]]}},{"type":"Feature","properties":{"kind":"barrier"},"geometry":{"type":"LineString","coordinates":[[12.06247,57.70862],[12.06369,57.70939]]}},{"type":"Feature","properties":{"kind":"barrier"},"geometry":{"type":"LineString","coordinates":[[12.06369,57.70939],[12.06368,57.70949]]}},{"type":"Feature","properties":{"kind":"barrier"},"geometry":{"type":"LineString","coordinates":[[12.06368,57.70949],[12.06392,57.71045]]}},{"type":"Feature","properties":{"kind":"barrier"},"geometry":{"type":"LineString","coordinates":[[12.06392,57.71045],[12.06299,57.71009],[12.06184,57.71127],[12.06235,57.7106],[12.06148,57.70901],[12.06247,57.70862]]}},{"type":"Feature","properties":{"kind":"barrier"},"geometry":{"type":"LineString","coordinates":[[11.95951,57.67282],[11.95935,57.67288]]}},{"type":"Feature","properties":{"kind":"barrier"},"geometry":{"type":"LineString","coordinates":[[11.95935,57.67288],[11.95971,57.67354],[11.95951,57.67282]]}},{"type":"Feature","properties":{"kind":"barrier"},"geometry":{"type":"LineString","coordinates":[[11.96468,57.6687],[11.96497,57.66846]]}},{"type":"Feature","properties":{"kind":"barrier"},"geometry":{"type":"LineString","coordinates":[[11.96497,57.66846],[11.96468,57.6687]]}},{"type":"Feature","properties":{"kind":"barrier"},"geometry":{"type":"LineString","coordinates":[[11.95181,57.66237],[11.9522,57.66232]]}},{"type":"Feature","properties":{"kind":"barrier"},"geometry":{"type":"LineString","coordinates":[[11.95181,57.66237],[11.9522,57.66232]]}},{"type":"Feature","properties":{"kind":"barrier"},"geometry":{"type":"LineString","coordinates":[[12.04248,57.6488],[12.04204,57.64888]]}},{"type":"Feature","properties":{"kind":"barrier"},"geometry":{"type":"LineString","coordinates":[[12.04204,57.64888],[12.04248,57.6488]]}},{"type":"Feature","properties":{"kind":"barrier"},"geometry":{"type":"LineString","coordinates":[[11.96128,57.70065],[11.96499,57.70123],[11.96635,57.70252],[11.9691,57.70239],[11.96977,57.70354],[11.97273,57.70408],[11.97295,57.70581],[11.97473,57.70662],[11.97408,57.70735]]}},{"type":"Feature","properties":{"kind":"barrier"},"geometry":{"type":"LineString","coordinates":[[11.95555,57.70181],[11.95663,57.701],[11.96014,57.70033],[11.96128,57.70065]]}},{"type":"Feature","properties":{"kind":"barrier"},"geometry":{"type":"LineString","coordinates":[[11.95323,57.70309],[11.95555,57.70181]]}},{"type":"Feature","properties":{"kind":"barrier"},"geometry":{"type":"LineString","coordinates":[[11.95524,57.7016],[11.95323,57.70309]]}},{"type":"Feature","properties":{"kind":"barrier"},"geometry":{"type":"LineString","coordinates":[[11.95644,57.70075],[11.95524,57.7016]]}},{"type":"Feature","properties":{"kind":"barrier"},"geometry":{"type":"LineString","coordinates":[[11.95647,57.70074],[11.95644,57.70075]]}},{"type":"Feature","properties":{"kind":"barrier"},"geometry":{"type":"LineString","coordinates":[[11.95712,57.70061],[11.95647,57.70074]]}},{"type":"Feature","properties":{"kind":"barrier"},"geometry":{"type":"LineString","coordinates":[[11.97458,57.70736],[11.97513,57.70658],[11.97312,57.70556],[11.97317,57.70398],[11.97034,57.70342],[11.9694,57.70215],[11.96674,57.70233],[11.96525,57.70104],[11.96039,57.70026],[11.95712,57.70061]]}},{"type":"Feature","properties":{"kind":"barrier"},"geometry":{"type":"LineString","coordinates":[[11.97408,57.70735],[11.97458,57.70736]]}},{"type":"Feature","properties":{"kind":"barrier"},"geometry":{"type":"LineString","coordinates":[[11.97408,57.70735],[11.97458,57.70736]]}},{"type":"Feature","properties":{"kind":"barrier"},"geometry":{"type":"LineString","coordinates":[[11.97408,57.70735],[11.96263,57.70572],[11.9583,57.70637]]}},{"type":"Feature","properties":{"kind":"barrier"},"geometry":{"type":"LineString","coordinates":[[11.9583,57.70637],[11.96255,57.70602],[11.9715,57.70745],[11.97458,57.70736]]}},{"type":"Feature","properties":{"kind":"barrier"},"geometry":{"type":"LineString","coordinates":[[12.01903,57.65158],[12.01902,57.65194]]}},{"type":"Feature","properties":{"kind":"barrier"},"geometry":{"type":"LineString","coordinates":[[12.01902,57.65194],[12.019,57.65214]]}},{"type":"Feature","properties":{"kind":"barrier"},"geometry":{"type":"LineString","coordinates":[[12.02032,57.65066],[12.01923,57.65111]]}},{"type":"Feature","properties":{"kind":"barrier"},"geometry":{"type":"LineString","coordinates":[[12.01923,57.65111],[12.01903,57.65158]]}},{"type":"Feature","properties":{"kind":"barrier"},"geometry":{"type":"LineString","coordinates":[[12.019,57.65214],[12.01909,57.65081],[12.01857,57.65039],[12.01927,57.64921]]}},{"type":"Feature","properties":{"kind":"barrier"},"geometry":{"type":"LineString","coordinates":[[12.01927,57.64921],[12.01889,57.64888],[12.01924,57.64844],[12.01938,57.64918],[12.01871,57.65036],[12.02032,57.65066]]}},{"type":"Feature","properties":{"kind":"barrier"},"geometry":{"type":"LineString","coordinates":[[12.01209,57.66714],[12.0124,57.66524]]}},{"type":"Feature","properties":{"kind":"barrier"},"geometry":{"type":"LineString","coordinates":[[12.01163,57.67154],[12.01209,57.66714]]}},{"type":"Feature","properties":{"kind":"barrier"},"geometry":{"type":"LineString","coordinates":[[12.00912,57.67473],[12.01135,57.67261],[12.01163,57.67154]]}},{"type":"Feature","properties":{"kind":"barrier"},"geometry":{"type":"LineString","coordinates":[[12.01198,57.67102],[12.01148,57.67276],[12.00912,57.67473]]}},{"type":"Feature","properties":{"kind":"barrier"},"geometry":{"type":"LineString","coordinates":[[12.01204,57.66991],[12.01198,57.67102]]}},{"type":"Feature","properties":{"kind":"barrier"},"geometry":{"type":"LineString","coordinates":[[12.01241,57.66599],[12.01204,57.66991]]}},{"type":"Feature","properties":{"kind":"barrier"},"geometry":{"type":"LineString","coordinates":[[12.0124,57.66524],[12.01588,57.65825],[12.01689,57.65742],[12.01241,57.66599]]}},{"type":"Feature","properties":{"kind":"barrier"},"geometry":{"type":"LineString","coordinates":[[12.10533,57.77943],[12.10547,57.7795]]}},{"type":"Feature","properties":{"kind":"barrier"},"geometry":{"type":"LineString","coordinates":[[12.10547,57.7795],[12.10812,57.77937],[12.10893,57.78032],[12.10876,57.7781],[12.10964,57.77733],[12.10708,57.77793],[12.10533,57.77943]]}},{"type":"Feature","properties":{"kind":"barrier"},"geometry":{"type":"LineString","coordinates":[[12.1079,57.72859],[12.11021,57.72996],[12.11086,57.72912],[12.11022,57.728]]}},{"type":"Feature","properties":{"kind":"barrier"},"geometry":{"type":"LineString","coordinates":[[12.11022,57.728],[12.1079,57.72859]]}},{"type":"Feature","properties":{"kind":"barrier"},"geometry":{"type":"LineString","coordinates":[[11.97023,57.67203],[11.97034,57.67205]]}},{"type":"Feature","properties":{"kind":"barrier"},"geometry":{"type":"LineString","coordinates":[[11.97034,57.67205],[11.97023,57.67203]]}},{"type":"Feature","properties":{"kind":"barrier"},"geometry":{"type":"LineString","coordinates":[[12.09182,57.75732],[12.09552,57.75666],[12.0937,57.75644],[12.09205,57.75533],[12.09104,57.75664]]}},{"type":"Feature","properties":{"kind":"barrier"},"geometry":{"type":"LineString","coordinates":[[12.09104,57.75664],[12.09182,57.75732]]}},{"type":"Feature","properties":{"kind":"barrier"},"geometry":{"type":"LineString","coordinates":[[12.13621,57.84882],[12.1403,57.8466],[12.14146,57.84536],[12.14058,57.84513],[12.14271,57.84431],[12.14232,57.84401],[12.13685,57.8439],[12.13437,57.84454],[12.13444,57.84523],[12.13644,57.84632],[12.13518,57.84853]]}},{"type":"Feature","properties":{"kind":"barrier"},"geometry":{"type":"LineString","coordinates":[[12.13612,57.84886],[12.13621,57.84882]]}},{"type":"Feature","properties":{"kind":"barrier"},"geometry":{"type":"LineString","coordinates":[[12.13514,57.84862],[12.13478,57.84906],[12.13533,57.84927],[12.13612,57.84886]]}},{"type":"Feature","properties":{"kind":"barrier"},"geometry":{"type":"LineString","coordinates":[[12.13518,57.84853],[12.13514,57.84862]]}},{"type":"Feature","properties":{"kind":"barrier"},"geometry":{"type":"LineString","coordinates":[[11.91005,57.7709],[11.90757,57.77108],[11.9064,57.77034],[11.90601,57.7709]]}},{"type":"Feature","properties":{"kind":"barrier"},"geometry":{"type":"LineString","coordinates":[[11.90601,57.7709],[11.90489,57.77127],[11.90754,57.77153],[11.90754,57.77217],[11.90822,57.77233],[11.90938,57.772],[11.91005,57.7709]]}},{"type":"Feature","properties":{"kind":"barrier"},"geometry":{"type":"LineString","coordinates":[[11.99366,57.69544],[11.99376,57.69548]]}},{"type":"Feature","properties":{"kind":"barrier"},"geometry":{"type":"LineString","coordinates":[[11.99366,57.69544],[11.99376,57.69548]]}},{"type":"Feature","properties":{"kind":"barrier"},"geometry":{"type":"LineString","coordinates":[[12.09548,57.84454],[12.09697,57.84379],[12.09857,57.84391],[12.09528,57.84257],[12.09535,57.84178],[12.09206,57.84037],[12.09176,57.83952],[12.08941,57.83928],[12.08913,57.83967],[12.09161,57.8409],[12.09099,57.84124],[12.09164,57.842],[12.09086,57.84246],[12.09273,57.84285],[12.09443,57.84411],[12.09443,57.84475]]}},{"type":"Feature","properties":{"kind":"barrier"},"geometry":{"type":"LineString","coordinates":[[12.09443,57.84475],[12.09548,57.84454]]}},{"type":"Feature","properties":{"kind":"barrier"},"geometry":{"type":"LineString","coordinates":[[12.08931,57.64597],[12.08666,57.64589],[12.08581,57.64659],[12.08598,57.64754],[12.08749,57.64793]]}},{"type":"Feature","properties":{"kind":"barrier"},"geometry":{"type":"LineString","coordinates":[[12.08749,57.64793],[12.09276,57.64955],[12.09415,57.64877],[12.09427,57.64829],[12.0912,57.6475],[12.09047,57.64637],[12.08931,57.64597]]}},{"type":"Feature","properties":{"kind":"barrier"},"geometry":{"type":"LineString","coordinates":[[12.14173,57.64851],[12.14375,57.64928],[12.14508,57.64902],[12.143,57.64732]]}},{"type":"Feature","properties":{"kind":"barrier"},"geometry":{"type":"LineString","coordinates":[[12.13881,57.64731],[12.13973,57.64847],[12.14173,57.64851]]}},{"type":"Feature","properties":{"kind":"barrier"},"geometry":{"type":"LineString","coordinates":[[12.14079,57.6459],[12.13939,57.64635],[12.13881,57.64731]]}},{"type":"Feature","properties":{"kind":"barrier"},"geometry":{"type":"LineString","coordinates":[[12.14262,57.64606],[12.14079,57.6459]]}},{"type":"Feature","properties":{"kind":"barrier"},"geometry":{"type":"LineString","coordinates":[[12.143,57.64732],[12.14323,57.64644],[12.14262,57.64606]]}},{"type":"Feature","properties":{"kind":"barrier"},"geometry":{"type":"LineString","coordinates":[[12.0678,57.62137],[12.06761,57.62133]]}},{"type":"Feature","properties":{"kind":"barrier"},"geometry":{"type":"LineString","coordinates":[[12.06795,57.62191],[12.0678,57.62137]]}},{"type":"Feature","properties":{"kind":"barrier"},"geometry":{"type":"LineString","coordinates":[[12.06834,57.62204],[12.06795,57.62191]]}},{"type":"Feature","properties":{"kind":"barrier"},"geometry":{"type":"LineString","coordinates":[[12.06616,57.6221],[12.06834,57.62204]]}},{"type":"Feature","properties":{"kind":"barrier"},"geometry":{"type":"LineString","coordinates":[[12.06722,57.62096],[12.06601,57.62095],[12.06616,57.6221]]}},{"type":"Feature","properties":{"kind":"barrier"},"geometry":{"type":"LineString","coordinates":[[12.06761,57.62133],[12.06722,57.62096]]}},{"type":"Feature","properties":{"kind":"barrier"},"geometry":{"type":"LineString","coordinates":[[12.10479,57.71652],[12.10555,57.71742]]}},{"type":"Feature","properties":{"kind":"barrier"},"geometry":{"type":"LineString","coordinates":[[12.10555,57.71742],[12.10509,57.71751],[12.10479,57.71652]]}},{"type":"Feature","properties":{"kind":"barrier"},"geometry":{"type":"LineString","coordinates":[[12.08314,57.70618],[12.08284,57.70578],[12.08365,57.70568]]}},{"type":"Feature","properties":{"kind":"barrier"},"geometry":{"type":"LineString","coordinates":[[12.08365,57.70568],[12.08314,57.70618]]}},{"type":"Feature","properties":{"kind":"barrier"},"geometry":{"type":"LineString","coordinates":[[12.07678,57.70528],[12.077,57.70652]]}},{"type":"Feature","properties":{"kind":"barrier"},"geometry":{"type":"LineString","coordinates":[[12.07798,57.70458],[12.07876,57.70633],[12.077,57.70652]]}},{"type":"Feature","properties":{"kind":"barrier"},"geometry":{"type":"LineString","coordinates":[[12.07798,57.70458],[12.0767,57.70427],[12.07677,57.70488]]}},{"type":"Feature","properties":{"kind":"barrier"},"geometry":{"type":"LineString","coordinates":[[12.07677,57.70488],[12.07678,57.70528]]}},{"type":"Feature","properties":{"kind":"barrier"},"geometry":{"type":"LineString","coordinates":[[12.06949,57.69371],[12.06939,57.69505],[12.0684,57.69638],[12.06913,57.69693],[12.06873,57.69834]]}},{"type":"Feature","properties":{"kind":"barrier"},"geometry":{"type":"LineString","coordinates":[[12.06966,57.69382],[12.06949,57.69371]]}},{"type":"Feature","properties":{"kind":"barrier"},"geometry":{"type":"LineString","coordinates":[[12.06889,57.69866],[12.07085,57.69775],[12.07072,57.69507],[12.06966,57.69382]]}},{"type":"Feature","properties":{"kind":"barrier"},"geometry":{"type":"LineString","coordinates":[[12.06873,57.69834],[12.06889,57.69866]]}},{"type":"Feature","properties":{"kind":"barrier"},"geometry":{"type":"LineString","coordinates":[[12.08489,57.81017],[12.08392,57.81054]]}},{"type":"Feature","properties":{"kind":"barrier"},"geometry":{"type":"LineString","coordinates":[[12.08392,57.81054],[12.08246,57.81178]]}},{"type":"Feature","properties":{"kind":"barrier"},"geometry":{"type":"LineString","coordinates":[[12.08246,57.81178],[12.08242,57.81233]]}},{"type":"Feature","properties":{"kind":"barrier"},"geometry":{"type":"LineString","coordinates":[[12.08242,57.81233],[12.0839,57.81201],[12.08489,57.81017]]}},{"type":"Feature","properties":{"kind":"barrier"},"geometry":{"type":"LineString","coordinates":[[11.88343,57.73682],[11.88312,57.73729],[11.88487,57.73715]]}},{"type":"Feature","properties":{"kind":"barrier"},"geometry":{"type":"LineString","coordinates":[[11.88343,57.73682],[11.88508,57.73659],[11.88487,57.73715]]}},{"type":"Feature","properties":{"kind":"barrier"},"geometry":{"type":"LineString","coordinates":[[11.80785,57.7076],[11.80994,57.70756],[11.81137,57.70675],[11.80702,57.70552],[11.80404,57.7061]]}},{"type":"Feature","properties":{"kind":"barrier"},"geometry":{"type":"LineString","coordinates":[[11.80404,57.7061],[11.80417,57.70623]]}},{"type":"Feature","properties":{"kind":"barrier"},"geometry":{"type":"LineString","coordinates":[[11.80417,57.70623],[11.80451,57.7088]]}},{"type":"Feature","properties":{"kind":"barrier"},"geometry":{"type":"LineString","coordinates":[[11.80451,57.7088],[11.80511,57.7094],[11.80785,57.7076]]}},{"type":"Feature","properties":{"kind":"barrier"},"geometry":{"type":"LineString","coordinates":[[11.81883,57.70925],[11.819,57.70964]]}},{"type":"Feature","properties":{"kind":"barrier"},"geometry":{"type":"LineString","coordinates":[[11.819,57.70964],[11.81883,57.70925]]}},{"type":"Feature","properties":{"kind":"barrier"},"geometry":{"type":"LineString","coordinates":[[11.81548,57.70761],[11.81735,57.70896],[11.81834,57.7085]]}},{"type":"Feature","properties":{"kind":"barrier"},"geometry":{"type":"LineString","coordinates":[[11.81834,57.7085],[11.81761,57.70775],[11.81548,57.70761]]}},{"type":"Feature","properties":{"kind":"barrier"},"geometry":{"type":"LineString","coordinates":[[11.95367,57.67348],[11.95218,57.67419],[11.95237,57.67491],[11.95306,57.67512],[11.95424,57.6739]]}},{"type":"Feature","properties":{"kind":"barrier"},"geometry":{"type":"LineString","coordinates":[[11.95424,57.6739],[11.95456,57.67273],[11.95367,57.67348]]}},{"type":"Feature","properties":{"kind":"barrier"},"geometry":{"type":"LineString","coordinates":[[11.95338,57.67452],[11.95374,57.6742],[11.95338,57.67452]]}},{"type":"Feature","properties":{"kind":"barrier"},"geometry":{"type":"LineString","coordinates":[[11.95274,57.67446],[11.95274,57.67446]]}},{"type":"Feature","properties":{"kind":"barrier"},"geometry":{"type":"LineString","coordinates":[[11.95311,57.67453],[11.95311,57.67453]]}},{"type":"Feature","properties":{"kind":"barrier"},"geometry":{"type":"LineString","coordinates":[[11.95273,57.67445],[11.95273,57.67445]]}},{"type":"Feature","properties":{"kind":"barrier"},"geometry":{"type":"LineString","coordinates":[[11.95267,57.67424],[11.95267,57.67424]]}},{"type":"Feature","properties":{"kind":"barrier"},"geometry":{"type":"LineString","coordinates":[[11.95297,57.67418],[11.95297,57.67418]]}},{"type":"Feature","properties":{"kind":"barrier"},"geometry":{"type":"LineString","coordinates":[[11.9533,57.67419],[11.9533,57.67419]]}},{"type":"Feature","properties":{"kind":"barrier"},"geometry":{"type":"LineString","coordinates":[[11.95344,57.67404],[11.95344,57.67404]]}},{"type":"Feature","properties":{"kind":"barrier"},"geometry":{"type":"LineString","coordinates":[[11.95361,57.67409],[11.95361,57.67409]]}},{"type":"Feature","properties":{"kind":"barrier"},"geometry":{"type":"LineString","coordinates":[[11.95341,57.67427],[11.95341,57.67427]]}},{"type":"Feature","properties":{"kind":"barrier"},"geometry":{"type":"LineString","coordinates":[[11.95416,57.6734],[11.95416,57.6734]]}},{"type":"Feature","properties":{"kind":"barrier"},"geometry":{"type":"LineString","coordinates":[[11.9607,57.67197],[11.9618,57.67163],[11.96143,57.67092]]}},{"type":"Feature","properties":{"kind":"barrier"},"geometry":{"type":"LineString","coordinates":[[11.96143,57.67092],[11.9607,57.67197]]}},{"type":"Feature","properties":{"kind":"barrier"},"geometry":{"type":"LineString","coordinates":[[11.96089,57.67173],[11.96089,57.67173]]}},{"type":"Feature","properties":{"kind":"barrier"},"geometry":{"type":"LineString","coordinates":[[11.96086,57.6717],[11.96086,57.6717]]}},{"type":"Feature","properties":{"kind":"barrier"},"geometry":{"type":"LineString","coordinates":[[11.96113,57.67168],[11.96113,57.67168]]}},{"type":"Feature","properties":{"kind":"barrier"},"geometry":{"type":"LineString","coordinates":[[11.96103,57.67156],[11.96103,57.67156]]}},{"type":"Feature","properties":{"kind":"barrier"},"geometry":{"type":"LineString","coordinates":[[11.9612,57.67148],[11.9612,57.67148]]}},{"type":"Feature","properties":{"kind":"barrier"},"geometry":{"type":"LineString","coordinates":[[11.9614,57.67134],[11.9614,57.67134]]}},{"type":"Feature","properties":{"kind":"barrier"},"geometry":{"type":"LineString","coordinates":[[11.9524,57.67158],[11.95281,57.67158]]}},{"type":"Feature","properties":{"kind":"barrier"},"geometry":{"type":"LineString","coordinates":[[11.9524,57.67158],[11.95281,57.67158]]}},{"type":"Feature","properties":{"kind":"barrier"},"geometry":{"type":"LineString","coordinates":[[11.94891,57.66886],[11.94957,57.66996],[11.95093,57.67051],[11.95161,57.67007],[11.95065,57.66925],[11.95238,57.66801],[11.94893,57.66858]]}},{"type":"Feature","properties":{"kind":"barrier"},"geometry":{"type":"LineString","coordinates":[[11.94893,57.66858],[11.9494,57.66878],[11.94891,57.66886]]}},{"type":"Feature","properties":{"kind":"barrier"},"geometry":{"type":"LineString","coordinates":[[11.94988,57.66909],[11.94946,57.66897],[11.94997,57.66843],[11.95175,57.66827],[11.94988,57.66909]]}},{"type":"Feature","properties":{"kind":"barrier"},"geometry":{"type":"LineString","coordinates":[[11.95004,57.66911],[11.95004,57.66911]]}},{"type":"Feature","properties":{"kind":"barrier"},"geometry":{"type":"LineString","coordinates":[[11.95002,57.66915],[11.95002,57.66915]]}},{"type":"Feature","properties":{"kind":"barrier"},"geometry":{"type":"LineString","coordinates":[[11.94962,57.6691],[11.94962,57.6691]]}},{"type":"Feature","properties":{"kind":"barrier"},"geometry":{"type":"LineString","coordinates":[[11.94952,57.6691],[11.94952,57.6691]]}},{"type":"Feature","properties":{"kind":"barrier"},"geometry":{"type":"LineString","coordinates":[[11.94948,57.66903],[11.94948,57.66903]]}},{"type":"Feature","properties":{"kind":"barrier"},"geometry":{"type":"LineString","coordinates":[[11.94972,57.66925],[11.94972,57.66925]]}},{"type":"Feature","properties":{"kind":"barrier"},"geometry":{"type":"LineString","coordinates":[[11.94965,57.66934],[11.94965,57.66934]]}},{"type":"Feature","properties":{"kind":"barrier"},"geometry":{"type":"LineString","coordinates":[[11.95006,57.66927],[11.95006,57.66927]]}},{"type":"Feature","properties":{"kind":"barrier"},"geometry":{"type":"LineString","coordinates":[[11.95009,57.66936],[11.95009,57.66936]]}},{"type":"Feature","properties":{"kind":"barrier"},"geometry":{"type":"LineString","coordinates":[[11.95004,57.66938],[11.95004,57.66938]]}},{"type":"Feature","properties":{"kind":"barrier"},"geometry":{"type":"LineString","coordinates":[[11.95016,57.66951],[11.95016,57.66951]]}},{"type":"Feature","properties":{"kind":"barrier"},"geometry":{"type":"LineString","coordinates":[[11.94999,57.66957],[11.94999,57.66957]]}},{"type":"Feature","properties":{"kind":"barrier"},"geometry":{"type":"LineString","coordinates":[[11.95016,57.66962],[11.95016,57.66962]]}},{"type":"Feature","properties":{"kind":"barrier"},"geometry":{"type":"LineString","coordinates":[[11.9497,57.66954],[11.9497,57.66954]]}},{"type":"Feature","properties":{"kind":"barrier"},"geometry":{"type":"LineString","coordinates":[[11.95087,57.66956],[11.95087,57.66956]]}},{"type":"Feature","properties":{"kind":"barrier"},"geometry":{"type":"LineString","coordinates":[[11.95092,57.66959],[11.95092,57.66959]]}},{"type":"Feature","properties":{"kind":"barrier"},"geometry":{"type":"LineString","coordinates":[[11.95097,57.66964],[11.95097,57.66964]]}},{"type":"Feature","properties":{"kind":"barrier"},"geometry":{"type":"LineString","coordinates":[[11.9497,57.66969],[11.9497,57.66969]]}},{"type":"Feature","properties":{"kind":"barrier"},"geometry":{"type":"LineString","coordinates":[[11.9504,57.67009],[11.9504,57.67009]]}},{"type":"Feature","properties":{"kind":"barrier"},"geometry":{"type":"LineString","coordinates":[[11.94943,57.66868],[11.94943,57.66868]]}},{"type":"Feature","properties":{"kind":"barrier"},"geometry":{"type":"LineString","coordinates":[[11.94987,57.66851],[11.94987,57.66851]]}},{"type":"Feature","properties":{"kind":"barrier"},"geometry":{"type":"LineString","coordinates":[[11.9516,57.66811],[11.9516,57.66811]]}},{"type":"Feature","properties":{"kind":"barrier"},"geometry":{"type":"LineString","coordinates":[[11.9515,57.66804],[11.9515,57.66804]]}},{"type":"Feature","properties":{"kind":"barrier"},"geometry":{"type":"LineString","coordinates":[[11.95167,57.66806],[11.95167,57.66806]]}},{"type":"Feature","properties":{"kind":"barrier"},"geometry":{"type":"LineString","coordinates":[[11.95181,57.66801],[11.95181,57.66801]]}},{"type":"Feature","properties":{"kind":"barrier"},"geometry":{"type":"LineString","coordinates":[[11.95188,57.66797],[11.95188,57.66797]]}},{"type":"Feature","properties":{"kind":"barrier"},"geometry":{"type":"LineString","coordinates":[[11.95196,57.66803],[11.95196,57.66803]]}},{"type":"Feature","properties":{"kind":"barrier"},"geometry":{"type":"LineString","coordinates":[[11.9519,57.66809],[11.9519,57.66809]]}},{"type":"Feature","properties":{"kind":"barrier"},"geometry":{"type":"LineString","coordinates":[[11.95198,57.66797],[11.95198,57.66797]]}},{"type":"Feature","properties":{"kind":"barrier"},"geometry":{"type":"LineString","coordinates":[[11.95199,57.66813],[11.95199,57.66813]]}},{"type":"Feature","properties":{"kind":"barrier"},"geometry":{"type":"LineString","coordinates":[[11.95177,57.66822],[11.95177,57.66822]]}},{"type":"Feature","properties":{"kind":"barrier"},"geometry":{"type":"LineString","coordinates":[[11.95196,57.66828],[11.95196,57.66828]]}},{"type":"Feature","properties":{"kind":"barrier"},"geometry":{"type":"LineString","coordinates":[[11.95183,57.66834],[11.95183,57.66834]]}},{"type":"Feature","properties":{"kind":"barrier"},"geometry":{"type":"LineString","coordinates":[[11.95173,57.66842],[11.95173,57.66842]]}},{"type":"Feature","properties":{"kind":"barrier"},"geometry":{"type":"LineString","coordinates":[[11.95167,57.66841],[11.95167,57.66841]]}},{"type":"Feature","properties":{"kind":"barrier"},"geometry":{"type":"LineString","coordinates":[[11.95108,57.6681],[11.95108,57.6681]]}},{"type":"Feature","properties":{"kind":"barrier"},"geometry":{"type":"LineString","coordinates":[[11.95098,57.66815],[11.95098,57.66815]]}},{"type":"Feature","properties":{"kind":"barrier"},"geometry":{"type":"LineString","coordinates":[[11.95109,57.66855],[11.95109,57.66855]]}},{"type":"Feature","properties":{"kind":"barrier"},"geometry":{"type":"LineString","coordinates":[[11.95106,57.66863],[11.95106,57.66863]]}},{"type":"Feature","properties":{"kind":"barrier"},"geometry":{"type":"LineString","coordinates":[[11.95129,57.66856],[11.95129,57.66856]]}},{"type":"Feature","properties":{"kind":"barrier"},"geometry":{"type":"LineString","coordinates":[[11.95077,57.6689],[11.95077,57.6689]]}},{"type":"Feature","properties":{"kind":"barrier"},"geometry":{"type":"LineString","coordinates":[[11.95079,57.66888],[11.95079,57.66888]]}},{"type":"Feature","properties":{"kind":"barrier"},"geometry":{"type":"LineString","coordinates":[[11.95097,57.66872],[11.95097,57.66872]]}},{"type":"Feature","properties":{"kind":"barrier"},"geometry":{"type":"LineString","coordinates":[[11.95026,57.66888],[11.95026,57.66888]]}},{"type":"Feature","properties":{"kind":"barrier"},"geometry":{"type":"LineString","coordinates":[[11.94951,57.66887],[11.94951,57.66887]]}},{"type":"Feature","properties":{"kind":"barrier"},"geometry":{"type":"LineString","coordinates":[[11.94963,57.66901],[11.94963,57.66901]]}},{"type":"Feature","properties":{"kind":"barrier"},"geometry":{"type":"LineString","coordinates":[[11.9507,57.66822],[11.9507,57.66822]]}},{"type":"Feature","properties":{"kind":"barrier"},"geometry":{"type":"LineString","coordinates":[[11.95127,57.66818],[11.95127,57.66818]]}},{"type":"Feature","properties":{"kind":"barrier"},"geometry":{"type":"LineString","coordinates":[[11.95209,57.66787],[11.95209,57.66787]]}},{"type":"Feature","properties":{"kind":"barrier"},"geometry":{"type":"LineString","coordinates":[[11.95073,57.66893],[11.95073,57.66893]]}},{"type":"Feature","properties":{"kind":"barrier"},"geometry":{"type":"LineString","coordinates":[[11.95004,57.66838],[11.95004,57.66838]]}},{"type":"Feature","properties":{"kind":"barrier"},"geometry":{"type":"LineString","coordinates":[[11.9504,57.66835],[11.9504,57.66835]]}},{"type":"Feature","properties":{"kind":"barrier"},"geometry":{"type":"LineString","coordinates":[[11.95073,57.66832],[11.95073,57.66832]]}},{"type":"Feature","properties":{"kind":"barrier"},"geometry":{"type":"LineString","coordinates":[[11.95075,57.66824],[11.95075,57.66824]]}},{"type":"Feature","properties":{"kind":"barrier"},"geometry":{"type":"LineString","coordinates":[[11.94956,57.66893],[11.94956,57.66893]]}},{"type":"Feature","properties":{"kind":"barrier"},"geometry":{"type":"LineString","coordinates":[[11.94945,57.66901],[11.94945,57.66901]]}},{"type":"Feature","properties":{"kind":"barrier"},"geometry":{"type":"LineString","coordinates":[[11.94985,57.66913],[11.94985,57.66913]]}},{"type":"Feature","properties":{"kind":"barrier"},"geometry":{"type":"LineString","coordinates":[[11.77585,57.7117],[11.7741,57.71237],[11.77302,57.71181],[11.77337,57.71139]]}},{"type":"Feature","properties":{"kind":"barrier"},"geometry":{"type":"LineString","coordinates":[[11.77337,57.71139],[11.77417,57.71123]]}},{"type":"Feature","properties":{"kind":"barrier"},"geometry":{"type":"LineString","coordinates":[[11.77417,57.71123],[11.77585,57.7117]]}},{"type":"Feature","properties":{"kind":"barrier"},"geometry":{"type":"LineString","coordinates":[[11.96489,57.66636],[11.96564,57.66676],[11.96653,57.66553],[11.96489,57.66636]]}},{"type":"Feature","properties":{"kind":"barrier"},"geometry":{"type":"LineString","coordinates":[[11.96541,57.6662],[11.96541,57.6662]]}},{"type":"Feature","properties":{"kind":"barrier"},"geometry":{"type":"LineString","coordinates":[[11.75314,57.83922],[11.75142,57.83851],[11.75249,57.8382]]}},{"type":"Feature","properties":{"kind":"barrier"},"geometry":{"type":"LineString","coordinates":[[11.75314,57.83922],[11.75089,57.83824],[11.75249,57.8382]]}},{"type":"Feature","properties":{"kind":"barrier"},"geometry":{"type":"LineString","coordinates":[[11.74916,57.83412],[11.74916,57.83412]]}},{"type":"Feature","properties":{"kind":"barrier"},"geometry":{"type":"LineString","coordinates":[[11.74877,57.83413],[11.75058,57.83398],[11.74907,57.83346]]}},{"type":"Feature","properties":{"kind":"barrier"},"geometry":{"type":"LineString","coordinates":[[11.74877,57.83413],[11.74907,57.83346]]}},{"type":"Feature","properties":{"kind":"barrier"},"geometry":{"type":"LineString","coordinates":[[11.85528,57.83453],[11.85428,57.83531],[11.85337,57.83468]]}},{"type":"Feature","properties":{"kind":"barrier"},"geometry":{"type":"LineString","coordinates":[[11.85337,57.83468],[11.85528,57.83453]]}},{"type":"Feature","properties":{"kind":"barrier"},"geometry":{"type":"LineString","coordinates":[[11.78967,57.82983],[11.78972,57.8302]]}},{"type":"Feature","properties":{"kind":"barrier"},"geometry":{"type":"LineString","coordinates":[[11.78967,57.82983],[11.79056,57.8299],[11.78972,57.8302]]}},{"type":"Feature","properties":{"kind":"barrier"},"geometry":{"type":"LineString","coordinates":[[11.95157,57.68819],[11.95157,57.68819]]}},{"type":"Feature","properties":{"kind":"barrier"},"geometry":{"type":"LineString","coordinates":[[11.9518,57.68824],[11.95131,57.68679],[11.95116,57.68837],[11.95173,57.68879],[11.9518,57.68824]]}},{"type":"Feature","properties":{"kind":"barrier"},"geometry":{"type":"LineString","coordinates":[[11.77261,57.73637],[11.77261,57.73637]]}},{"type":"Feature","properties":{"kind":"barrier"},"geometry":{"type":"LineString","coordinates":[[11.77391,57.7364],[11.77391,57.7364]]}},{"type":"Feature","properties":{"kind":"barrier"},"geometry":{"type":"LineString","coordinates":[[11.77394,57.73638],[11.77394,57.73638]]}},{"type":"Feature","properties":{"kind":"barrier"},"geometry":{"type":"LineString","coordinates":[[11.77293,57.73633],[11.77293,57.73633]]}},{"type":"Feature","properties":{"kind":"barrier"},"geometry":{"type":"LineString","coordinates":[[11.77392,57.73633],[11.77392,57.73633]]}},{"type":"Feature","properties":{"kind":"barrier"},"geometry":{"type":"LineString","coordinates":[[11.77256,57.73589],[11.77506,57.73672],[11.77296,57.73709],[11.7726,57.73676],[11.77305,57.73658],[11.77186,57.73617],[11.77256,57.73589]]}},{"type":"Feature","properties":{"kind":"barrier"},"geometry":{"type":"LineString","coordinates":[[11.86701,57.74301],[11.86958,57.74278],[11.86701,57.74301]]}},{"type":"Feature","properties":{"kind":"barrier"},"geometry":{"type":"LineString","coordinates":[[11.86935,57.74281],[11.86882,57.74274],[11.86935,57.74281]]}},{"type":"Feature","properties":{"kind":"barrier"},"geometry":{"type":"LineString","coordinates":[[11.96672,57.60602],[11.96669,57.60629]]}},{"type":"Feature","properties":{"kind":"barrier"},"geometry":{"type":"LineString","coordinates":[[11.96669,57.60629],[11.96809,57.60639],[11.96793,57.60581],[11.96672,57.60602]]}},{"type":"Feature","properties":{"kind":"barrier"},"geometry":{"type":"LineString","coordinates":[[11.94946,57.7209],[11.9493,57.72089]]}},{"type":"Feature","properties":{"kind":"barrier"},"geometry":{"type":"LineString","coordinates":[[11.9493,57.72089],[11.95088,57.72454]]}},{"type":"Feature","properties":{"kind":"barrier"},"geometry":{"type":"LineString","coordinates":[[11.95088,57.72454],[11.95116,57.72542]]}},{"type":"Feature","properties":{"kind":"barrier"},"geometry":{"type":"LineString","coordinates":[[11.95116,57.72542],[11.95227,57.72955]]}},{"type":"Feature","properties":{"kind":"barrier"},"geometry":{"type":"LineString","coordinates":[[11.95227,57.72955],[11.95232,57.72957]]}},{"type":"Feature","properties":{"kind":"barrier"},"geometry":{"type":"LineString","coordinates":[[11.95232,57.72957],[11.95098,57.72454]]}},{"type":"Feature","properties":{"kind":"barrier"},"geometry":{"type":"LineString","coordinates":[[11.95098,57.72454],[11.94946,57.7209]]}},{"type":"Feature","properties":{"kind":"barrier"},"geometry":{"type":"LineString","coordinates":[[11.95095,57.74185],[11.95122,57.73729],[11.9531,57.73197],[11.95243,57.72975],[11.95317,57.73201],[11.95129,57.73732],[11.95095,57.74185]]}},{"type":"Feature","properties":{"kind":"barrier"},"geometry":{"type":"LineString","coordinates":[[11.95196,57.71907],[11.95186,57.71917]]}},{"type":"Feature","properties":{"kind":"barrier"},"geometry":{"type":"LineString","coordinates":[[11.95186,57.71917],[11.95052,57.71909]]}},{"type":"Feature","properties":{"kind":"barrier"},"geometry":{"type":"LineString","coordinates":[[11.95052,57.71909],[11.9491,57.71948],[11.94925,57.72056]]}},{"type":"Feature","properties":{"kind":"barrier"},"geometry":{"type":"LineString","coordinates":[[11.94925,57.72056],[11.94898,57.71961]]}},{"type":"Feature","properties":{"kind":"barrier"},"geometry":{"type":"LineString","coordinates":[[11.94898,57.71961],[11.95043,57.71901]]}},{"type":"Feature","properties":{"kind":"barrier"},"geometry":{"type":"LineString","coordinates":[[11.95043,57.71901],[11.9507,57.71899]]}},{"type":"Feature","properties":{"kind":"barrier"},"geometry":{"type":"LineString","coordinates":[[11.9507,57.71899],[11.95196,57.71907]]}},{"type":"Feature","properties":{"kind":"barrier"},"geometry":{"type":"LineString","coordinates":[[11.95302,57.71674],[11.95334,57.71677]]}},{"type":"Feature","properties":{"kind":"barrier"},"geometry":{"type":"LineString","coordinates":[[11.95302,57.71674],[11.95337,57.71701]]}},{"type":"Feature","properties":{"kind":"barrier"},"geometry":{"type":"LineString","coordinates":[[11.95337,57.71701],[11.95334,57.71677]]}},{"type":"Feature","properties":{"kind":"barrier"},"geometry":{"type":"LineString","coordinates":[[11.9533,57.71724],[11.95403,57.71806],[11.95295,57.71864]]}},{"type":"Feature","properties":{"kind":"barrier"},"geometry":{"type":"LineString","coordinates":[[11.95319,57.71869],[11.95421,57.71808],[11.9533,57.71724]]}},{"type":"Feature","properties":{"kind":"barrier"},"geometry":{"type":"LineString","coordinates":[[11.95229,57.71937],[11.95319,57.71869]]}},{"type":"Feature","properties":{"kind":"barrier"},"geometry":{"type":"LineString","coordinates":[[11.95186,57.71917],[11.95229,57.71937]]}},{"type":"Feature","properties":{"kind":"barrier"},"geometry":{"type":"LineString","coordinates":[[11.95196,57.71907],[11.95186,57.71917]]}},{"type":"Feature","properties":{"kind":"barrier"},"geometry":{"type":"LineString","coordinates":[[11.95295,57.71864],[11.95196,57.71907]]}},{"type":"Feature","properties":{"kind":"barrier"},"geometry":{"type":"LineString","coordinates":[[11.8271,57.69565],[11.82698,57.69584]]}},{"type":"Feature","properties":{"kind":"barrier"},"geometry":{"type":"LineString","coordinates":[[11.82686,57.69581],[11.8271,57.69565]]}},{"type":"Feature","properties":{"kind":"barrier"},"geometry":{"type":"LineString","coordinates":[[11.82687,57.69582],[11.82686,57.69581]]}},{"type":"Feature","properties":{"kind":"barrier"},"geometry":{"type":"LineString","coordinates":[[11.82687,57.69582],[11.82692,57.69584]]}},{"type":"Feature","properties":{"kind":"barrier"},"geometry":{"type":"LineString","coordinates":[[11.82692,57.69584],[11.82698,57.69584]]}},{"type":"Feature","properties":{"kind":"barrier"},"geometry":{"type":"LineString","coordinates":[[12.09821,57.74278],[12.09802,57.74292]]}},{"type":"Feature","properties":{"kind":"barrier"},"geometry":{"type":"LineString","coordinates":[[12.09838,57.74302],[12.09821,57.74278]]}},{"type":"Feature","properties":{"kind":"barrier"},"geometry":{"type":"LineString","coordinates":[[12.09802,57.74292],[12.09838,57.74302]]}},{"type":"Feature","properties":{"kind":"barrier"},"geometry":{"type":"LineString","coordinates":[[11.82698,57.69585],[11.82705,57.69589]]}},{"type":"Feature","properties":{"kind":"barrier"},"geometry":{"type":"LineString","coordinates":[[11.82688,57.69589],[11.82705,57.69589]]}},{"type":"Feature","properties":{"kind":"barrier"},"geometry":{"type":"LineString","coordinates":[[11.82688,57.69589],[11.82684,57.69586]]}},{"type":"Feature","properties":{"kind":"barrier"},"geometry":{"type":"LineString","coordinates":[[11.8269,57.69586],[11.82684,57.69586]]}},{"type":"Feature","properties":{"kind":"barrier"},"geometry":{"type":"LineString","coordinates":[[11.82697,57.69585],[11.8269,57.69586]]}},{"type":"Feature","properties":{"kind":"barrier"},"geometry":{"type":"LineString","coordinates":[[11.82698,57.69585],[11.82697,57.69585]]}},{"type":"Feature","properties":{"kind":"barrier"},"geometry":{"type":"LineString","coordinates":[[12.01056,57.62315],[12.00974,57.62322],[12.00924,57.62243],[12.01055,57.622],[12.01097,57.62225],[12.01048,57.62277]]}},{"type":"Feature","properties":{"kind":"barrier"},"geometry":{"type":"LineString","coordinates":[[12.01048,57.62277],[12.01056,57.62315]]}},{"type":"Feature","properties":{"kind":"barrier"},"geometry":{"type":"LineString","coordinates":[[11.77704,57.70268],[11.77626,57.70235],[11.77684,57.70241]]}},{"type":"Feature","properties":{"kind":"barrier"},"geometry":{"type":"LineString","coordinates":[[11.77684,57.70241],[11.77704,57.70268]]}},{"type":"Feature","properties":{"kind":"barrier"},"geometry":{"type":"LineString","coordinates":[[11.77648,57.70222],[11.77648,57.70222]]}},{"type":"Feature","properties":{"kind":"barrier"},"geometry":{"type":"LineString","coordinates":[[11.94204,57.68412],[11.94225,57.68396]]}},{"type":"Feature","properties":{"kind":"barrier"},"geometry":{"type":"LineString","coordinates":[[11.94225,57.68396],[11.94204,57.68412]]}},{"type":"Feature","properties":{"kind":"barrier"},"geometry":{"type":"LineString","coordinates":[[11.9419,57.68405],[11.9419,57.68405]]}},{"type":"Feature","properties":{"kind":"barrier"},"geometry":{"type":"LineString","coordinates":[[11.94207,57.6841],[11.94207,57.6841]]}},{"type":"Feature","properties":{"kind":"barrier"},"geometry":{"type":"LineString","coordinates":[[11.94189,57.68401],[11.94189,57.68401]]}},{"type":"Feature","properties":{"kind":"barrier"},"geometry":{"type":"LineString","coordinates":[[11.94149,57.68399],[11.94051,57.68412],[11.94158,57.68414]]}},{"type":"Feature","properties":{"kind":"barrier"},"geometry":{"type":"LineString","coordinates":[[11.94158,57.68414],[11.94163,57.68394]]}},{"type":"Feature","properties":{"kind":"barrier"},"geometry":{"type":"LineString","coordinates":[[11.94163,57.68394],[11.94149,57.68399]]}},{"type":"Feature","properties":{"kind":"barrier"},"geometry":{"type":"LineString","coordinates":[[11.83857,57.68588],[11.83852,57.68588]]}},{"type":"Feature","properties":{"kind":"barrier"},"geometry":{"type":"LineString","coordinates":[[11.83852,57.68588],[11.83852,57.68598]]}},{"type":"Feature","properties":{"kind":"barrier"},"geometry":{"type":"LineString","coordinates":[[11.83852,57.68598],[11.83856,57.68597]]}},{"type":"Feature","properties":{"kind":"barrier"},"geometry":{"type":"LineString","coordinates":[[11.83856,57.68597],[11.83886,57.6859]]}},{"type":"Feature","properties":{"kind":"barrier"},"geometry":{"type":"LineString","coordinates":[[11.83886,57.6859],[11.83857,57.68588]]}},{"type":"Feature","properties":{"kind":"barrier"},"geometry":{"type":"LineString","coordinates":[[11.94754,57.68763],[11.94631,57.68739],[11.94674,57.68808],[11.94754,57.68763]]}},{"type":"Feature","properties":{"kind":"barrier"},"geometry":{"type":"LineString","coordinates":[[11.94691,57.68766],[11.94691,57.68766]]}},{"type":"Feature","properties":{"kind":"barrier"},"geometry":{"type":"LineString","coordinates":[[12.0008,57.68383],[12.00061,57.68411]]}},{"type":"Feature","properties":{"kind":"barrier"},"geometry":{"type":"LineString","coordinates":[[11.9987,57.68637],[12.00442,57.67849],[12.00544,57.67773],[12.0008,57.68383]]}},{"type":"Feature","properties":{"kind":"barrier"},"geometry":{"type":"LineString","coordinates":[[11.9961,57.68972],[11.9987,57.68637]]}},{"type":"Feature","properties":{"kind":"barrier"},"geometry":{"type":"LineString","coordinates":[[11.99142,57.71014],[11.9893,57.70765],[11.97458,57.70736],[11.98942,57.70736],[11.99178,57.70127],[11.99162,57.69836],[11.99424,57.69626],[11.99477,57.69481],[11.9944,57.69307],[11.9961,57.68972]]}},{"type":"Feature","properties":{"kind":"barrier"},"geometry":{"type":"LineString","coordinates":[[11.99369,57.71243],[11.99142,57.71014]]}},{"type":"Feature","properties":{"kind":"barrier"},"geometry":{"type":"LineString","coordinates":[[11.99424,57.7127],[11.99369,57.71243]]}},{"type":"Feature","properties":{"kind":"barrier"},"geometry":{"type":"LineString","coordinates":[[11.99344,57.71189],[11.99424,57.7127]]}},{"type":"Feature","properties":{"kind":"barrier"},"geometry":{"type":"LineString","coordinates":[[11.99274,57.71122],[11.99344,57.71189]]}},{"type":"Feature","properties":{"kind":"barrier"},"geometry":{"type":"LineString","coordinates":[[11.98973,57.70731],[11.99274,57.71122]]}},{"type":"Feature","properties":{"kind":"barrier"},"geometry":{"type":"LineString","coordinates":[[11.99006,57.70608],[11.98973,57.70731]]}},{"type":"Feature","properties":{"kind":"barrier"},"geometry":{"type":"LineString","coordinates":[[11.99076,57.70395],[11.99006,57.70608]]}},{"type":"Feature","properties":{"kind":"barrier"},"geometry":{"type":"LineString","coordinates":[[11.99092,57.70354],[11.99076,57.70395]]}},{"type":"Feature","properties":{"kind":"barrier"},"geometry":{"type":"LineString","coordinates":[[11.992,57.70141],[11.99092,57.70354]]}},{"type":"Feature","properties":{"kind":"barrier"},"geometry":{"type":"LineString","coordinates":[[11.99542,57.69126],[11.99464,57.69326],[11.99504,57.69484],[11.99592,57.69475],[11.99505,57.69494],[11.99428,57.69666],[11.99203,57.69827],[11.992,57.70141]]}},{"type":"Feature","properties":{"kind":"barrier"},"geometry":{"type":"LineString","coordinates":[[11.99712,57.68858],[11.99542,57.69126]]}},{"type":"Feature","properties":{"kind":"barrier"},"geometry":{"type":"LineString","coordinates":[[11.99975,57.68538],[11.99712,57.68858]]}},{"type":"Feature","properties":{"kind":"barrier"},"geometry":{"type":"LineString","coordinates":[[12.00061,57.68411],[11.99975,57.68538]]}},{"type":"Feature","properties":{"kind":"barrier"},"geometry":{"type":"LineString","coordinates":[[12.02378,57.76472],[12.0238,57.76472]]}},{"type":"Feature","properties":{"kind":"barrier"},"geometry":{"type":"LineString","coordinates":[[12.0238,57.76472],[12.02431,57.7648]]}},{"type":"Feature","properties":{"kind":"barrier"},"geometry":{"type":"LineString","coordinates":[[12.02431,57.7648],[12.0244,57.76472]]}},{"type":"Feature","properties":{"kind":"barrier"},"geometry":{"type":"LineString","coordinates":[[12.0244,57.76472],[12.0204,57.76391],[12.01878,57.76416],[12.01592,57.76279]]}},{"type":"Feature","properties":{"kind":"barrier"},"geometry":{"type":"LineString","coordinates":[[12.01592,57.76279],[12.01575,57.76286]]}},{"type":"Feature","properties":{"kind":"barrier"},"geometry":{"type":"LineString","coordinates":[[12.01575,57.76286],[12.01868,57.76426],[12.02378,57.76472]]}},{"type":"Feature","properties":{"kind":"barrier"},"geometry":{"type":"LineString","coordinates":[[12.00245,57.7628],[12.00598,57.76044],[12.00806,57.76094],[12.0096,57.76044],[12.01069,57.76167],[12.00981,57.76031],[12.00777,57.76079],[12.00554,57.76039],[12.00222,57.76264]]}},{"type":"Feature","properties":{"kind":"barrier"},"geometry":{"type":"LineString","coordinates":[[12.00245,57.7628],[12.00222,57.76264]]}},{"type":"Feature","properties":{"kind":"barrier"},"geometry":{"type":"LineString","coordinates":[[12.08062,57.65358],[12.08205,57.65345]]}},{"type":"Feature","properties":{"kind":"barrier"},"geometry":{"type":"LineString","coordinates":[[12.08152,57.653],[12.08062,57.65358]]}},{"type":"Feature","properties":{"kind":"barrier"},"geometry":{"type":"LineString","coordinates":[[12.08216,57.6527],[12.08152,57.653]]}},{"type":"Feature","properties":{"kind":"barrier"},"geometry":{"type":"LineString","coordinates":[[12.08205,57.65345],[12.08216,57.6527]]}},{"type":"Feature","properties":{"kind":"barrier"},"geometry":{"type":"LineString","coordinates":[[12.0791,57.6523],[12.07927,57.65183],[12.07865,57.65179]]}},{"type":"Feature","properties":{"kind":"barrier"},"geometry":{"type":"LineString","coordinates":[[12.07865,57.65179],[12.0791,57.6523]]}},{"type":"Feature","properties":{"kind":"barrier"},"geometry":{"type":"LineString","coordinates":[[12.07861,57.65174],[12.07791,57.65133]]}},{"type":"Feature","properties":{"kind":"barrier"},"geometry":{"type":"LineString","coordinates":[[12.07791,57.65133],[12.07773,57.65175],[12.07861,57.65174]]}},{"type":"Feature","properties":{"kind":"barrier"},"geometry":{"type":"LineString","coordinates":[[11.79031,57.65717],[11.79007,57.65721]]}},{"type":"Feature","properties":{"kind":"barrier"},"geometry":{"type":"LineString","coordinates":[[11.79006,57.65721],[11.79007,57.65721]]}},{"type":"Feature","properties":{"kind":"barrier"},"geometry":{"type":"LineString","coordinates":[[11.79006,57.65721],[11.79004,57.65718]]}},{"type":"Feature","properties":{"kind":"barrier"},"geometry":{"type":"LineString","coordinates":[[11.79005,57.65716],[11.79004,57.65718]]}},{"type":"Feature","properties":{"kind":"barrier"},"geometry":{"type":"LineString","coordinates":[[11.79005,57.65716],[11.79027,57.65715]]}},{"type":"Feature","properties":{"kind":"barrier"},"geometry":{"type":"LineString","coordinates":[[11.79031,57.65717],[11.79027,57.65715]]}},{"type":"Feature","properties":{"kind":"barrier"},"geometry":{"type":"LineString","coordinates":[[11.78979,57.65723],[11.78994,57.65717]]}},{"type":"Feature","properties":{"kind":"barrier"},"geometry":{"type":"LineString","coordinates":[[11.78979,57.65723],[11.78966,57.65717]]}},{"type":"Feature","properties":{"kind":"barrier"},"geometry":{"type":"LineString","coordinates":[[11.78984,57.65709],[11.78966,57.65717]]}},{"type":"Feature","properties":{"kind":"barrier"},"geometry":{"type":"LineString","coordinates":[[11.78984,57.65709],[11.78994,57.65717]]}},{"type":"Feature","properties":{"kind":"barrier"},"geometry":{"type":"LineString","coordinates":[[12.11981,57.80168],[12.12009,57.80158]]}},{"type":"Feature","properties":{"kind":"barrier"},"geometry":{"type":"LineString","coordinates":[[12.12009,57.80158],[12.12016,57.8013]]}},{"type":"Feature","properties":{"kind":"barrier"},"geometry":{"type":"LineString","coordinates":[[12.12016,57.8013],[12.11987,57.80141]]}},{"type":"Feature","properties":{"kind":"barrier"},"geometry":{"type":"LineString","coordinates":[[12.11987,57.80141],[12.11934,57.80173]]}},{"type":"Feature","properties":{"kind":"barrier"},"geometry":{"type":"LineString","coordinates":[[12.11934,57.80173],[12.11981,57.80168]]}},{"type":"Feature","properties":{"kind":"barrier"},"geometry":{"type":"LineString","coordinates":[[12.07089,57.74471],[12.07019,57.74477]]}},{"type":"Feature","properties":{"kind":"barrier"},"geometry":{"type":"LineString","coordinates":[[12.07019,57.74477],[12.0707,57.7449]]}},{"type":"Feature","properties":{"kind":"barrier"},"geometry":{"type":"LineString","coordinates":[[12.0707,57.7449],[12.07089,57.74471]]}},{"type":"Feature","properties":{"kind":"barrier"},"geometry":{"type":"LineString","coordinates":[[12.06758,57.77379],[12.06773,57.77377]]}},{"type":"Feature","properties":{"kind":"barrier"},"geometry":{"type":"LineString","coordinates":[[12.06773,57.77377],[12.06912,57.77367],[12.06947,57.77425]]}},{"type":"Feature","properties":{"kind":"barrier"},"geometry":{"type":"LineString","coordinates":[[12.06947,57.77425],[12.06959,57.77457]]}},{"type":"Feature","properties":{"kind":"barrier"},"geometry":{"type":"LineString","coordinates":[[12.06959,57.77457],[12.07033,57.77507],[12.06959,57.77563]]}},{"type":"Feature","properties":{"kind":"barrier"},"geometry":{"type":"LineString","coordinates":[[12.06959,57.77563],[12.07008,57.77593]]}},{"type":"Feature","properties":{"kind":"barrier"},"geometry":{"type":"LineString","coordinates":[[12.07008,57.77593],[12.07112,57.77672],[12.07024,57.77722]]}},{"type":"Feature","properties":{"kind":"barrier"},"geometry":{"type":"LineString","coordinates":[[12.07024,57.77722],[12.06952,57.77737]]}},{"type":"Feature","properties":{"kind":"barrier"},"geometry":{"type":"LineString","coordinates":[[12.06952,57.77737],[12.06942,57.77739]]}},{"type":"Feature","properties":{"kind":"barrier"},"geometry":{"type":"LineString","coordinates":[[12.06942,57.77739],[12.06901,57.77756]]}},{"type":"Feature","properties":{"kind":"barrier"},"geometry":{"type":"LineString","coordinates":[[12.06901,57.77756],[12.069,57.77759]]}},{"type":"Feature","properties":{"kind":"barrier"},"geometry":{"type":"LineString","coordinates":[[12.069,57.77759],[12.07023,57.77829],[12.07084,57.7797],[12.06788,57.78018],[12.06744,57.7808],[12.06806,57.7814],[12.06792,57.78287],[12.0664,57.78408],[12.0636,57.78437],[12.06206,57.78643],[12.05918,57.7886],[12.05993,57.79063],[12.05903,57.79189],[12.06055,57.79193],[12.06117,57.79259],[12.06301,57.7919],[12.06232,57.79337],[12.06297,57.79459],[12.06407,57.79399],[12.06555,57.79439]]}},{"type":"Feature","properties":{"kind":"barrier"},"geometry":{"type":"LineString","coordinates":[[12.07882,57.79627],[12.0771,57.79568],[12.0782,57.795],[12.07795,57.79457],[12.07461,57.79445],[12.07299,57.79527],[12.066,57.79334],[12.06489,57.7939],[12.06555,57.79439]]}},{"type":"Feature","properties":{"kind":"barrier"},"geometry":{"type":"LineString","coordinates":[[12.07926,57.79687],[12.07882,57.79627]]}},{"type":"Feature","properties":{"kind":"barrier"},"geometry":{"type":"LineString","coordinates":[[12.08006,57.79685],[12.07926,57.79687]]}},{"type":"Feature","properties":{"kind":"barrier"},"geometry":{"type":"LineString","coordinates":[[12.08192,57.79631],[12.08006,57.79685]]}},{"type":"Feature","properties":{"kind":"barrier"},"geometry":{"type":"LineString","coordinates":[[12.08262,57.7961],[12.08192,57.79631]]}},{"type":"Feature","properties":{"kind":"barrier"},"geometry":{"type":"LineString","coordinates":[[12.08262,57.7961],[12.08276,57.79611]]}},{"type":"Feature","properties":{"kind":"barrier"},"geometry":{"type":"LineString","coordinates":[[12.08313,57.79615],[12.08276,57.79611]]}},{"type":"Feature","properties":{"kind":"barrier"},"geometry":{"type":"LineString","coordinates":[[12.08458,57.79552],[12.08428,57.79649],[12.08313,57.79615]]}},{"type":"Feature","properties":{"kind":"barrier"},"geometry":{"type":"LineString","coordinates":[[12.08474,57.79557],[12.08458,57.79552]]}},{"type":"Feature","properties":{"kind":"barrier"},"geometry":{"type":"LineString","coordinates":[[12.08489,57.79577],[12.08474,57.79557]]}},{"type":"Feature","properties":{"kind":"barrier"},"geometry":{"type":"LineString","coordinates":[[12.08601,57.7956],[12.08572,57.79627],[12.08489,57.79577]]}},{"type":"Feature","properties":{"kind":"barrier"},"geometry":{"type":"LineString","coordinates":[[12.08755,57.79575],[12.0866,57.79486],[12.08564,57.79517],[12.08601,57.7956]]}},{"type":"Feature","properties":{"kind":"barrier"},"geometry":{"type":"LineString","coordinates":[[12.08815,57.79568],[12.08755,57.79575]]}},{"type":"Feature","properties":{"kind":"barrier"},"geometry":{"type":"LineString","coordinates":[[12.09119,57.79497],[12.08815,57.79568]]}},{"type":"Feature","properties":{"kind":"barrier"},"geometry":{"type":"LineString","coordinates":[[12.10141,57.79553],[12.09717,57.7951],[12.09634,57.79585],[12.09119,57.79497]]}},{"type":"Feature","properties":{"kind":"barrier"},"geometry":{"type":"LineString","coordinates":[[12.13084,57.79779],[12.13174,57.79838],[12.13103,57.79894],[12.12989,57.79883],[12.12852,57.79785],[12.12866,57.79737],[12.12757,57.7973],[12.12282,57.79908],[12.1213,57.79871],[12.12189,57.79818],[12.11997,57.79822],[12.11981,57.79924],[12.11852,57.79781],[12.11632,57.79868],[12.11562,57.79764],[12.11419,57.7981],[12.11304,57.79688],[12.10897,57.79706],[12.10773,57.79623],[12.10655,57.79662],[12.10141,57.79553]]}},{"type":"Feature","properties":{"kind":"barrier"},"geometry":{"type":"LineString","coordinates":[[12.12196,57.799],[12.12118,57.79865],[12.12187,57.79822],[12.12011,57.79822],[12.12015,57.79922],[12.11957,57.79925],[12.1183,57.79787],[12.11628,57.79875]]}},{"type":"Feature","properties":{"kind":"barrier"},"geometry":{"type":"LineString","coordinates":[[12.12196,57.799],[12.12272,57.79914]]}},{"type":"Feature","properties":{"kind":"barrier"},"geometry":{"type":"LineString","coordinates":[[12.12272,57.79914],[12.12273,57.79914]]}},{"type":"Feature","properties":{"kind":"barrier"},"geometry":{"type":"LineString","coordinates":[[12.12273,57.79914],[12.12313,57.79904]]}},{"type":"Feature","properties":{"kind":"barrier"},"geometry":{"type":"LineString","coordinates":[[12.12313,57.79904],[12.12766,57.79734],[12.12865,57.79745],[12.12844,57.79788],[12.12976,57.79883],[12.13114,57.799],[12.13182,57.79838],[12.13084,57.79779]]}},{"type":"Feature","properties":{"kind":"barrier"},"geometry":{"type":"LineString","coordinates":[[12.11628,57.79875],[12.11556,57.7977],[12.11491,57.79805]]}},{"type":"Feature","properties":{"kind":"barrier"},"geometry":{"type":"LineString","coordinates":[[12.11491,57.79805],[12.11397,57.79806],[12.11306,57.79694],[12.10887,57.79711],[12.10763,57.79631],[12.10648,57.7967],[12.10125,57.79557]]}},{"type":"Feature","properties":{"kind":"barrier"},"geometry":{"type":"LineString","coordinates":[[12.10125,57.79557],[12.09833,57.79543]]}},{"type":"Feature","properties":{"kind":"barrier"},"geometry":{"type":"LineString","coordinates":[[12.09833,57.79543],[12.097,57.79522]]}},{"type":"Feature","properties":{"kind":"barrier"},"geometry":{"type":"LineString","coordinates":[[12.097,57.79522],[12.0969,57.79555]]}},{"type":"Feature","properties":{"kind":"barrier"},"geometry":{"type":"LineString","coordinates":[[12.0969,57.79555],[12.09693,57.79564]]}},{"type":"Feature","properties":{"kind":"barrier"},"geometry":{"type":"LineString","coordinates":[[12.09693,57.79564],[12.09527,57.79569]]}},{"type":"Feature","properties":{"kind":"barrier"},"geometry":{"type":"LineString","coordinates":[[12.09527,57.79569],[12.09334,57.79544]]}},{"type":"Feature","properties":{"kind":"barrier"},"geometry":{"type":"LineString","coordinates":[[12.09334,57.79544],[12.09097,57.79502]]}},{"type":"Feature","properties":{"kind":"barrier"},"geometry":{"type":"LineString","coordinates":[[12.09097,57.79502],[12.09051,57.79507]]}},{"type":"Feature","properties":{"kind":"barrier"},"geometry":{"type":"LineString","coordinates":[[12.09051,57.79507],[12.08745,57.79588],[12.08669,57.79524]]}},{"type":"Feature","properties":{"kind":"barrier"},"geometry":{"type":"LineString","coordinates":[[12.08669,57.79524],[12.08605,57.795],[12.08605,57.79552]]}},{"type":"Feature","properties":{"kind":"barrier"},"geometry":{"type":"LineString","coordinates":[[12.08605,57.79552],[12.08637,57.79585]]}},{"type":"Feature","properties":{"kind":"barrier"},"geometry":{"type":"LineString","coordinates":[[12.08637,57.79585],[12.08615,57.79601]]}},{"type":"Feature","properties":{"kind":"barrier"},"geometry":{"type":"LineString","coordinates":[[12.08615,57.79601],[12.08537,57.7963]]}},{"type":"Feature","properties":{"kind":"barrier"},"geometry":{"type":"LineString","coordinates":[[12.08537,57.7963],[12.08448,57.79561],[12.08439,57.79657],[12.08283,57.7962],[12.07946,57.79708],[12.07753,57.79601]]}},{"type":"Feature","properties":{"kind":"barrier"},"geometry":{"type":"LineString","coordinates":[[12.07753,57.79601],[12.07699,57.79563],[12.07805,57.79496],[12.0777,57.79467],[12.07451,57.79457],[12.0727,57.79533],[12.066,57.79343],[12.06508,57.79388],[12.06593,57.79414],[12.06564,57.79447]]}},{"type":"Feature","properties":{"kind":"barrier"},"geometry":{"type":"LineString","coordinates":[[12.06564,57.79447],[12.06404,57.79409],[12.06282,57.79465],[12.06217,57.79335],[12.06296,57.79195],[12.06115,57.79269],[12.05888,57.7919],[12.0598,57.79059],[12.059,57.7886],[12.06175,57.78652],[12.06298,57.78458],[12.06592,57.78414],[12.06774,57.78289],[12.06796,57.78142],[12.06738,57.78056],[12.07076,57.77944],[12.06892,57.77752]]}},{"type":"Feature","properties":{"kind":"barrier"},"geometry":{"type":"LineString","coordinates":[[12.06892,57.77752],[12.06936,57.77735]]}},{"type":"Feature","properties":{"kind":"barrier"},"geometry":{"type":"LineString","coordinates":[[12.06936,57.77735],[12.07103,57.77663],[12.06939,57.77575],[12.07021,57.77506],[12.06919,57.77374],[12.06763,57.77385]]}},{"type":"Feature","properties":{"kind":"barrier"},"geometry":{"type":"LineString","coordinates":[[12.06763,57.77385],[12.06672,57.77365],[12.06653,57.77176],[12.06434,57.77177],[12.06311,57.77091],[12.06087,57.7709],[12.06003,57.77165],[12.04897,57.77073],[12.04828,57.76952],[12.04547,57.76883],[12.03957,57.76862],[12.03816,57.76737],[12.03578,57.76686],[12.03234,57.76734],[12.03008,57.76588],[12.02702,57.76576],[12.02604,57.76497],[12.02378,57.76472]]}},{"type":"Feature","properties":{"kind":"barrier"},"geometry":{"type":"LineString","coordinates":[[12.02378,57.76472],[12.0238,57.76472]]}},{"type":"Feature","properties":{"kind":"barrier"},"geometry":{"type":"LineString","coordinates":[[12.0238,57.76472],[12.02431,57.7648]]}},{"type":"Feature","properties":{"kind":"barrier"},"geometry":{"type":"LineString","coordinates":[[12.02431,57.7648],[12.0244,57.76472]]}},{"type":"Feature","properties":{"kind":"barrier"},"geometry":{"type":"LineString","coordinates":[[12.0244,57.76472],[12.02604,57.76483],[12.02694,57.76565],[12.03004,57.76579],[12.03236,57.76726],[12.03587,57.76677],[12.03833,57.76734],[12.03973,57.76857],[12.04536,57.76868],[12.04836,57.76947],[12.04917,57.77066],[12.05665,57.77087],[12.05992,57.77159],[12.06098,57.77075],[12.06362,57.77125]]}},{"type":"Feature","properties":{"kind":"barrier"},"geometry":{"type":"LineString","coordinates":[[12.06362,57.77125],[12.06421,57.77168]]}},{"type":"Feature","properties":{"kind":"barrier"},"geometry":{"type":"LineString","coordinates":[[12.06421,57.77168],[12.06661,57.77172],[12.06683,57.77366],[12.06758,57.77379]]}},{"type":"Feature","properties":{"kind":"barrier"},"geometry":{"type":"LineString","coordinates":[[12.09836,57.79543],[12.09896,57.79538],[12.09836,57.79543]]}},{"type":"Feature","properties":{"kind":"barrier"},"geometry":{"type":"LineString","coordinates":[[12.1016,57.7957],[12.1016,57.7957]]}},{"type":"Feature","properties":{"kind":"barrier"},"geometry":{"type":"LineString","coordinates":[[12.11993,57.79923],[12.11993,57.79923]]}},{"type":"Feature","properties":{"kind":"barrier"},"geometry":{"type":"LineString","coordinates":[[12.1193,57.79898],[12.1193,57.79898]]}},{"type":"Feature","properties":{"kind":"barrier"},"geometry":{"type":"LineString","coordinates":[[12.06067,57.79365],[12.06032,57.79371]]}},{"type":"Feature","properties":{"kind":"barrier"},"geometry":{"type":"LineString","coordinates":[[12.06032,57.79371],[12.06067,57.79365]]}},{"type":"Feature","properties":{"kind":"barrier"},"geometry":{"type":"LineString","coordinates":[[12.08033,57.81415],[12.07912,57.81418],[12.07936,57.81482]]}},{"type":"Feature","properties":{"kind":"barrier"},"geometry":{"type":"LineString","coordinates":[[12.07936,57.81482],[12.07948,57.81486]]}},{"type":"Feature","properties":{"kind":"barrier"},"geometry":{"type":"LineString","coordinates":[[12.07948,57.81486],[12.08063,57.81485]]}},{"type":"Feature","properties":{"kind":"barrier"},"geometry":{"type":"LineString","coordinates":[[12.08063,57.81485],[12.08071,57.81472]]}},{"type":"Feature","properties":{"kind":"barrier"},"geometry":{"type":"LineString","coordinates":[[12.08071,57.81472],[12.08033,57.81415]]}},{"type":"Feature","properties":{"kind":"barrier"},"geometry":{"type":"LineString","coordinates":[[12.07836,57.812],[12.07926,57.81116],[12.07868,57.81095]]}},{"type":"Feature","properties":{"kind":"barrier"},"geometry":{"type":"LineString","coordinates":[[12.07868,57.81095],[12.07799,57.81112]]}},{"type":"Feature","properties":{"kind":"barrier"},"geometry":{"type":"LineString","coordinates":[[12.07799,57.81112],[12.07776,57.8118]]}},{"type":"Feature","properties":{"kind":"barrier"},"geometry":{"type":"LineString","coordinates":[[12.07776,57.8118],[12.0779,57.81222]]}},{"type":"Feature","properties":{"kind":"barrier"},"geometry":{"type":"LineString","coordinates":[[12.0779,57.81222],[12.0785,57.81226]]}},{"type":"Feature","properties":{"kind":"barrier"},"geometry":{"type":"LineString","coordinates":[[12.0785,57.81226],[12.07836,57.812]]}},{"type":"Feature","properties":{"kind":"barrier"},"geometry":{"type":"LineString","coordinates":[[12.13434,57.61386],[12.134,57.61434],[12.13518,57.61514]]}},{"type":"Feature","properties":{"kind":"barrier"},"geometry":{"type":"LineString","coordinates":[[12.13518,57.61514],[12.13601,57.6164]]}},{"type":"Feature","properties":{"kind":"barrier"},"geometry":{"type":"LineString","coordinates":[[12.13601,57.6164],[12.1363,57.6166]]}},{"type":"Feature","properties":{"kind":"barrier"},"geometry":{"type":"LineString","coordinates":[[12.1363,57.6166],[12.13654,57.61562],[12.13598,57.61516]]}},{"type":"Feature","properties":{"kind":"barrier"},"geometry":{"type":"LineString","coordinates":[[12.13598,57.61516],[12.1365,57.61498]]}},{"type":"Feature","properties":{"kind":"barrier"},"geometry":{"type":"LineString","coordinates":[[12.1365,57.61498],[12.13639,57.6147]]}},{"type":"Feature","properties":{"kind":"barrier"},"geometry":{"type":"LineString","coordinates":[[12.13639,57.6147],[12.13589,57.61422]]}},{"type":"Feature","properties":{"kind":"barrier"},"geometry":{"type":"LineString","coordinates":[[12.13589,57.61422],[12.13568,57.61413]]}},{"type":"Feature","properties":{"kind":"barrier"},"geometry":{"type":"LineString","coordinates":[[12.13568,57.61413],[12.13434,57.61386]]}},{"type":"Feature","properties":{"kind":"barrier"},"geometry":{"type":"LineString","coordinates":[[11.93836,57.68757],[11.93978,57.68777],[11.93836,57.68757]]}},{"type":"Feature","properties":{"kind":"barrier"},"geometry":{"type":"LineString","coordinates":[[11.93917,57.68776],[11.93917,57.68776]]}},{"type":"Feature","properties":{"kind":"barrier"},"geometry":{"type":"LineString","coordinates":[[11.94134,57.68654],[11.942,57.68684],[11.94134,57.68654]]}},{"type":"Feature","properties":{"kind":"barrier"},"geometry":{"type":"LineString","coordinates":[[11.94169,57.68646],[11.94169,57.68646]]}},{"type":"Feature","properties":{"kind":"barrier"},"geometry":{"type":"LineString","coordinates":[[11.95141,57.68584],[11.9516,57.68672],[11.95141,57.68584]]}},{"type":"Feature","properties":{"kind":"barrier"},"geometry":{"type":"LineString","coordinates":[[11.95127,57.68586],[11.95127,57.68586]]}},{"type":"Feature","properties":{"kind":"barrier"},"geometry":{"type":"LineString","coordinates":[[12.10794,57.79255],[12.10835,57.79246],[12.10794,57.79255]]}},{"type":"Feature","properties":{"kind":"barrier"},"geometry":{"type":"LineString","coordinates":[[12.10791,57.79249],[12.10791,57.79249]]}},{"type":"Feature","properties":{"kind":"barrier"},"geometry":{"type":"LineString","coordinates":[[12.06882,57.78855],[12.06846,57.78731]]}},{"type":"Feature","properties":{"kind":"barrier"},"geometry":{"type":"LineString","coordinates":[[12.06846,57.78731],[12.06801,57.78735],[12.06827,57.78808]]}},{"type":"Feature","properties":{"kind":"barrier"},"geometry":{"type":"LineString","coordinates":[[12.06827,57.78808],[12.06864,57.78847]]}},{"type":"Feature","properties":{"kind":"barrier"},"geometry":{"type":"LineString","coordinates":[[12.06864,57.78847],[12.06864,57.78851]]}},{"type":"Feature","properties":{"kind":"barrier"},"geometry":{"type":"LineString","coordinates":[[12.06864,57.78851],[12.06882,57.78855]]}},{"type":"Feature","properties":{"kind":"barrier"},"geometry":{"type":"LineString","coordinates":[[11.95699,57.71605],[11.95711,57.71604]]}},{"type":"Feature","properties":{"kind":"barrier"},"geometry":{"type":"LineString","coordinates":[[11.95711,57.71604],[11.95719,57.71626]]}},{"type":"Feature","properties":{"kind":"barrier"},"geometry":{"type":"LineString","coordinates":[[11.95719,57.71626],[11.95699,57.71605]]}},{"type":"Feature","properties":{"kind":"barrier"},"geometry":{"type":"LineString","coordinates":[[11.98714,57.78741],[11.98684,57.78723]]}},{"type":"Feature","properties":{"kind":"barrier"},"geometry":{"type":"LineString","coordinates":[[11.98714,57.78741],[11.98684,57.78723]]}},{"type":"Feature","properties":{"kind":"barrier"},"geometry":{"type":"LineString","coordinates":[[12.00398,57.77426],[12.00402,57.77414]]}},{"type":"Feature","properties":{"kind":"barrier"},"geometry":{"type":"LineString","coordinates":[[12.00402,57.77414],[12.00398,57.77426]]}},{"type":"Feature","properties":{"kind":"barrier"},"geometry":{"type":"LineString","coordinates":[[11.92709,57.73734],[11.92651,57.73763]]}},{"type":"Feature","properties":{"kind":"barrier"},"geometry":{"type":"LineString","coordinates":[[11.92709,57.73734],[11.92899,57.73381],[11.92846,57.7336],[11.9266,57.73532],[11.92651,57.73763]]}},{"type":"Feature","properties":{"kind":"barrier"},"geometry":{"type":"LineString","coordinates":[[12.10823,57.70349],[12.10608,57.70225]]}},{"type":"Feature","properties":{"kind":"barrier"},"geometry":{"type":"LineString","coordinates":[[12.10608,57.70225],[12.10501,57.70299],[12.10573,57.70354]]}},{"type":"Feature","properties":{"kind":"barrier"},"geometry":{"type":"LineString","coordinates":[[12.10573,57.70354],[12.10791,57.70384]]}},{"type":"Feature","properties":{"kind":"barrier"},"geometry":{"type":"LineString","coordinates":[[12.10791,57.70384],[12.10823,57.70349]]}},{"type":"Feature","properties":{"kind":"barrier"},"geometry":{"type":"LineString","coordinates":[[12.10791,57.70384],[12.10776,57.70507],[12.10846,57.70419],[12.1103,57.7051],[12.11293,57.70337],[12.11485,57.70378]]}},{"type":"Feature","properties":{"kind":"barrier"},"geometry":{"type":"LineString","coordinates":[[12.10791,57.70384],[12.10823,57.70349]]}},{"type":"Feature","properties":{"kind":"barrier"},"geometry":{"type":"LineString","coordinates":[[12.11536,57.70368],[12.11522,57.70218],[12.11687,57.70242],[12.11466,57.70082],[12.11138,57.70153],[12.10996,57.70256],[12.1085,57.70234],[12.10823,57.70349]]}},{"type":"Feature","properties":{"kind":"barrier"},"geometry":{"type":"LineString","coordinates":[[12.11485,57.70378],[12.11536,57.70368]]}},{"type":"Feature","properties":{"kind":"barrier"},"geometry":{"type":"LineString","coordinates":[[12.1121,57.70217],[12.1121,57.70217]]}},{"type":"Feature","properties":{"kind":"barrier"},"geometry":{"type":"LineString","coordinates":[[12.04789,57.75671],[12.04766,57.75649]]}},{"type":"Feature","properties":{"kind":"barrier"},"geometry":{"type":"LineString","coordinates":[[12.04789,57.75671],[12.04766,57.75649]]}},{"type":"Feature","properties":{"kind":"barrier"},"geometry":{"type":"LineString","coordinates":[[12.0476,57.75735],[12.04789,57.75674]]}},{"type":"Feature","properties":{"kind":"barrier"},"geometry":{"type":"LineString","coordinates":[[12.0476,57.75735],[12.04789,57.75674]]}},{"type":"Feature","properties":{"kind":"barrier"},"geometry":{"type":"LineString","coordinates":[[12.04771,57.7573],[12.04771,57.7573]]}},{"type":"Feature","properties":{"kind":"barrier"},"geometry":{"type":"LineString","coordinates":[[12.11062,57.69318],[12.11115,57.69317],[12.11062,57.69318]]}},{"type":"Feature","properties":{"kind":"barrier"},"geometry":{"type":"LineString","coordinates":[[12.1101,57.69347],[12.11146,57.69326],[12.10987,57.69299],[12.1101,57.69347]]}},{"type":"Feature","properties":{"kind":"barrier"},"geometry":{"type":"LineString","coordinates":[[11.80697,57.63233],[11.80609,57.63208],[11.80647,57.63242],[11.80592,57.63281],[11.80733,57.63286],[11.80697,57.63233]]}},{"type":"Feature","properties":{"kind":"barrier"},"geometry":{"type":"LineString","coordinates":[[11.80655,57.63209],[11.80655,57.63209]]}},{"type":"Feature","properties":{"kind":"barrier"},"geometry":{"type":"LineString","coordinates":[[11.80673,57.63251],[11.80673,57.63251]]}},{"type":"Feature","properties":{"kind":"barrier"},"geometry":{"type":"LineString","coordinates":[[11.80646,57.63262],[11.80707,57.63266],[11.80646,57.63262]]}},{"type":"Feature","properties":{"kind":"barrier"},"geometry":{"type":"LineString","coordinates":[[11.92104,57.6104],[11.92052,57.6095],[11.91888,57.60967],[11.91824,57.60915],[11.91904,57.60864],[11.91851,57.60796],[11.91965,57.60736],[11.9215,57.60781],[11.92106,57.60565],[11.92156,57.60487],[11.92088,57.60421],[11.9214,57.60405],[11.92158,57.60272],[11.92323,57.60146],[11.92377,57.59937],[11.92293,57.59793],[11.91971,57.59727],[11.92013,57.59668],[11.9197,57.59418],[11.92146,57.59366],[11.92228,57.59231],[11.9219,57.59137],[11.92308,57.5898],[11.92666,57.5891],[11.92698,57.58879],[11.92599,57.58754],[11.92765,57.5876],[11.92789,57.58649],[11.92927,57.58576],[11.92881,57.58548]]}},{"type":"Feature","properties":{"kind":"barrier"},"geometry":{"type":"LineString","coordinates":[[11.76625,57.78818],[11.76635,57.7889],[11.76541,57.78813],[11.76625,57.78818]]}},{"type":"Feature","properties":{"kind":"barrier"},"geometry":{"type":"LineString","coordinates":[[11.83444,57.79258],[11.83291,57.79168],[11.83494,57.79085],[11.83212,57.79001],[11.8325,57.78954],[11.82635,57.78881],[11.82372,57.78791],[11.82479,57.78777],[11.82456,57.7874],[11.82349,57.78785],[11.81821,57.7871]]}},{"type":"Feature","properties":{"kind":"barrier"},"geometry":{"type":"LineString","coordinates":[[11.7513,57.79078],[11.75148,57.79142],[11.75306,57.79104],[11.75649,57.79152],[11.75593,57.79172],[11.75848,57.7937]]}},{"type":"Feature","properties":{"kind":"barrier"},"geometry":{"type":"LineString","coordinates":[[11.75797,57.78933],[11.7582,57.7889],[11.76112,57.78901]]}},{"type":"Feature","properties":{"kind":"barrier"},"geometry":{"type":"LineString","coordinates":[[11.76889,57.75653],[11.7715,57.75692],[11.77378,57.75865],[11.77163,57.75876],[11.77005,57.75831],[11.76965,57.75794],[11.77029,57.75775],[11.76942,57.75749],[11.768,57.75804],[11.76552,57.75747],[11.76501,57.75666],[11.76889,57.75653]]}},{"type":"Feature","properties":{"kind":"barrier"},"geometry":{"type":"LineString","coordinates":[[11.75952,57.75634],[11.75986,57.75662],[11.7593,57.75678],[11.75874,57.75606],[11.75952,57.75634]]}},{"type":"Feature","properties":{"kind":"barrier"},"geometry":{"type":"LineString","coordinates":[[11.75677,57.75623],[11.75815,57.75602],[11.75832,57.7569],[11.75746,57.75714]]}},{"type":"Feature","properties":{"kind":"barrier"},"geometry":{"type":"LineString","coordinates":[[11.75654,57.75576],[11.75582,57.75548],[11.75663,57.75534]]}},{"type":"Feature","properties":{"kind":"barrier"},"geometry":{"type":"LineString","coordinates":[[11.77586,57.75644],[11.77467,57.75617],[11.7745,57.75558],[11.77598,57.75494],[11.78201,57.75512],[11.78805,57.75866],[11.78755,57.7588],[11.78776,57.75939]]}},{"type":"Feature","properties":{"kind":"barrier"},"geometry":{"type":"LineString","coordinates":[[11.78625,57.75363],[11.79275,57.75418],[11.79148,57.75461],[11.7915,57.75532],[11.78798,57.7564],[11.78628,57.75588],[11.78772,57.75447],[11.78574,57.75386],[11.78625,57.75363]]}},{"type":"Feature","properties":{"kind":"barrier"},"geometry":{"type":"LineString","coordinates":[[11.79209,57.75209],[11.79253,57.75243],[11.79078,57.75229],[11.79209,57.75209]]}},{"type":"Feature","properties":{"kind":"barrier"},"geometry":{"type":"LineString","coordinates":[[11.75075,57.74904],[11.75372,57.74897],[11.75967,57.75116],[11.75968,57.75244],[11.75868,57.75314],[11.75468,57.753]]}},{"type":"Feature","properties":{"kind":"barrier"},"geometry":{"type":"LineString","coordinates":[[11.81821,57.7871],[11.81479,57.78618],[11.81455,57.78544],[11.81202,57.78428],[11.81076,57.78274],[11.81182,57.7818],[11.81406,57.78216],[11.8139,57.78163],[11.81692,57.78145],[11.81686,57.78034],[11.81543,57.77911],[11.81632,57.77877],[11.81615,57.77825],[11.81408,57.77828],[11.81453,57.7778],[11.8126,57.77652],[11.81552,57.77486],[11.81256,57.77555],[11.80871,57.77749],[11.80738,57.77679]]}},{"type":"Feature","properties":{"kind":"barrier"},"geometry":{"type":"LineString","coordinates":[[11.79994,57.77274],[11.79762,57.77273],[11.79227,57.77107],[11.7916,57.7715],[11.7908,57.77121],[11.79179,57.77089],[11.79164,57.7704],[11.78529,57.76947],[11.78478,57.76917],[11.78557,57.76913],[11.78276,57.76688],[11.77998,57.76617],[11.78144,57.76506],[11.77958,57.76531],[11.77844,57.76447],[11.77933,57.76397],[11.78094,57.76455],[11.78788,57.76397],[11.78888,57.76463],[11.78885,57.76418],[11.79123,57.7644]]}},{"type":"Feature","properties":{"kind":"barrier"},"geometry":{"type":"LineString","coordinates":[[11.79639,57.7566],[11.79676,57.75611],[11.79873,57.75644],[11.80261,57.75571],[11.80181,57.75371],[11.80007,57.75326],[11.7993,57.75231],[11.80042,57.75106],[11.79964,57.75074],[11.79985,57.75028],[11.79956,57.75088]]}},{"type":"Feature","properties":{"kind":"barrier"},"geometry":{"type":"LineString","coordinates":[[11.79956,57.75088],[11.79837,57.75049],[11.79643,57.75121],[11.79567,57.75257],[11.79081,57.75112],[11.79104,57.75187],[11.79053,57.75211],[11.78645,57.75134],[11.78275,57.75196],[11.77877,57.75011],[11.77303,57.74854],[11.7737,57.74801],[11.77735,57.74897],[11.78062,57.74888],[11.78103,57.74766],[11.77918,57.74681],[11.77516,57.74735],[11.77209,57.74709],[11.77089,57.74624],[11.76348,57.74615]]}},{"type":"Feature","properties":{"kind":"barrier"},"geometry":{"type":"LineString","coordinates":[[11.75185,57.74638],[11.74809,57.74569],[11.74554,57.74638],[11.74535,57.74551],[11.74408,57.74467],[11.7431,57.74548],[11.74482,57.74618]]}},{"type":"Feature","properties":{"kind":"barrier"},"geometry":{"type":"LineString","coordinates":[[11.75866,57.68813],[11.75686,57.68814],[11.7559,57.68939],[11.75387,57.6898],[11.75147,57.68882],[11.751,57.68756],[11.75524,57.68692],[11.75662,57.68753],[11.75775,57.68645],[11.75949,57.68601]]}},{"type":"Feature","properties":{"kind":"barrier"},"geometry":{"type":"LineString","coordinates":[[11.75595,57.68544],[11.75529,57.6847],[11.75685,57.68463],[11.75765,57.68483],[11.75683,57.68489],[11.7574,57.68566]]}},{"type":"Feature","properties":{"kind":"barrier"},"geometry":{"type":"LineString","coordinates":[[11.79428,57.68632],[11.79492,57.685],[11.79447,57.68279],[11.79654,57.68276],[11.79857,57.68465],[11.79882,57.68554],[11.79803,57.68666]]}},{"type":"Feature","properties":{"kind":"barrier"},"geometry":{"type":"LineString","coordinates":[[11.82907,57.67839],[11.83005,57.6779],[11.83022,57.67844]]}},{"type":"Feature","properties":{"kind":"barrier"},"geometry":{"type":"LineString","coordinates":[[11.82574,57.67578],[11.82842,57.67516],[11.82782,57.67609],[11.82589,57.67673]]}},{"type":"Feature","properties":{"kind":"barrier"},"geometry":{"type":"LineString","coordinates":[[11.82054,57.67538],[11.8205,57.67475],[11.82172,57.67489]]}},{"type":"Feature","properties":{"kind":"barrier"},"geometry":{"type":"LineString","coordinates":[[11.81776,57.67247],[11.81864,57.67234]]}},{"type":"Feature","properties":{"kind":"barrier"},"geometry":{"type":"LineString","coordinates":[[11.82436,57.6718],[11.82554,57.67267],[11.82449,57.67276],[11.82504,57.67362],[11.82274,57.67372]]}},{"type":"Feature","properties":{"kind":"barrier"},"geometry":{"type":"LineString","coordinates":[[11.82088,57.67089],[11.82058,57.67039]]}},{"type":"Feature","properties":{"kind":"barrier"},"geometry":{"type":"LineString","coordinates":[[11.81457,57.66839],[11.81387,57.66879],[11.81334,57.66838],[11.81457,57.66839]]}},{"type":"Feature","properties":{"kind":"barrier"},"geometry":{"type":"LineString","coordinates":[[11.82328,57.66851],[11.82277,57.66909],[11.82199,57.66873],[11.82311,57.66797]]}},{"type":"Feature","properties":{"kind":"barrier"},"geometry":{"type":"LineString","coordinates":[[11.81122,57.66729],[11.81256,57.66777],[11.8108,57.66797]]}},{"type":"Feature","properties":{"kind":"barrier"},"geometry":{"type":"LineString","coordinates":[[11.82344,57.66569],[11.82386,57.66618],[11.82308,57.66609]]}},{"type":"Feature","properties":{"kind":"barrier"},"geometry":{"type":"LineString","coordinates":[[11.8301,57.66069],[11.83084,57.66058],[11.83146,57.66135],[11.82959,57.66205],[11.8301,57.66069]]}},{"type":"Feature","properties":{"kind":"barrier"},"geometry":{"type":"LineString","coordinates":[[11.79564,57.66017],[11.79614,57.66041],[11.79559,57.66089],[11.79495,57.66056],[11.79564,57.66017]]}},{"type":"Feature","properties":{"kind":"barrier"},"geometry":{"type":"LineString","coordinates":[[11.83591,57.65923],[11.83676,57.66044],[11.83468,57.65966],[11.83591,57.65923]]}},{"type":"Feature","properties":{"kind":"barrier"},"geometry":{"type":"LineString","coordinates":[[11.81741,57.6605],[11.81616,57.66011],[11.81684,57.65932],[11.81778,57.65946]]}},{"type":"Feature","properties":{"kind":"barrier"},"geometry":{"type":"LineString","coordinates":[[11.83938,57.65869],[11.83949,57.65942],[11.83836,57.65992],[11.83697,57.65951],[11.83647,57.65859],[11.83784,57.65822],[11.83901,57.65913],[11.83938,57.65869]]}},{"type":"Feature","properties":{"kind":"barrier"},"geometry":{"type":"LineString","coordinates":[[11.7857,57.65757],[11.78464,57.65827],[11.7857,57.65757]]}},{"type":"Feature","properties":{"kind":"barrier"},"geometry":{"type":"LineString","coordinates":[[11.77392,57.65733],[11.77515,57.65774],[11.77356,57.65771],[11.77319,57.65749],[11.77392,57.65733]]}},{"type":"Feature","properties":{"kind":"barrier"},"geometry":{"type":"LineString","coordinates":[[11.78212,57.65667],[11.78261,57.65692],[11.78172,57.65695],[11.78212,57.65667]]}},{"type":"Feature","properties":{"kind":"barrier"},"geometry":{"type":"LineString","coordinates":[[11.8403,57.65535],[11.84234,57.65639],[11.84243,57.65697],[11.84031,57.65701],[11.84053,57.65663],[11.83924,57.65624],[11.8384,57.65692]]}},{"type":"Feature","properties":{"kind":"barrier"},"geometry":{"type":"LineString","coordinates":[[11.76896,57.65465],[11.76929,57.65529],[11.76846,57.65511],[11.76896,57.65465]]}},{"type":"Feature","properties":{"kind":"barrier"},"geometry":{"type":"LineString","coordinates":[[11.78526,57.65445],[11.78594,57.65477],[11.78557,57.65553],[11.7848,57.65529],[11.78526,57.65445]]}},{"type":"Feature","properties":{"kind":"barrier"},"geometry":{"type":"LineString","coordinates":[[11.77045,57.65384],[11.7694,57.65432],[11.77045,57.65384]]}},{"type":"Feature","properties":{"kind":"barrier"},"geometry":{"type":"LineString","coordinates":[[11.83723,57.65409],[11.83615,57.65437],[11.83637,57.65474],[11.83505,57.65418]]}},{"type":"Feature","properties":{"kind":"barrier"},"geometry":{"type":"LineString","coordinates":[[11.81889,57.65121],[11.81793,57.65178]]}},{"type":"Feature","properties":{"kind":"barrier"},"geometry":{"type":"LineString","coordinates":[[11.82455,57.65104],[11.82429,57.65051],[11.82516,57.6506]]}},{"type":"Feature","properties":{"kind":"barrier"},"geometry":{"type":"LineString","coordinates":[[11.80001,57.65461],[11.80391,57.65564],[11.80351,57.65751],[11.80453,57.65731],[11.805,57.65786],[11.8034,57.6576],[11.80145,57.65827],[11.80191,57.65901],[11.80461,57.65945],[11.80333,57.66117],[11.80161,57.66166],[11.8018,57.66283],[11.79946,57.66355],[11.79796,57.66292],[11.79863,57.66239],[11.79801,57.66176],[11.79683,57.66184],[11.79748,57.66072],[11.79566,57.65967],[11.79793,57.65838],[11.79725,57.65763],[11.79753,57.65651],[11.79239,57.65805]]}},{"type":"Feature","properties":{"kind":"barrier"},"geometry":{"type":"LineString","coordinates":[[11.79008,57.64537],[11.79011,57.64586],[11.78934,57.64571],[11.79008,57.64537]]}},{"type":"Feature","properties":{"kind":"barrier"},"geometry":{"type":"LineString","coordinates":[[11.80948,57.64446],[11.81025,57.64499],[11.80958,57.64502],[11.80948,57.64446]]}},{"type":"Feature","properties":{"kind":"barrier"},"geometry":{"type":"LineString","coordinates":[[11.80929,57.64231],[11.8076,57.64272],[11.8079,57.64304],[11.80704,57.64261],[11.80929,57.64231]]}},{"type":"Feature","properties":{"kind":"barrier"},"geometry":{"type":"LineString","coordinates":[[11.79637,57.64188],[11.79761,57.64207],[11.79628,57.64244],[11.79575,57.64198],[11.79637,57.64188]]}},{"type":"Feature","properties":{"kind":"barrier"},"geometry":{"type":"LineString","coordinates":[[11.83645,57.64054],[11.83692,57.64075],[11.83589,57.64108],[11.83495,57.64055],[11.83645,57.64054]]}},{"type":"Feature","properties":{"kind":"barrier"},"geometry":{"type":"LineString","coordinates":[[11.80395,57.64054],[11.80503,57.641],[11.80395,57.64054]]}},{"type":"Feature","properties":{"kind":"barrier"},"geometry":{"type":"LineString","coordinates":[[11.79195,57.64932],[11.78941,57.64842],[11.79074,57.64734],[11.79078,57.64644],[11.79438,57.64517],[11.79398,57.64465],[11.79744,57.64436],[11.79915,57.64159],[11.80049,57.64136],[11.79956,57.64008],[11.80054,57.6398],[11.8031,57.64079],[11.8074,57.64398]]}},{"type":"Feature","properties":{"kind":"barrier"},"geometry":{"type":"LineString","coordinates":[[11.808,57.63945],[11.80721,57.63962],[11.808,57.63945]]}},{"type":"Feature","properties":{"kind":"barrier"},"geometry":{"type":"LineString","coordinates":[[11.80966,57.63918],[11.81007,57.63889],[11.81113,57.63977],[11.81025,57.63999],[11.80966,57.63918]]}},{"type":"Feature","properties":{"kind":"barrier"},"geometry":{"type":"LineString","coordinates":[[11.79757,57.63887],[11.7974,57.6396],[11.79457,57.64079],[11.79442,57.64036],[11.7952,57.64025],[11.79347,57.63891]]}},{"type":"Feature","properties":{"kind":"barrier"},"geometry":{"type":"LineString","coordinates":[[11.7888,57.63562],[11.78903,57.63598],[11.78822,57.63618],[11.7888,57.63562]]}},{"type":"Feature","properties":{"kind":"barrier"},"geometry":{"type":"LineString","coordinates":[[11.80073,57.63622],[11.79749,57.63683],[11.79651,57.6356],[11.79773,57.63533],[11.79808,57.63582]]}},{"type":"Feature","properties":{"kind":"barrier"},"geometry":{"type":"LineString","coordinates":[[11.83389,57.63258],[11.834,57.63309],[11.8332,57.63291],[11.83389,57.63258]]}},{"type":"Feature","properties":{"kind":"barrier"},"geometry":{"type":"LineString","coordinates":[[11.85281,57.63],[11.85433,57.63053],[11.85377,57.6309],[11.85448,57.63161],[11.85399,57.63199],[11.85042,57.63077],[11.85281,57.63]]}},{"type":"Feature","properties":{"kind":"barrier"},"geometry":{"type":"LineString","coordinates":[[11.7658,57.63073],[11.7679,57.62941],[11.76956,57.62953],[11.77051,57.63062],[11.76861,57.63113],[11.76959,57.63152],[11.76806,57.63157]]}},{"type":"Feature","properties":{"kind":"barrier"},"geometry":{"type":"LineString","coordinates":[[11.82995,57.63064],[11.82892,57.63148],[11.82638,57.63206],[11.82609,57.63081],[11.82671,57.62977]]}},{"type":"Feature","properties":{"kind":"barrier"},"geometry":{"type":"LineString","coordinates":[[11.78922,57.6282],[11.78855,57.62849],[11.78922,57.6282]]}},{"type":"Feature","properties":{"kind":"barrier"},"geometry":{"type":"LineString","coordinates":[[11.78756,57.6279],[11.78756,57.6279]]}},{"type":"Feature","properties":{"kind":"barrier"},"geometry":{"type":"LineString","coordinates":[[11.77608,57.62759],[11.77704,57.62806],[11.77459,57.62803],[11.77608,57.62759]]}},{"type":"Feature","properties":{"kind":"barrier"},"geometry":{"type":"LineString","coordinates":[[11.78881,57.62727],[11.78871,57.62772],[11.78771,57.62746],[11.78881,57.62727]]}},{"type":"Feature","properties":{"kind":"barrier"},"geometry":{"type":"LineString","coordinates":[[11.86676,57.62861],[11.86774,57.62824],[11.86821,57.62681],[11.87127,57.62709],[11.86828,57.62977],[11.86808,57.63087],[11.86923,57.63178],[11.86824,57.63218],[11.86831,57.63335],[11.86757,57.6332]]}},{"type":"Feature","properties":{"kind":"barrier"},"geometry":{"type":"LineString","coordinates":[[11.77108,57.62666],[11.77229,57.62707],[11.77189,57.62745],[11.77243,57.62812],[11.77049,57.62781]]}},{"type":"Feature","properties":{"kind":"barrier"},"geometry":{"type":"LineString","coordinates":[[11.79115,57.62565],[11.79142,57.626],[11.79032,57.626],[11.79115,57.62565]]}},{"type":"Feature","properties":{"kind":"barrier"},"geometry":{"type":"LineString","coordinates":[[11.77405,57.62461],[11.77437,57.62538],[11.77244,57.62535],[11.77393,57.62447]]}},{"type":"Feature","properties":{"kind":"barrier"},"geometry":{"type":"LineString","coordinates":[[11.81083,57.63468],[11.80936,57.63577],[11.80835,57.63577],[11.80851,57.63671],[11.80572,57.6373],[11.80451,57.63604],[11.80614,57.63523],[11.80486,57.6345],[11.80254,57.63441],[11.80081,57.63332],[11.79883,57.63412],[11.79687,57.6339],[11.79658,57.63328],[11.79706,57.63312],[11.79593,57.63272],[11.79643,57.63193],[11.79535,57.63204],[11.79509,57.63123],[11.79576,57.63075],[11.79487,57.63001],[11.796,57.62999],[11.79454,57.62889],[11.79455,57.62828],[11.79551,57.62731],[11.79721,57.62703]]}},{"type":"Feature","properties":{"kind":"barrier"},"geometry":{"type":"LineString","coordinates":[[11.86095,57.62685],[11.86072,57.62779],[11.86168,57.62931],[11.85996,57.63049],[11.8568,57.62921],[11.85729,57.62795]]}},{"type":"Feature","properties":{"kind":"barrier"},"geometry":{"type":"LineString","coordinates":[[11.76715,57.62336],[11.76724,57.62468],[11.76653,57.62503],[11.76566,57.62376],[11.76715,57.62336]]}},{"type":"Feature","properties":{"kind":"barrier"},"geometry":{"type":"LineString","coordinates":[[11.77708,57.62679],[11.7747,57.62593],[11.77617,57.62568],[11.77504,57.6248],[11.7769,57.62337],[11.77973,57.62411],[11.78033,57.62402],[11.78046,57.62311],[11.78352,57.62357],[11.78634,57.6257],[11.78333,57.62483],[11.7821,57.62553]]}},{"type":"Feature","properties":{"kind":"barrier"},"geometry":{"type":"LineString","coordinates":[[11.83357,57.62221],[11.83603,57.62267],[11.83595,57.62317],[11.83516,57.62297],[11.83543,57.62344],[11.8346,57.62384],[11.83286,57.62377],[11.83221,57.62295],[11.83357,57.62221]]}},{"type":"Feature","properties":{"kind":"barrier"},"geometry":{"type":"LineString","coordinates":[[11.84503,57.6219],[11.84661,57.62231],[11.84561,57.62261],[11.84503,57.6219]]}},{"type":"Feature","properties":{"kind":"barrier"},"geometry":{"type":"LineString","coordinates":[[11.81655,57.62464],[11.81743,57.62544],[11.81673,57.62652],[11.81764,57.62699],[11.81688,57.62725],[11.81658,57.6267]]}},{"type":"Feature","properties":{"kind":"barrier"},"geometry":{"type":"LineString","coordinates":[[11.79151,57.6213],[11.7928,57.62099],[11.79445,57.62155],[11.79428,57.62267],[11.79108,57.62221],[11.79151,57.6213]]}},{"type":"Feature","properties":{"kind":"barrier"},"geometry":{"type":"LineString","coordinates":[[11.81601,57.62212],[11.81542,57.62109],[11.81594,57.62085],[11.81688,57.62149],[11.81693,57.62259]]}},{"type":"Feature","properties":{"kind":"barrier"},"geometry":{"type":"LineString","coordinates":[[11.79419,57.62066],[11.79395,57.62117],[11.79419,57.62066]]}},{"type":"Feature","properties":{"kind":"barrier"},"geometry":{"type":"LineString","coordinates":[[11.80256,57.6207],[11.80552,57.62218],[11.80419,57.62224],[11.80467,57.62292],[11.80377,57.62378],[11.80057,57.62515],[11.79753,57.62514],[11.79762,57.62465],[11.7964,57.62444],[11.79627,57.62391],[11.79541,57.62407],[11.79603,57.62377],[11.795,57.62317],[11.79534,57.62181],[11.80256,57.6207]]}},{"type":"Feature","properties":{"kind":"barrier"},"geometry":{"type":"LineString","coordinates":[[11.83592,57.62082],[11.83659,57.6213],[11.8354,57.62122],[11.83592,57.62082]]}},{"type":"Feature","properties":{"kind":"barrier"},"geometry":{"type":"LineString","coordinates":[[11.83769,57.62015],[11.83832,57.62063],[11.83734,57.62059],[11.83769,57.62015]]}},{"type":"Feature","properties":{"kind":"barrier"},"geometry":{"type":"LineString","coordinates":[[11.81767,57.62167],[11.81632,57.62009],[11.81782,57.61999],[11.81833,57.62034],[11.81769,57.62051],[11.81917,57.62119]]}},{"type":"Feature","properties":{"kind":"barrier"},"geometry":{"type":"LineString","coordinates":[[11.84894,57.62512],[11.85375,57.62562],[11.8545,57.62708],[11.85187,57.6291],[11.85293,57.62971],[11.8456,57.63046]]}},{"type":"Feature","properties":{"kind":"barrier"},"geometry":{"type":"LineString","coordinates":[[11.83725,57.61967],[11.83764,57.61995],[11.83714,57.6201],[11.8366,57.61954],[11.83725,57.61967]]}},{"type":"Feature","properties":{"kind":"barrier"},"geometry":{"type":"LineString","coordinates":[[11.82713,57.62636],[11.82694,57.62645]]}},{"type":"Feature","properties":{"kind":"barrier"},"geometry":{"type":"LineString","coordinates":[[11.79519,57.6199],[11.79906,57.61863],[11.80167,57.61961],[11.7998,57.61954],[11.80014,57.62032],[11.79706,57.62101],[11.79499,57.62066],[11.79519,57.6199]]}},{"type":"Feature","properties":{"kind":"barrier"},"geometry":{"type":"LineString","coordinates":[[11.81679,57.61919],[11.81483,57.61875],[11.81746,57.61881],[11.81721,57.61848],[11.81811,57.61822],[11.81916,57.61889],[11.81918,57.61972]]}},{"type":"Feature","properties":{"kind":"barrier"},"geometry":{"type":"LineString","coordinates":[[11.85064,57.61858],[11.84992,57.61801],[11.85168,57.61794],[11.85266,57.6188]]}},{"type":"Feature","properties":{"kind":"barrier"},"geometry":{"type":"LineString","coordinates":[[11.85517,57.61907],[11.85564,57.61844],[11.85504,57.6182],[11.85581,57.61795],[11.8547,57.61801],[11.85599,57.6176],[11.85779,57.61773],[11.85851,57.61825],[11.85673,57.61829],[11.85853,57.61864]]}},{"type":"Feature","properties":{"kind":"barrier"},"geometry":{"type":"LineString","coordinates":[[11.8542,57.617],[11.85362,57.61751],[11.85277,57.61709],[11.8542,57.617]]}},{"type":"Feature","properties":{"kind":"barrier"},"geometry":{"type":"LineString","coordinates":[[11.85732,57.61685],[11.85464,57.61749],[11.85717,57.61608],[11.8578,57.61636],[11.85732,57.61685]]}},{"type":"Feature","properties":{"kind":"barrier"},"geometry":{"type":"LineString","coordinates":[[11.76581,57.61212],[11.76626,57.61228],[11.76581,57.61212]]}},{"type":"Feature","properties":{"kind":"barrier"},"geometry":{"type":"LineString","coordinates":[[11.79685,57.6118],[11.79969,57.61254],[11.80131,57.61382],[11.79876,57.61387],[11.7968,57.61281],[11.79685,57.6118]]}},{"type":"Feature","properties":{"kind":"barrier"},"geometry":{"type":"LineString","coordinates":[[11.81753,57.61174],[11.81766,57.6124],[11.81683,57.61258],[11.81608,57.61162],[11.81753,57.61174]]}},{"type":"Feature","properties":{"kind":"barrier"},"geometry":{"type":"LineString","coordinates":[[11.80101,57.6112],[11.80204,57.61194],[11.80032,57.6114],[11.80101,57.6112]]}},{"type":"Feature","properties":{"kind":"barrier"},"geometry":{"type":"LineString","coordinates":[[11.81751,57.61141],[11.81702,57.61148],[11.81751,57.61141]]}},{"type":"Feature","properties":{"kind":"barrier"},"geometry":{"type":"LineString","coordinates":[[11.80731,57.6104],[11.80706,57.61088],[11.80639,57.61065],[11.80731,57.6104]]}},{"type":"Feature","properties":{"kind":"barrier"},"geometry":{"type":"LineString","coordinates":[[11.76599,57.60878],[11.76748,57.60991],[11.76708,57.61014],[11.76568,57.61037],[11.76393,57.60938],[11.76599,57.60878]]}},{"type":"Feature","properties":{"kind":"barrier"},"geometry":{"type":"LineString","coordinates":[[11.79711,57.6087],[11.79806,57.60944],[11.79755,57.60987],[11.79798,57.61054],[11.79691,57.61118],[11.79585,57.61091],[11.79517,57.60986],[11.79711,57.6087]]}},{"type":"Feature","properties":{"kind":"barrier"},"geometry":{"type":"LineString","coordinates":[[11.88195,57.60843],[11.88343,57.60917],[11.88211,57.60914],[11.88107,57.60999],[11.87979,57.60967],[11.88104,57.60838],[11.88195,57.60843]]}},{"type":"Feature","properties":{"kind":"barrier"},"geometry":{"type":"LineString","coordinates":[[11.84302,57.60672],[11.8441,57.60671],[11.84423,57.60743],[11.8452,57.60724],[11.84584,57.60793],[11.84511,57.60883],[11.84432,57.60824],[11.8439,57.6087],[11.84472,57.60959],[11.84417,57.61036],[11.84262,57.60981],[11.84231,57.60858],[11.84311,57.60795],[11.84261,57.60722],[11.84302,57.60672]]}},{"type":"Feature","properties":{"kind":"barrier"},"geometry":{"type":"LineString","coordinates":[[11.88199,57.60617],[11.88303,57.6066],[11.88257,57.60678],[11.88287,57.60751],[11.88207,57.60784],[11.88151,57.60728],[11.88199,57.60617]]}},{"type":"Feature","properties":{"kind":"barrier"},"geometry":{"type":"LineString","coordinates":[[11.9096,57.60551],[11.9092,57.60484],[11.91051,57.60538]]}},{"type":"Feature","properties":{"kind":"barrier"},"geometry":{"type":"LineString","coordinates":[[11.91648,57.60503],[11.9171,57.60443],[11.91785,57.60461],[11.91792,57.60523]]}},{"type":"Feature","properties":{"kind":"barrier"},"geometry":{"type":"LineString","coordinates":[[11.88744,57.60484],[11.8862,57.60466],[11.88725,57.60428],[11.88696,57.60479],[11.88744,57.60484]]}},{"type":"Feature","properties":{"kind":"barrier"},"geometry":{"type":"LineString","coordinates":[[11.87832,57.60409],[11.8807,57.60419],[11.88134,57.60622],[11.87997,57.60679],[11.87687,57.60654],[11.87638,57.60507],[11.87832,57.60409]]}},{"type":"Feature","properties":{"kind":"barrier"},"geometry":{"type":"LineString","coordinates":[[11.81068,57.60383],[11.81223,57.60435],[11.8106,57.60464],[11.81068,57.60383]]}},{"type":"Feature","properties":{"kind":"barrier"},"geometry":{"type":"LineString","coordinates":[[11.88612,57.60127],[11.88788,57.6017],[11.88615,57.6028],[11.88324,57.60309],[11.88248,57.60207],[11.88612,57.60127]]}},{"type":"Feature","properties":{"kind":"barrier"},"geometry":{"type":"LineString","coordinates":[[11.76972,57.60083],[11.76995,57.6012],[11.76936,57.6008],[11.77011,57.60061],[11.76972,57.60083]]}},{"type":"Feature","properties":{"kind":"barrier"},"geometry":{"type":"LineString","coordinates":[[11.88681,57.60049],[11.88727,57.60092],[11.88589,57.60109],[11.88681,57.60049]]}},{"type":"Feature","properties":{"kind":"barrier"},"geometry":{"type":"LineString","coordinates":[[11.76703,57.59923],[11.76812,57.59969],[11.76796,57.60026],[11.76924,57.60056],[11.76764,57.60106],[11.7649,57.60066],[11.76536,57.59983],[11.76703,57.59923]]}},{"type":"Feature","properties":{"kind":"barrier"},"geometry":{"type":"LineString","coordinates":[[11.84877,57.6482],[11.84931,57.64745],[11.84842,57.64636],[11.85167,57.64449],[11.85471,57.64428],[11.85168,57.64498],[11.84971,57.6475],[11.85437,57.64832],[11.85508,57.64731],[11.85801,57.64725],[11.85676,57.64672],[11.85907,57.64621],[11.85901,57.64532],[11.8579,57.64544],[11.85897,57.64526],[11.85789,57.64394],[11.86055,57.6439],[11.86031,57.64322],[11.85752,57.64266],[11.85787,57.6417],[11.8595,57.64186],[11.86171,57.64079],[11.86327,57.63905],[11.86804,57.63995],[11.86978,57.63815],[11.86992,57.63718],[11.87395,57.63678],[11.87487,57.6343],[11.87552,57.63399],[11.87344,57.63371],[11.87356,57.63045],[11.87678,57.62984],[11.87871,57.63032],[11.87956,57.63142]]}},{"type":"Feature","properties":{"kind":"barrier"},"geometry":{"type":"LineString","coordinates":[[11.89064,57.61054],[11.89399,57.60974],[11.89448,57.60917],[11.89374,57.60893],[11.89402,57.60835],[11.89726,57.6091],[11.89717,57.61097],[11.89823,57.61126],[11.89731,57.6116],[11.89666,57.61293],[11.89449,57.61341],[11.89605,57.61451],[11.89491,57.61534],[11.90009,57.61568]]}},{"type":"Feature","properties":{"kind":"barrier"},"geometry":{"type":"LineString","coordinates":[[11.80688,57.609],[11.80355,57.60903],[11.79998,57.60753],[11.80055,57.60702],[11.80002,57.60663],[11.79677,57.60708],[11.79638,57.60538],[11.79501,57.60506],[11.79667,57.60521],[11.79687,57.60416],[11.79884,57.60316],[11.79742,57.60187],[11.79432,57.60058],[11.7929,57.5973],[11.79097,57.59732],[11.79178,57.5978],[11.79122,57.59817],[11.79014,57.59793],[11.78769,57.59533],[11.78922,57.59585],[11.79103,57.59558],[11.79152,57.59673],[11.79246,57.5957],[11.79149,57.59527],[11.79372,57.5957],[11.79666,57.59429],[11.80014,57.5943],[11.79982,57.59316],[11.80268,57.59224],[11.80786,57.59242],[11.81041,57.59171],[11.80974,57.59138],[11.81033,57.59126],[11.81337,57.59315],[11.81578,57.59358],[11.8169,57.59436],[11.81711,57.59527],[11.81494,57.5963],[11.81461,57.59773],[11.81258,57.59783],[11.81187,57.59924],[11.80758,57.60038],[11.80772,57.60095],[11.80977,57.60089],[11.81023,57.60157],[11.80747,57.60301],[11.8081,57.60315],[11.80635,57.6034],[11.80722,57.6041],[11.80988,57.60357],[11.81032,57.60517],[11.81191,57.60531],[11.81146,57.60606],[11.80843,57.60715],[11.80851,57.60802]]}},{"type":"Feature","properties":{"kind":"barrier"},"geometry":{"type":"LineString","coordinates":[[11.76299,57.68837],[11.76418,57.68855],[11.764,57.68916],[11.76462,57.68929],[11.76442,57.68775],[11.76663,57.68826],[11.76691,57.68677],[11.76937,57.68655],[11.76826,57.68608],[11.77008,57.68616],[11.77072,57.68652],[11.76991,57.6871],[11.77132,57.68867],[11.77241,57.68885],[11.77198,57.6891]]}},{"type":"Feature","properties":{"kind":"barrier"},"geometry":{"type":"LineString","coordinates":[[11.7749,57.69564],[11.77401,57.69519],[11.775,57.69449],[11.77747,57.69546]]}},{"type":"Feature","properties":{"kind":"barrier"},"geometry":{"type":"LineString","coordinates":[[11.79544,57.69448],[11.79603,57.69357],[11.79579,57.69243],[11.79805,57.69235],[11.79821,57.69111],[11.80261,57.69104],[11.80285,57.68746],[11.80501,57.68652],[11.80425,57.68435],[11.80464,57.68338],[11.80687,57.68538],[11.80575,57.68566],[11.80565,57.6865],[11.80628,57.68671],[11.80615,57.6895],[11.80518,57.68972],[11.8049,57.69148],[11.80296,57.69269],[11.80301,57.69425]]}},{"type":"Feature","properties":{"kind":"barrier"},"geometry":{"type":"LineString","coordinates":[[11.76145,57.65399],[11.75828,57.65542],[11.75786,57.6536],[11.76186,57.65229]]}},{"type":"Feature","properties":{"kind":"barrier"},"geometry":{"type":"LineString","coordinates":[[11.75734,57.65061],[11.75816,57.65041],[11.75815,57.65089],[11.76108,57.64995],[11.76156,57.65038],[11.76011,57.65086]]}},{"type":"Feature","properties":{"kind":"barrier"},"geometry":{"type":"LineString","coordinates":[[11.76077,57.63805],[11.76159,57.63894],[11.76082,57.6388],[11.76028,57.63803],[11.76077,57.63805]]}},{"type":"Feature","properties":{"kind":"barrier"},"geometry":{"type":"LineString","coordinates":[[11.75662,57.63767],[11.75735,57.63791],[11.75702,57.63842],[11.75587,57.63746],[11.75662,57.63767]]}},{"type":"Feature","properties":{"kind":"barrier"},"geometry":{"type":"LineString","coordinates":[[11.75503,57.63675],[11.75632,57.63829],[11.75503,57.63829]]}},{"type":"Feature","properties":{"kind":"barrier"},"geometry":{"type":"LineString","coordinates":[[11.7495,57.63606],[11.74796,57.63491],[11.75108,57.6349]]}},{"type":"Feature","properties":{"kind":"barrier"},"geometry":{"type":"LineString","coordinates":[[11.75587,57.63285],[11.75539,57.63282],[11.75587,57.63285]]}},{"type":"Feature","properties":{"kind":"barrier"},"geometry":{"type":"LineString","coordinates":[[11.75964,57.63172],[11.76033,57.63209],[11.75909,57.63188],[11.75964,57.63172]]}},{"type":"Feature","properties":{"kind":"barrier"},"geometry":{"type":"LineString","coordinates":[[11.74329,57.6406],[11.74982,57.6394],[11.75321,57.64019],[11.75265,57.64167]]}},{"type":"Feature","properties":{"kind":"barrier"},"geometry":{"type":"LineString","coordinates":[[11.76327,57.6279],[11.7639,57.62821],[11.76344,57.62889],[11.76166,57.62884],[11.76327,57.6279]]}},{"type":"Feature","properties":{"kind":"barrier"},"geometry":{"type":"LineString","coordinates":[[11.75279,57.63013],[11.75082,57.63083],[11.74857,57.63053],[11.74674,57.63124],[11.7471,57.63176],[11.74626,57.63172],[11.74176,57.62905],[11.74076,57.628],[11.74099,57.62708],[11.7455,57.62674],[11.7442,57.62598],[11.74582,57.62585],[11.74424,57.62524],[11.74473,57.62501],[11.74733,57.62583],[11.74646,57.62507],[11.74939,57.62523],[11.75096,57.62643],[11.7518,57.62604],[11.75426,57.62691],[11.75469,57.6251]]}},{"type":"Feature","properties":{"kind":"barrier"},"geometry":{"type":"LineString","coordinates":[[11.76052,57.61147],[11.76161,57.61179],[11.76058,57.61232],[11.75916,57.61169],[11.76052,57.61147]]}},{"type":"Feature","properties":{"kind":"barrier"},"geometry":{"type":"LineString","coordinates":[[11.75015,57.6101],[11.75185,57.61053],[11.75034,57.61092],[11.75015,57.6101]]}},{"type":"Feature","properties":{"kind":"barrier"},"geometry":{"type":"LineString","coordinates":[[11.75993,57.60924],[11.76067,57.60992],[11.75987,57.61059],[11.75805,57.61025],[11.75744,57.60954],[11.75921,57.60974],[11.75993,57.60924]]}},{"type":"Feature","properties":{"kind":"barrier"},"geometry":{"type":"LineString","coordinates":[[11.76219,57.60696],[11.76278,57.60705],[11.76215,57.60753],[11.76143,57.60716],[11.76219,57.60696]]}},{"type":"Feature","properties":{"kind":"barrier"},"geometry":{"type":"LineString","coordinates":[[11.75094,57.60679],[11.75249,57.607],[11.75483,57.6086],[11.75153,57.6089],[11.75072,57.60808],[11.75094,57.60679]]}},{"type":"Feature","properties":{"kind":"barrier"},"geometry":{"type":"LineString","coordinates":[[11.75251,57.6066],[11.75314,57.60679],[11.75251,57.6066]]}},{"type":"Feature","properties":{"kind":"barrier"},"geometry":{"type":"LineString","coordinates":[[11.74763,57.59631],[11.74715,57.59584],[11.7511,57.5947],[11.74943,57.59431],[11.75207,57.59354],[11.75794,57.59435],[11.75953,57.59509],[11.75939,57.5957],[11.76018,57.59623],[11.76185,57.5953],[11.76278,57.59544],[11.76173,57.59612],[11.76374,57.59679],[11.76292,57.59865],[11.76081,57.59958],[11.75662,57.59988],[11.75614,57.60069],[11.75353,57.60135],[11.75061,57.60009],[11.74928,57.60025],[11.74915,57.59974],[11.75027,57.5996],[11.74934,57.59939],[11.75139,57.59898],[11.74794,57.59949],[11.74717,57.59857]]}},{"type":"Feature","properties":{"kind":"barrier"},"geometry":{"type":"LineString","coordinates":[[11.84425,57.60678],[11.84473,57.60712],[11.84425,57.60678]]}},{"type":"Feature","properties":{"kind":"barrier"},"geometry":{"type":"LineString","coordinates":[[11.82638,57.6754],[11.82687,57.67548]]}},{"type":"Feature","properties":{"kind":"barrier"},"geometry":{"type":"LineString","coordinates":[[11.76342,57.63035],[11.76289,57.63035],[11.76342,57.63035]]}},{"type":"Feature","properties":{"kind":"barrier"},"geometry":{"type":"LineString","coordinates":[[11.80451,57.64118],[11.80536,57.64123],[11.80451,57.64118]]}},{"type":"Feature","properties":{"kind":"barrier"},"geometry":{"type":"LineString","coordinates":[[11.8089,57.6429],[11.8089,57.6429]]}},{"type":"Feature","properties":{"kind":"barrier"},"geometry":{"type":"LineString","coordinates":[[11.80964,57.64294],[11.8095,57.6422],[11.81016,57.642],[11.80964,57.64294]]}},{"type":"Feature","properties":{"kind":"barrier"},"geometry":{"type":"LineString","coordinates":[[11.8041,57.6368],[11.80508,57.63708],[11.8041,57.6368]]}},{"type":"Feature","properties":{"kind":"barrier"},"geometry":{"type":"LineString","coordinates":[[11.80534,57.63747],[11.80592,57.63796],[11.80537,57.63861],[11.80629,57.63917],[11.8036,57.63893],[11.80368,57.63844]]}},{"type":"Feature","properties":{"kind":"barrier"},"geometry":{"type":"LineString","coordinates":[[11.80668,57.63882],[11.8072,57.63903],[11.80668,57.63882]]}},{"type":"Feature","properties":{"kind":"barrier"},"geometry":{"type":"LineString","coordinates":[[11.80612,57.6374],[11.80612,57.6374]]}},{"type":"Feature","properties":{"kind":"barrier"},"geometry":{"type":"LineString","coordinates":[[11.80657,57.63742],[11.80657,57.63742]]}},{"type":"Feature","properties":{"kind":"barrier"},"geometry":{"type":"LineString","coordinates":[[11.80713,57.63743],[11.8077,57.63728],[11.80713,57.63743]]}},{"type":"Feature","properties":{"kind":"barrier"},"geometry":{"type":"LineString","coordinates":[[11.80749,57.6381],[11.80805,57.63833],[11.80749,57.6381]]}},{"type":"Feature","properties":{"kind":"barrier"},"geometry":{"type":"LineString","coordinates":[[11.80352,57.64017],[11.80312,57.6401],[11.80352,57.64017]]}},{"type":"Feature","properties":{"kind":"barrier"},"geometry":{"type":"LineString","coordinates":[[11.78802,57.62923],[11.78852,57.62898],[11.78802,57.62923]]}},{"type":"Feature","properties":{"kind":"barrier"},"geometry":{"type":"LineString","coordinates":[[11.78767,57.6278],[11.78767,57.6278]]}},{"type":"Feature","properties":{"kind":"barrier"},"geometry":{"type":"LineString","coordinates":[[11.78802,57.62772],[11.78802,57.62772]]}},{"type":"Feature","properties":{"kind":"barrier"},"geometry":{"type":"LineString","coordinates":[[11.83391,57.63189],[11.83391,57.63189]]}},{"type":"Feature","properties":{"kind":"barrier"},"geometry":{"type":"LineString","coordinates":[[11.82457,57.66846],[11.82502,57.66865],[11.82454,57.6688]]}},{"type":"Feature","properties":{"kind":"barrier"},"geometry":{"type":"LineString","coordinates":[[11.7544,57.63948],[11.75476,57.6402],[11.75359,57.63984]]}},{"type":"Feature","properties":{"kind":"barrier"},"geometry":{"type":"LineString","coordinates":[[11.75538,57.63892],[11.75594,57.63901],[11.75538,57.63892]]}},{"type":"Feature","properties":{"kind":"barrier"},"geometry":{"type":"LineString","coordinates":[[11.75612,57.63285],[11.75612,57.63285]]}},{"type":"Feature","properties":{"kind":"barrier"},"geometry":{"type":"LineString","coordinates":[[11.75231,57.63557],[11.75182,57.6352],[11.75258,57.63529]]}},{"type":"Feature","properties":{"kind":"barrier"},"geometry":{"type":"LineString","coordinates":[[11.75263,57.6357],[11.75263,57.6357]]}},{"type":"Feature","properties":{"kind":"barrier"},"geometry":{"type":"LineString","coordinates":[[11.75341,57.63426],[11.75385,57.63432],[11.75341,57.63426]]}},{"type":"Feature","properties":{"kind":"barrier"},"geometry":{"type":"LineString","coordinates":[[11.75249,57.63423],[11.75309,57.6343],[11.75249,57.63423]]}},{"type":"Feature","properties":{"kind":"barrier"},"geometry":{"type":"LineString","coordinates":[[11.75164,57.63419],[11.75235,57.63447],[11.75164,57.63419]]}},{"type":"Feature","properties":{"kind":"barrier"},"geometry":{"type":"LineString","coordinates":[[11.75109,57.63409],[11.75153,57.63413],[11.75109,57.63409]]}},{"type":"Feature","properties":{"kind":"barrier"},"geometry":{"type":"LineString","coordinates":[[11.75285,57.63346],[11.75351,57.63361],[11.75285,57.63346]]}},{"type":"Feature","properties":{"kind":"barrier"},"geometry":{"type":"LineString","coordinates":[[11.75452,57.63367],[11.75452,57.63367]]}},{"type":"Feature","properties":{"kind":"barrier"},"geometry":{"type":"LineString","coordinates":[[11.76427,57.63226],[11.76427,57.63226]]}},{"type":"Feature","properties":{"kind":"barrier"},"geometry":{"type":"LineString","coordinates":[[11.79406,57.6588],[11.79477,57.6589],[11.79406,57.6588]]}},{"type":"Feature","properties":{"kind":"barrier"},"geometry":{"type":"LineString","coordinates":[[11.79637,57.65853],[11.79705,57.65853],[11.79637,57.65853]]}},{"type":"Feature","properties":{"kind":"barrier"},"geometry":{"type":"LineString","coordinates":[[11.79566,57.65785],[11.79515,57.65764],[11.79599,57.65699],[11.79638,57.6575],[11.79566,57.65785]]}},{"type":"Feature","properties":{"kind":"barrier"},"geometry":{"type":"LineString","coordinates":[[11.79661,57.66112],[11.79661,57.66112]]}},{"type":"Feature","properties":{"kind":"barrier"},"geometry":{"type":"LineString","coordinates":[[11.79619,57.66164],[11.79672,57.66168],[11.79619,57.66164]]}},{"type":"Feature","properties":{"kind":"barrier"},"geometry":{"type":"LineString","coordinates":[[11.82288,57.62019],[11.82288,57.62019]]}},{"type":"Feature","properties":{"kind":"barrier"},"geometry":{"type":"LineString","coordinates":[[11.82297,57.61998],[11.82338,57.62012],[11.82297,57.61998]]}},{"type":"Feature","properties":{"kind":"barrier"},"geometry":{"type":"LineString","coordinates":[[11.83152,57.62234],[11.83219,57.62253],[11.83152,57.62234]]}},{"type":"Feature","properties":{"kind":"barrier"},"geometry":{"type":"LineString","coordinates":[[11.83133,57.62292],[11.8319,57.62292],[11.83133,57.62292]]}},{"type":"Feature","properties":{"kind":"barrier"},"geometry":{"type":"LineString","coordinates":[[11.83065,57.62288],[11.83065,57.62288]]}},{"type":"Feature","properties":{"kind":"barrier"},"geometry":{"type":"LineString","coordinates":[[11.83783,57.62015],[11.83836,57.62018],[11.83783,57.62015]]}},{"type":"Feature","properties":{"kind":"barrier"},"geometry":{"type":"LineString","coordinates":[[11.83506,57.6209],[11.83574,57.6207],[11.83506,57.6209]]}},{"type":"Feature","properties":{"kind":"barrier"},"geometry":{"type":"LineString","coordinates":[[11.8254,57.67333],[11.82577,57.67323]]}},{"type":"Feature","properties":{"kind":"barrier"},"geometry":{"type":"LineString","coordinates":[[11.82518,57.67772],[11.82465,57.67791]]}},{"type":"Feature","properties":{"kind":"barrier"},"geometry":{"type":"LineString","coordinates":[[11.76514,57.62788],[11.76668,57.62793],[11.76692,57.62879],[11.76514,57.62788]]}},{"type":"Feature","properties":{"kind":"barrier"},"geometry":{"type":"LineString","coordinates":[[11.76299,57.61325],[11.76919,57.6133],[11.76973,57.61306],[11.7692,57.61256],[11.77133,57.61114],[11.77237,57.61113],[11.77289,57.61024],[11.77131,57.60966],[11.76911,57.60736],[11.76661,57.60733],[11.76675,57.6065],[11.76488,57.60528]]}},{"type":"Feature","properties":{"kind":"barrier"},"geometry":{"type":"LineString","coordinates":[[11.75511,57.61306],[11.75452,57.61312],[11.75511,57.61306]]}},{"type":"Feature","properties":{"kind":"barrier"},"geometry":{"type":"LineString","coordinates":[[11.7576,57.68631],[11.75813,57.68604]]}},{"type":"Feature","properties":{"kind":"barrier"},"geometry":{"type":"LineString","coordinates":[[11.76328,57.68519],[11.76264,57.68493],[11.76328,57.68519]]}},{"type":"Feature","properties":{"kind":"barrier"},"geometry":{"type":"LineString","coordinates":[[11.7511,57.68843],[11.75063,57.68844],[11.7511,57.68843]]}},{"type":"Feature","properties":{"kind":"barrier"},"geometry":{"type":"LineString","coordinates":[[11.79677,57.64333],[11.79677,57.64333]]}},{"type":"Feature","properties":{"kind":"barrier"},"geometry":{"type":"LineString","coordinates":[[11.80732,57.64312],[11.8077,57.64338],[11.80732,57.64312]]}},{"type":"Feature","properties":{"kind":"barrier"},"geometry":{"type":"LineString","coordinates":[[11.80817,57.64393],[11.80817,57.64393]]}},{"type":"Feature","properties":{"kind":"barrier"},"geometry":{"type":"LineString","coordinates":[[11.80251,57.63898],[11.80251,57.63898]]}},{"type":"Feature","properties":{"kind":"barrier"},"geometry":{"type":"LineString","coordinates":[[11.79818,57.64016],[11.79818,57.64016]]}},{"type":"Feature","properties":{"kind":"barrier"},"geometry":{"type":"LineString","coordinates":[[11.79548,57.63615],[11.79548,57.63615]]}},{"type":"Feature","properties":{"kind":"barrier"},"geometry":{"type":"LineString","coordinates":[[11.79273,57.63652],[11.79233,57.63677],[11.79273,57.63652]]}},{"type":"Feature","properties":{"kind":"barrier"},"geometry":{"type":"LineString","coordinates":[[11.78774,57.63567],[11.78774,57.63567]]}},{"type":"Feature","properties":{"kind":"barrier"},"geometry":{"type":"LineString","coordinates":[[11.80978,57.63535],[11.80978,57.63535]]}},{"type":"Feature","properties":{"kind":"barrier"},"geometry":{"type":"LineString","coordinates":[[11.8045,57.63583],[11.8045,57.63583]]}},{"type":"Feature","properties":{"kind":"barrier"},"geometry":{"type":"LineString","coordinates":[[11.80237,57.63442],[11.80237,57.63442]]}},{"type":"Feature","properties":{"kind":"barrier"},"geometry":{"type":"LineString","coordinates":[[11.79983,57.63402],[11.79983,57.63402]]}},{"type":"Feature","properties":{"kind":"barrier"},"geometry":{"type":"LineString","coordinates":[[11.80396,57.63482],[11.80396,57.63482]]}},{"type":"Feature","properties":{"kind":"barrier"},"geometry":{"type":"LineString","coordinates":[[11.80608,57.6382],[11.80608,57.6382]]}},{"type":"Feature","properties":{"kind":"barrier"},"geometry":{"type":"LineString","coordinates":[[11.80493,57.64143],[11.80493,57.64143]]}},{"type":"Feature","properties":{"kind":"barrier"},"geometry":{"type":"LineString","coordinates":[[11.8043,57.64115],[11.8043,57.64115]]}},{"type":"Feature","properties":{"kind":"barrier"},"geometry":{"type":"LineString","coordinates":[[11.80578,57.64144],[11.80578,57.64144]]}},{"type":"Feature","properties":{"kind":"barrier"},"geometry":{"type":"LineString","coordinates":[[11.78704,57.64589],[11.78653,57.64583],[11.78704,57.64589]]}},{"type":"Feature","properties":{"kind":"barrier"},"geometry":{"type":"LineString","coordinates":[[11.79083,57.64501],[11.79083,57.64501]]}},{"type":"Feature","properties":{"kind":"barrier"},"geometry":{"type":"LineString","coordinates":[[11.79069,57.64531],[11.79103,57.64557],[11.79043,57.64593],[11.79069,57.64531]]}},{"type":"Feature","properties":{"kind":"barrier"},"geometry":{"type":"LineString","coordinates":[[11.78573,57.65118],[11.78573,57.65118]]}},{"type":"Feature","properties":{"kind":"barrier"},"geometry":{"type":"LineString","coordinates":[[11.78488,57.65289],[11.78488,57.65289]]}},{"type":"Feature","properties":{"kind":"barrier"},"geometry":{"type":"LineString","coordinates":[[11.78215,57.65708],[11.78149,57.65711],[11.78215,57.65708]]}},{"type":"Feature","properties":{"kind":"barrier"},"geometry":{"type":"LineString","coordinates":[[11.75221,57.64858],[11.75221,57.64858]]}},{"type":"Feature","properties":{"kind":"barrier"},"geometry":{"type":"LineString","coordinates":[[11.75718,57.65125],[11.75718,57.65125]]}},{"type":"Feature","properties":{"kind":"barrier"},"geometry":{"type":"LineString","coordinates":[[11.75881,57.65023],[11.75881,57.65023]]}},{"type":"Feature","properties":{"kind":"barrier"},"geometry":{"type":"LineString","coordinates":[[11.76661,57.6498],[11.76661,57.6498]]}},{"type":"Feature","properties":{"kind":"barrier"},"geometry":{"type":"LineString","coordinates":[[11.76993,57.65505],[11.76993,57.65505]]}},{"type":"Feature","properties":{"kind":"barrier"},"geometry":{"type":"LineString","coordinates":[[11.76881,57.65284],[11.76881,57.65284]]}},{"type":"Feature","properties":{"kind":"barrier"},"geometry":{"type":"LineString","coordinates":[[11.7709,57.65249],[11.7709,57.65249]]}},{"type":"Feature","properties":{"kind":"barrier"},"geometry":{"type":"LineString","coordinates":[[11.76387,57.64958],[11.76387,57.64958]]}},{"type":"Feature","properties":{"kind":"barrier"},"geometry":{"type":"LineString","coordinates":[[11.7777,57.65596],[11.7777,57.65596]]}},{"type":"Feature","properties":{"kind":"barrier"},"geometry":{"type":"LineString","coordinates":[[11.77812,57.65601],[11.77812,57.65601]]}},{"type":"Feature","properties":{"kind":"barrier"},"geometry":{"type":"LineString","coordinates":[[11.78676,57.65704],[11.78676,57.65704]]}},{"type":"Feature","properties":{"kind":"barrier"},"geometry":{"type":"LineString","coordinates":[[11.78161,57.65477],[11.78187,57.65508],[11.78161,57.65477]]}},{"type":"Feature","properties":{"kind":"barrier"},"geometry":{"type":"LineString","coordinates":[[11.78202,57.65453],[11.78202,57.65453]]}},{"type":"Feature","properties":{"kind":"barrier"},"geometry":{"type":"LineString","coordinates":[[11.78184,57.65465],[11.78184,57.65465]]}},{"type":"Feature","properties":{"kind":"barrier"},"geometry":{"type":"LineString","coordinates":[[11.78386,57.65449],[11.78329,57.65456],[11.78386,57.65449]]}},{"type":"Feature","properties":{"kind":"barrier"},"geometry":{"type":"LineString","coordinates":[[11.78452,57.65492],[11.78452,57.65492]]}},{"type":"Feature","properties":{"kind":"barrier"},"geometry":{"type":"LineString","coordinates":[[11.76323,57.63827],[11.76323,57.63827]]}},{"type":"Feature","properties":{"kind":"barrier"},"geometry":{"type":"LineString","coordinates":[[11.75447,57.63918],[11.75447,57.63918]]}},{"type":"Feature","properties":{"kind":"barrier"},"geometry":{"type":"LineString","coordinates":[[11.75569,57.64124],[11.75569,57.64124]]}},{"type":"Feature","properties":{"kind":"barrier"},"geometry":{"type":"LineString","coordinates":[[11.77685,57.63267],[11.77685,57.63267]]}},{"type":"Feature","properties":{"kind":"barrier"},"geometry":{"type":"LineString","coordinates":[[11.78426,57.63183],[11.78385,57.63181],[11.78426,57.63183]]}},{"type":"Feature","properties":{"kind":"barrier"},"geometry":{"type":"LineString","coordinates":[[11.78071,57.63135],[11.78006,57.63157],[11.78071,57.63135]]}},{"type":"Feature","properties":{"kind":"barrier"},"geometry":{"type":"LineString","coordinates":[[11.77768,57.63354],[11.77768,57.63354]]}},{"type":"Feature","properties":{"kind":"barrier"},"geometry":{"type":"LineString","coordinates":[[11.77733,57.63348],[11.77733,57.63348]]}},{"type":"Feature","properties":{"kind":"barrier"},"geometry":{"type":"LineString","coordinates":[[11.77787,57.63307],[11.77787,57.63307]]}},{"type":"Feature","properties":{"kind":"barrier"},"geometry":{"type":"LineString","coordinates":[[11.78281,57.63162],[11.78281,57.63162]]}},{"type":"Feature","properties":{"kind":"barrier"},"geometry":{"type":"LineString","coordinates":[[11.78133,57.631],[11.78133,57.631]]}},{"type":"Feature","properties":{"kind":"barrier"},"geometry":{"type":"LineString","coordinates":[[11.78102,57.63114],[11.78102,57.63114]]}},{"type":"Feature","properties":{"kind":"barrier"},"geometry":{"type":"LineString","coordinates":[[11.77842,57.63038],[11.77842,57.63038]]}},{"type":"Feature","properties":{"kind":"barrier"},"geometry":{"type":"LineString","coordinates":[[11.75947,57.63865],[11.75909,57.6388],[11.75947,57.63865]]}},{"type":"Feature","properties":{"kind":"barrier"},"geometry":{"type":"LineString","coordinates":[[11.77171,57.63304],[11.77171,57.63304]]}},{"type":"Feature","properties":{"kind":"barrier"},"geometry":{"type":"LineString","coordinates":[[11.7617,57.63874],[11.7617,57.63874]]}},{"type":"Feature","properties":{"kind":"barrier"},"geometry":{"type":"LineString","coordinates":[[11.76157,57.63839],[11.76157,57.63839]]}},{"type":"Feature","properties":{"kind":"barrier"},"geometry":{"type":"LineString","coordinates":[[11.75985,57.63858],[11.75985,57.63858]]}},{"type":"Feature","properties":{"kind":"barrier"},"geometry":{"type":"LineString","coordinates":[[11.76028,57.63869],[11.76028,57.63869]]}},{"type":"Feature","properties":{"kind":"barrier"},"geometry":{"type":"LineString","coordinates":[[11.76035,57.6383],[11.76035,57.6383]]}},{"type":"Feature","properties":{"kind":"barrier"},"geometry":{"type":"LineString","coordinates":[[11.76132,57.63822],[11.76132,57.63822]]}},{"type":"Feature","properties":{"kind":"barrier"},"geometry":{"type":"LineString","coordinates":[[11.7618,57.63797],[11.7618,57.63797]]}},{"type":"Feature","properties":{"kind":"barrier"},"geometry":{"type":"LineString","coordinates":[[11.81503,57.66862],[11.81557,57.66871],[11.81489,57.66901],[11.81454,57.66867],[11.81503,57.66862]]}},{"type":"Feature","properties":{"kind":"barrier"},"geometry":{"type":"LineString","coordinates":[[11.81582,57.66876],[11.81632,57.66903],[11.81504,57.66909],[11.81582,57.66876]]}},{"type":"Feature","properties":{"kind":"barrier"},"geometry":{"type":"LineString","coordinates":[[11.8061,57.69755],[11.80616,57.69638],[11.81085,57.69294]]}},{"type":"Feature","properties":{"kind":"barrier"},"geometry":{"type":"LineString","coordinates":[[11.8619,57.59991],[11.86304,57.60072],[11.8619,57.59991]]}},{"type":"Feature","properties":{"kind":"barrier"},"geometry":{"type":"LineString","coordinates":[[11.84264,57.60197],[11.84444,57.60169],[11.84496,57.60222],[11.84345,57.60277],[11.8423,57.60243],[11.84264,57.60197]]}},{"type":"Feature","properties":{"kind":"barrier"},"geometry":{"type":"LineString","coordinates":[[11.84133,57.60043],[11.84236,57.60006],[11.84339,57.60058],[11.84074,57.60162],[11.84133,57.60043]]}},{"type":"Feature","properties":{"kind":"barrier"},"geometry":{"type":"LineString","coordinates":[[11.84064,57.60029],[11.8411,57.60035],[11.84064,57.60029]]}},{"type":"Feature","properties":{"kind":"barrier"},"geometry":{"type":"LineString","coordinates":[[11.84003,57.60099],[11.84047,57.60117],[11.84003,57.60099]]}},{"type":"Feature","properties":{"kind":"barrier"},"geometry":{"type":"LineString","coordinates":[[11.79493,57.60198],[11.79501,57.60277],[11.79362,57.60216],[11.79493,57.60198]]}},{"type":"Feature","properties":{"kind":"barrier"},"geometry":{"type":"LineString","coordinates":[[11.79552,57.60206],[11.79616,57.60184],[11.79552,57.60206]]}},{"type":"Feature","properties":{"kind":"barrier"},"geometry":{"type":"LineString","coordinates":[[11.8181,57.60869],[11.81862,57.60923],[11.81779,57.60934],[11.8181,57.60869]]}},{"type":"Feature","properties":{"kind":"barrier"},"geometry":{"type":"LineString","coordinates":[[11.80942,57.61402],[11.80981,57.61414],[11.80942,57.61402]]}},{"type":"Feature","properties":{"kind":"barrier"},"geometry":{"type":"LineString","coordinates":[[11.80735,57.61303],[11.80735,57.61303]]}},{"type":"Feature","properties":{"kind":"barrier"},"geometry":{"type":"LineString","coordinates":[[11.80691,57.61291],[11.80691,57.61291]]}},{"type":"Feature","properties":{"kind":"barrier"},"geometry":{"type":"LineString","coordinates":[[11.79547,57.61125],[11.79629,57.61187],[11.79547,57.61125]]}},{"type":"Feature","properties":{"kind":"barrier"},"geometry":{"type":"LineString","coordinates":[[11.78345,57.77997],[11.78485,57.78067],[11.78279,57.78034],[11.78345,57.77997]]}},{"type":"Feature","properties":{"kind":"barrier"},"geometry":{"type":"LineString","coordinates":[[11.81113,57.77871],[11.81211,57.77897],[11.80926,57.7797],[11.80763,57.77922],[11.81113,57.77871]]}},{"type":"Feature","properties":{"kind":"barrier"},"geometry":{"type":"LineString","coordinates":[[11.78811,57.77036],[11.78953,57.77096],[11.78776,57.77108],[11.78694,57.77047],[11.78811,57.77036]]}},{"type":"Feature","properties":{"kind":"barrier"},"geometry":{"type":"LineString","coordinates":[[11.82503,57.65022],[11.82456,57.65047]]}},{"type":"Feature","properties":{"kind":"barrier"},"geometry":{"type":"LineString","coordinates":[[11.81672,57.68536],[11.8172,57.68553],[11.81672,57.68536]]}},{"type":"Feature","properties":{"kind":"barrier"},"geometry":{"type":"LineString","coordinates":[[11.81426,57.68368],[11.81495,57.68376],[11.81426,57.68368]]}},{"type":"Feature","properties":{"kind":"barrier"},"geometry":{"type":"LineString","coordinates":[[11.81313,57.68266],[11.81367,57.68265],[11.81313,57.68266]]}},{"type":"Feature","properties":{"kind":"barrier"},"geometry":{"type":"LineString","coordinates":[[11.81159,57.68315],[11.81206,57.68324],[11.81159,57.68315]]}},{"type":"Feature","properties":{"kind":"barrier"},"geometry":{"type":"LineString","coordinates":[[11.81306,57.68313],[11.81377,57.68301],[11.81306,57.68313]]}},{"type":"Feature","properties":{"kind":"barrier"},"geometry":{"type":"LineString","coordinates":[[11.8134,57.68328],[11.8134,57.68328]]}},{"type":"Feature","properties":{"kind":"barrier"},"geometry":{"type":"LineString","coordinates":[[11.81418,57.68278],[11.81438,57.68192],[11.81602,57.68264],[11.8156,57.68288]]}},{"type":"Feature","properties":{"kind":"barrier"},"geometry":{"type":"LineString","coordinates":[[11.80466,57.69735],[11.80466,57.69735]]}},{"type":"Feature","properties":{"kind":"barrier"},"geometry":{"type":"LineString","coordinates":[[11.80335,57.69713],[11.80415,57.69709],[11.8044,57.69763],[11.80367,57.69739]]}},{"type":"Feature","properties":{"kind":"barrier"},"geometry":{"type":"LineString","coordinates":[[11.80511,57.69523],[11.80511,57.69523]]}},{"type":"Feature","properties":{"kind":"barrier"},"geometry":{"type":"LineString","coordinates":[[11.80491,57.69385],[11.80543,57.69401],[11.80491,57.69385]]}},{"type":"Feature","properties":{"kind":"barrier"},"geometry":{"type":"LineString","coordinates":[[11.80472,57.69396],[11.80532,57.69416],[11.80472,57.69396]]}},{"type":"Feature","properties":{"kind":"barrier"},"geometry":{"type":"LineString","coordinates":[[11.92177,57.61805],[11.92221,57.61815]]}},{"type":"Feature","properties":{"kind":"barrier"},"geometry":{"type":"LineString","coordinates":[[11.84916,57.67326],[11.84916,57.67326]]}},{"type":"Feature","properties":{"kind":"barrier"},"geometry":{"type":"LineString","coordinates":[[11.76194,57.63861],[11.76194,57.63861]]}},{"type":"Feature","properties":{"kind":"barrier"},"geometry":{"type":"LineString","coordinates":[[11.88224,57.60957],[11.88193,57.60987],[11.88224,57.60957]]}},{"type":"Feature","properties":{"kind":"barrier"},"geometry":{"type":"LineString","coordinates":[[11.79528,57.60686],[11.79573,57.6075],[11.79528,57.60686]]}},{"type":"Feature","properties":{"kind":"barrier"},"geometry":{"type":"LineString","coordinates":[[11.83243,57.65613],[11.83284,57.6563],[11.83243,57.65613]]}},{"type":"Feature","properties":{"kind":"barrier"},"geometry":{"type":"LineString","coordinates":[[11.84277,57.65619],[11.84329,57.65635],[11.84277,57.65619]]}},{"type":"Feature","properties":{"kind":"barrier"},"geometry":{"type":"LineString","coordinates":[[11.82854,57.65108],[11.82978,57.65105],[11.8289,57.65159],[11.82994,57.65229],[11.82782,57.65235]]}},{"type":"Feature","properties":{"kind":"barrier"},"geometry":{"type":"LineString","coordinates":[[11.82978,57.65158],[11.83006,57.65165]]}},{"type":"Feature","properties":{"kind":"barrier"},"geometry":{"type":"LineString","coordinates":[[11.77177,57.67361],[11.77209,57.67394],[11.77115,57.67389]]}},{"type":"Feature","properties":{"kind":"barrier"},"geometry":{"type":"LineString","coordinates":[[11.80542,57.64136],[11.80542,57.64136]]}},{"type":"Feature","properties":{"kind":"barrier"},"geometry":{"type":"LineString","coordinates":[[11.82461,57.65114],[11.82477,57.65108]]}},{"type":"Feature","properties":{"kind":"barrier"},"geometry":{"type":"LineString","coordinates":[[11.75755,57.61874],[11.75755,57.61874]]}},{"type":"Feature","properties":{"kind":"barrier"},"geometry":{"type":"LineString","coordinates":[[11.75715,57.61868],[11.75715,57.61868]]}},{"type":"Feature","properties":{"kind":"barrier"},"geometry":{"type":"LineString","coordinates":[[11.79519,57.61746],[11.79519,57.61746]]}},{"type":"Feature","properties":{"kind":"barrier"},"geometry":{"type":"LineString","coordinates":[[11.7953,57.61703],[11.7953,57.61703]]}},{"type":"Feature","properties":{"kind":"barrier"},"geometry":{"type":"LineString","coordinates":[[11.79502,57.61662],[11.79502,57.61662]]}},{"type":"Feature","properties":{"kind":"barrier"},"geometry":{"type":"LineString","coordinates":[[11.79573,57.61664],[11.79573,57.61664]]}},{"type":"Feature","properties":{"kind":"barrier"},"geometry":{"type":"LineString","coordinates":[[11.79592,57.61761],[11.7962,57.61806],[11.79554,57.61791],[11.79592,57.61761]]}},{"type":"Feature","properties":{"kind":"barrier"},"geometry":{"type":"LineString","coordinates":[[11.79754,57.61741],[11.79839,57.6177],[11.79711,57.61795],[11.79673,57.61746],[11.79754,57.61741]]}},{"type":"Feature","properties":{"kind":"barrier"},"geometry":{"type":"LineString","coordinates":[[11.79793,57.61645],[11.7988,57.61706],[11.7985,57.61741],[11.79631,57.61661],[11.79793,57.61645]]}},{"type":"Feature","properties":{"kind":"barrier"},"geometry":{"type":"LineString","coordinates":[[11.76273,57.62431],[11.76392,57.62453],[11.76397,57.62556],[11.76331,57.62546],[11.76273,57.62431]]}},{"type":"Feature","properties":{"kind":"barrier"},"geometry":{"type":"LineString","coordinates":[[11.76929,57.60939],[11.76929,57.60939]]}},{"type":"Feature","properties":{"kind":"barrier"},"geometry":{"type":"LineString","coordinates":[[11.76869,57.60931],[11.76869,57.60931]]}},{"type":"Feature","properties":{"kind":"barrier"},"geometry":{"type":"LineString","coordinates":[[11.76793,57.60837],[11.76867,57.60921],[11.7674,57.60907],[11.76556,57.60759],[11.76719,57.60766],[11.76793,57.60837]]}},{"type":"Feature","properties":{"kind":"barrier"},"geometry":{"type":"LineString","coordinates":[[11.76103,57.60598],[11.76135,57.60626],[11.76103,57.60598]]}},{"type":"Feature","properties":{"kind":"barrier"},"geometry":{"type":"LineString","coordinates":[[11.76135,57.60647],[11.76135,57.60647]]}},{"type":"Feature","properties":{"kind":"barrier"},"geometry":{"type":"LineString","coordinates":[[11.75998,57.60645],[11.75998,57.60645]]}},{"type":"Feature","properties":{"kind":"barrier"},"geometry":{"type":"LineString","coordinates":[[11.76057,57.60631],[11.76057,57.60631]]}},{"type":"Feature","properties":{"kind":"barrier"},"geometry":{"type":"LineString","coordinates":[[11.7597,57.60687],[11.76121,57.60811],[11.76036,57.60811],[11.7597,57.60687]]}},{"type":"Feature","properties":{"kind":"barrier"},"geometry":{"type":"LineString","coordinates":[[11.75244,57.61182],[11.75294,57.61228],[11.75168,57.61198],[11.75244,57.61182]]}},{"type":"Feature","properties":{"kind":"barrier"},"geometry":{"type":"LineString","coordinates":[[11.75228,57.61003],[11.75228,57.61003]]}},{"type":"Feature","properties":{"kind":"barrier"},"geometry":{"type":"LineString","coordinates":[[11.75257,57.60908],[11.75257,57.60908]]}},{"type":"Feature","properties":{"kind":"barrier"},"geometry":{"type":"LineString","coordinates":[[11.74999,57.6097],[11.74999,57.6097]]}},{"type":"Feature","properties":{"kind":"barrier"},"geometry":{"type":"LineString","coordinates":[[11.79905,57.61506],[11.79905,57.61506]]}},{"type":"Feature","properties":{"kind":"barrier"},"geometry":{"type":"LineString","coordinates":[[11.80149,57.61507],[11.8026,57.6152],[11.80184,57.61582],[11.80033,57.61553],[11.80149,57.61507]]}},{"type":"Feature","properties":{"kind":"barrier"},"geometry":{"type":"LineString","coordinates":[[11.80314,57.61464],[11.80211,57.61491],[11.80314,57.61464]]}},{"type":"Feature","properties":{"kind":"barrier"},"geometry":{"type":"LineString","coordinates":[[11.7864,57.60159],[11.78699,57.60178],[11.78602,57.60202],[11.7864,57.60159]]}},{"type":"Feature","properties":{"kind":"barrier"},"geometry":{"type":"LineString","coordinates":[[11.79665,57.6247],[11.79665,57.6247]]}},{"type":"Feature","properties":{"kind":"barrier"},"geometry":{"type":"LineString","coordinates":[[11.81805,57.61781],[11.81852,57.61792],[11.81805,57.61781]]}},{"type":"Feature","properties":{"kind":"barrier"},"geometry":{"type":"LineString","coordinates":[[11.81901,57.61759],[11.81901,57.61759]]}},{"type":"Feature","properties":{"kind":"barrier"},"geometry":{"type":"LineString","coordinates":[[11.81862,57.61679],[11.81862,57.61679]]}},{"type":"Feature","properties":{"kind":"barrier"},"geometry":{"type":"LineString","coordinates":[[11.81377,57.62405],[11.81425,57.62429],[11.81375,57.62454],[11.81377,57.62405]]}},{"type":"Feature","properties":{"kind":"barrier"},"geometry":{"type":"LineString","coordinates":[[11.80657,57.62006],[11.8076,57.62055],[11.80641,57.62073],[11.80592,57.62021],[11.80657,57.62006]]}},{"type":"Feature","properties":{"kind":"barrier"},"geometry":{"type":"LineString","coordinates":[[11.76516,57.60305],[11.76516,57.60305]]}},{"type":"Feature","properties":{"kind":"barrier"},"geometry":{"type":"LineString","coordinates":[[11.77886,57.76578],[11.77824,57.76575],[11.77886,57.76578]]}},{"type":"Feature","properties":{"kind":"barrier"},"geometry":{"type":"LineString","coordinates":[[11.76684,57.64941],[11.7659,57.65019],[11.76414,57.65003],[11.76427,57.6494],[11.7625,57.64866],[11.76122,57.64959],[11.75729,57.65047],[11.75715,57.6495]]}},{"type":"Feature","properties":{"kind":"barrier"},"geometry":{"type":"LineString","coordinates":[[11.75177,57.6945],[11.75308,57.69475],[11.75177,57.6945]]}},{"type":"Feature","properties":{"kind":"barrier"},"geometry":{"type":"LineString","coordinates":[[11.91545,57.60654],[11.91565,57.60672]]}},{"type":"Feature","properties":{"kind":"barrier"},"geometry":{"type":"LineString","coordinates":[[11.78886,57.7938],[11.7867,57.79336],[11.78651,57.79266],[11.78873,57.79222],[11.79109,57.79317]]}},{"type":"Feature","properties":{"kind":"barrier"},"geometry":{"type":"LineString","coordinates":[[11.79348,57.78984],[11.79387,57.79066],[11.7931,57.79019],[11.79348,57.78984]]}},{"type":"Feature","properties":{"kind":"barrier"},"geometry":{"type":"LineString","coordinates":[[11.81287,57.79127],[11.81416,57.79169],[11.81287,57.79127]]}},{"type":"Feature","properties":{"kind":"barrier"},"geometry":{"type":"LineString","coordinates":[[11.86678,57.62135],[11.86769,57.6214],[11.86678,57.62135]]}},{"type":"Feature","properties":{"kind":"barrier"},"geometry":{"type":"LineString","coordinates":[[11.86748,57.62806],[11.86689,57.62823]]}},{"type":"Feature","properties":{"kind":"barrier"},"geometry":{"type":"LineString","coordinates":[[11.84731,57.62441],[11.84662,57.62416],[11.84719,57.62282],[11.84649,57.62248],[11.8489,57.6217],[11.85052,57.62003],[11.85181,57.61964],[11.85393,57.62004],[11.85487,57.6218],[11.85476,57.62298],[11.85218,57.62351],[11.85314,57.62302],[11.8524,57.62266],[11.84936,57.62332],[11.84784,57.62437]]}},{"type":"Feature","properties":{"kind":"barrier"},"geometry":{"type":"LineString","coordinates":[[11.84279,57.62695],[11.84349,57.62597],[11.84466,57.62636],[11.84279,57.62695]]}},{"type":"Feature","properties":{"kind":"barrier"},"geometry":{"type":"LineString","coordinates":[[11.86461,57.63857],[11.86461,57.63857]]}},{"type":"Feature","properties":{"kind":"barrier"},"geometry":{"type":"LineString","coordinates":[[11.87346,57.62357],[11.87232,57.62265],[11.87462,57.62293]]}},{"type":"Feature","properties":{"kind":"barrier"},"geometry":{"type":"LineString","coordinates":[[11.87202,57.62209],[11.87105,57.62209]]}},{"type":"Feature","properties":{"kind":"barrier"},"geometry":{"type":"LineString","coordinates":[[11.872,57.62263],[11.87202,57.62246]]}},{"type":"Feature","properties":{"kind":"barrier"},"geometry":{"type":"LineString","coordinates":[[11.87406,57.61814],[11.87466,57.61775],[11.87406,57.61814]]}},{"type":"Feature","properties":{"kind":"barrier"},"geometry":{"type":"LineString","coordinates":[[11.87412,57.61849],[11.87445,57.61871],[11.87412,57.61849]]}},{"type":"Feature","properties":{"kind":"barrier"},"geometry":{"type":"LineString","coordinates":[[11.87204,57.61251],[11.86955,57.61295],[11.8674,57.61243],[11.86886,57.61147],[11.87144,57.6118],[11.87204,57.61251]]}},{"type":"Feature","properties":{"kind":"barrier"},"geometry":{"type":"LineString","coordinates":[[11.88654,57.61166],[11.88624,57.611],[11.88528,57.61119],[11.88608,57.61082],[11.88517,57.60911],[11.89064,57.61054]]}},{"type":"Feature","properties":{"kind":"barrier"},"geometry":{"type":"LineString","coordinates":[[11.87538,57.61052],[11.87419,57.60966],[11.87588,57.60929],[11.87631,57.61023],[11.87538,57.61052]]}},{"type":"Feature","properties":{"kind":"barrier"},"geometry":{"type":"LineString","coordinates":[[11.87536,57.61156],[11.87393,57.61164],[11.87485,57.61071],[11.87578,57.61121],[11.87536,57.61156]]}},{"type":"Feature","properties":{"kind":"barrier"},"geometry":{"type":"LineString","coordinates":[[11.87286,57.61164],[11.87305,57.61206],[11.87221,57.61209],[11.87274,57.6117],[11.8724,57.61142],[11.87286,57.61164]]}},{"type":"Feature","properties":{"kind":"barrier"},"geometry":{"type":"LineString","coordinates":[[11.88341,57.61156],[11.8822,57.61175],[11.88179,57.61136],[11.88219,57.61108],[11.8814,57.61087],[11.88353,57.61104],[11.88341,57.61156]]}},{"type":"Feature","properties":{"kind":"barrier"},"geometry":{"type":"LineString","coordinates":[[11.88252,57.61059],[11.88252,57.61059]]}},{"type":"Feature","properties":{"kind":"barrier"},"geometry":{"type":"LineString","coordinates":[[11.88506,57.61175],[11.88506,57.61175]]}},{"type":"Feature","properties":{"kind":"barrier"},"geometry":{"type":"LineString","coordinates":[[11.88467,57.61152],[11.88467,57.61152]]}},{"type":"Feature","properties":{"kind":"barrier"},"geometry":{"type":"LineString","coordinates":[[11.86847,57.6134],[11.86804,57.6131],[11.86895,57.61299],[11.86847,57.6134]]}},{"type":"Feature","properties":{"kind":"barrier"},"geometry":{"type":"LineString","coordinates":[[11.8829,57.61314],[11.88245,57.61292],[11.8829,57.61314]]}},{"type":"Feature","properties":{"kind":"barrier"},"geometry":{"type":"LineString","coordinates":[[11.90953,57.61695],[11.90865,57.61647],[11.90904,57.61608],[11.91023,57.6172]]}},{"type":"Feature","properties":{"kind":"barrier"},"geometry":{"type":"LineString","coordinates":[[11.78978,57.6618],[11.78988,57.66236],[11.7891,57.66214],[11.78978,57.6618]]}},{"type":"Feature","properties":{"kind":"barrier"},"geometry":{"type":"LineString","coordinates":[[11.79082,57.6773],[11.79082,57.6773]]}},{"type":"Feature","properties":{"kind":"barrier"},"geometry":{"type":"LineString","coordinates":[[11.77607,57.67553],[11.77607,57.67553]]}},{"type":"Feature","properties":{"kind":"barrier"},"geometry":{"type":"LineString","coordinates":[[11.77247,57.67366],[11.772,57.67345],[11.77246,57.67351]]}},{"type":"Feature","properties":{"kind":"barrier"},"geometry":{"type":"LineString","coordinates":[[11.76937,57.66925],[11.76979,57.66933],[11.76937,57.66925]]}},{"type":"Feature","properties":{"kind":"barrier"},"geometry":{"type":"LineString","coordinates":[[11.76575,57.67402],[11.76575,57.67402]]}},{"type":"Feature","properties":{"kind":"barrier"},"geometry":{"type":"LineString","coordinates":[[11.76865,57.6693],[11.76865,57.6693]]}},{"type":"Feature","properties":{"kind":"barrier"},"geometry":{"type":"LineString","coordinates":[[11.77103,57.66353],[11.77166,57.66394],[11.77103,57.66353]]}},{"type":"Feature","properties":{"kind":"barrier"},"geometry":{"type":"LineString","coordinates":[[11.77046,57.66378],[11.77084,57.66402],[11.77011,57.66421],[11.77046,57.66378]]}},{"type":"Feature","properties":{"kind":"barrier"},"geometry":{"type":"LineString","coordinates":[[11.76909,57.66137],[11.76969,57.6622],[11.76814,57.66234],[11.76909,57.66137]]}},{"type":"Feature","properties":{"kind":"barrier"},"geometry":{"type":"LineString","coordinates":[[11.76749,57.68547],[11.76869,57.68526],[11.76901,57.68554],[11.76828,57.6856]]}},{"type":"Feature","properties":{"kind":"barrier"},"geometry":{"type":"LineString","coordinates":[[11.77432,57.65694],[11.77432,57.65694]]}},{"type":"Feature","properties":{"kind":"barrier"},"geometry":{"type":"LineString","coordinates":[[11.77747,57.65635],[11.77747,57.65635]]}},{"type":"Feature","properties":{"kind":"barrier"},"geometry":{"type":"LineString","coordinates":[[11.78131,57.65699],[11.78131,57.65699]]}},{"type":"Feature","properties":{"kind":"barrier"},"geometry":{"type":"LineString","coordinates":[[11.76725,57.66246],[11.76761,57.66268],[11.76725,57.66246]]}},{"type":"Feature","properties":{"kind":"barrier"},"geometry":{"type":"LineString","coordinates":[[11.76526,57.6628],[11.76526,57.6628]]}},{"type":"Feature","properties":{"kind":"barrier"},"geometry":{"type":"LineString","coordinates":[[11.76422,57.66388],[11.76422,57.66388]]}},{"type":"Feature","properties":{"kind":"barrier"},"geometry":{"type":"LineString","coordinates":[[11.76534,57.66375],[11.76534,57.66375]]}},{"type":"Feature","properties":{"kind":"barrier"},"geometry":{"type":"LineString","coordinates":[[11.76515,57.66419],[11.76515,57.66419]]}},{"type":"Feature","properties":{"kind":"barrier"},"geometry":{"type":"LineString","coordinates":[[11.76492,57.66451],[11.76492,57.66451]]}},{"type":"Feature","properties":{"kind":"barrier"},"geometry":{"type":"LineString","coordinates":[[11.76736,57.66274],[11.76736,57.66274]]}},{"type":"Feature","properties":{"kind":"barrier"},"geometry":{"type":"LineString","coordinates":[[11.76366,57.66443],[11.76468,57.66432],[11.76366,57.66443]]}},{"type":"Feature","properties":{"kind":"barrier"},"geometry":{"type":"LineString","coordinates":[[11.76825,57.66612],[11.76825,57.66612]]}},{"type":"Feature","properties":{"kind":"barrier"},"geometry":{"type":"LineString","coordinates":[[11.76322,57.68009],[11.76322,57.68009]]}},{"type":"Feature","properties":{"kind":"barrier"},"geometry":{"type":"LineString","coordinates":[[11.76263,57.68037],[11.76224,57.68023],[11.76263,57.68037]]}},{"type":"Feature","properties":{"kind":"barrier"},"geometry":{"type":"LineString","coordinates":[[11.76284,57.68052],[11.76284,57.68052]]}},{"type":"Feature","properties":{"kind":"barrier"},"geometry":{"type":"LineString","coordinates":[[11.76323,57.68561],[11.76323,57.68561]]}},{"type":"Feature","properties":{"kind":"barrier"},"geometry":{"type":"LineString","coordinates":[[11.77976,57.68271],[11.78005,57.68322],[11.77976,57.68271]]}},{"type":"Feature","properties":{"kind":"barrier"},"geometry":{"type":"LineString","coordinates":[[11.77889,57.6828],[11.77929,57.68288],[11.77889,57.6828]]}},{"type":"Feature","properties":{"kind":"barrier"},"geometry":{"type":"LineString","coordinates":[[11.77919,57.68301],[11.77919,57.68301]]}},{"type":"Feature","properties":{"kind":"barrier"},"geometry":{"type":"LineString","coordinates":[[11.77892,57.68307],[11.77892,57.68307]]}},{"type":"Feature","properties":{"kind":"barrier"},"geometry":{"type":"LineString","coordinates":[[11.77979,57.6832],[11.77979,57.6832]]}},{"type":"Feature","properties":{"kind":"barrier"},"geometry":{"type":"LineString","coordinates":[[11.77942,57.68432],[11.77942,57.68432]]}},{"type":"Feature","properties":{"kind":"barrier"},"geometry":{"type":"LineString","coordinates":[[11.78029,57.68389],[11.78029,57.68389]]}},{"type":"Feature","properties":{"kind":"barrier"},"geometry":{"type":"LineString","coordinates":[[11.77799,57.68858],[11.77799,57.68858]]}},{"type":"Feature","properties":{"kind":"barrier"},"geometry":{"type":"LineString","coordinates":[[11.77706,57.6895],[11.77645,57.68921],[11.77669,57.68875],[11.77692,57.68935],[11.77724,57.68871],[11.77782,57.68931]]}},{"type":"Feature","properties":{"kind":"barrier"},"geometry":{"type":"LineString","coordinates":[[11.77808,57.6888],[11.77808,57.6888]]}},{"type":"Feature","properties":{"kind":"barrier"},"geometry":{"type":"LineString","coordinates":[[11.78146,57.6944],[11.78146,57.6944]]}},{"type":"Feature","properties":{"kind":"barrier"},"geometry":{"type":"LineString","coordinates":[[11.78302,57.69459],[11.78302,57.69459]]}},{"type":"Feature","properties":{"kind":"barrier"},"geometry":{"type":"LineString","coordinates":[[11.78219,57.69494],[11.78219,57.69494]]}},{"type":"Feature","properties":{"kind":"barrier"},"geometry":{"type":"LineString","coordinates":[[11.769,57.69646],[11.76955,57.69667],[11.769,57.69646]]}},{"type":"Feature","properties":{"kind":"barrier"},"geometry":{"type":"LineString","coordinates":[[11.76897,57.68589],[11.76857,57.68612]]}},{"type":"Feature","properties":{"kind":"barrier"},"geometry":{"type":"LineString","coordinates":[[11.84799,57.64644],[11.84799,57.64644]]}},{"type":"Feature","properties":{"kind":"barrier"},"geometry":{"type":"LineString","coordinates":[[11.84788,57.64627],[11.84788,57.64627]]}},{"type":"Feature","properties":{"kind":"barrier"},"geometry":{"type":"LineString","coordinates":[[11.84914,57.64557],[11.84914,57.64557]]}},{"type":"Feature","properties":{"kind":"barrier"},"geometry":{"type":"LineString","coordinates":[[11.79386,57.68278],[11.7931,57.68296],[11.79386,57.68278]]}},{"type":"Feature","properties":{"kind":"barrier"},"geometry":{"type":"LineString","coordinates":[[11.88119,57.60305],[11.88193,57.60325],[11.88119,57.60305]]}},{"type":"Feature","properties":{"kind":"barrier"},"geometry":{"type":"LineString","coordinates":[[11.8795,57.60229],[11.8795,57.60229]]}},{"type":"Feature","properties":{"kind":"barrier"},"geometry":{"type":"LineString","coordinates":[[11.86212,57.60489],[11.86248,57.60507],[11.86212,57.60489]]}},{"type":"Feature","properties":{"kind":"barrier"},"geometry":{"type":"LineString","coordinates":[[11.86269,57.60479],[11.86269,57.60479]]}},{"type":"Feature","properties":{"kind":"barrier"},"geometry":{"type":"LineString","coordinates":[[11.86154,57.60337],[11.86206,57.60396],[11.86079,57.6035],[11.86154,57.60337]]}},{"type":"Feature","properties":{"kind":"barrier"},"geometry":{"type":"LineString","coordinates":[[11.86831,57.60233],[11.86802,57.60262],[11.86831,57.60233]]}},{"type":"Feature","properties":{"kind":"barrier"},"geometry":{"type":"LineString","coordinates":[[11.86406,57.63561],[11.86399,57.63536]]}},{"type":"Feature","properties":{"kind":"barrier"},"geometry":{"type":"LineString","coordinates":[[11.85943,57.63661],[11.85943,57.63661]]}},{"type":"Feature","properties":{"kind":"barrier"},"geometry":{"type":"LineString","coordinates":[[11.84378,57.63098],[11.84378,57.63098]]}},{"type":"Feature","properties":{"kind":"barrier"},"geometry":{"type":"LineString","coordinates":[[11.8516,57.63125],[11.8516,57.63125]]}},{"type":"Feature","properties":{"kind":"barrier"},"geometry":{"type":"LineString","coordinates":[[11.85153,57.63167],[11.85153,57.63167]]}},{"type":"Feature","properties":{"kind":"barrier"},"geometry":{"type":"LineString","coordinates":[[11.85111,57.6314],[11.85111,57.6314]]}},{"type":"Feature","properties":{"kind":"barrier"},"geometry":{"type":"LineString","coordinates":[[11.85075,57.63165],[11.85075,57.63165]]}},{"type":"Feature","properties":{"kind":"barrier"},"geometry":{"type":"LineString","coordinates":[[11.84983,57.63255],[11.84983,57.63255]]}},{"type":"Feature","properties":{"kind":"barrier"},"geometry":{"type":"LineString","coordinates":[[11.84974,57.63249],[11.84974,57.63249]]}},{"type":"Feature","properties":{"kind":"barrier"},"geometry":{"type":"LineString","coordinates":[[11.84402,57.64317],[11.84402,57.64317]]}},{"type":"Feature","properties":{"kind":"barrier"},"geometry":{"type":"LineString","coordinates":[[11.84779,57.64526],[11.84779,57.64526]]}},{"type":"Feature","properties":{"kind":"barrier"},"geometry":{"type":"LineString","coordinates":[[11.8643,57.63265],[11.86484,57.63322],[11.86397,57.63298],[11.8643,57.63265]]}},{"type":"Feature","properties":{"kind":"barrier"},"geometry":{"type":"LineString","coordinates":[[11.86441,57.63311],[11.86441,57.63311]]}},{"type":"Feature","properties":{"kind":"barrier"},"geometry":{"type":"LineString","coordinates":[[11.85845,57.63029],[11.85845,57.63029]]}},{"type":"Feature","properties":{"kind":"barrier"},"geometry":{"type":"LineString","coordinates":[[11.86456,57.63332],[11.86456,57.63332]]}},{"type":"Feature","properties":{"kind":"barrier"},"geometry":{"type":"LineString","coordinates":[[11.86752,57.63378],[11.8676,57.63372]]}},{"type":"Feature","properties":{"kind":"barrier"},"geometry":{"type":"LineString","coordinates":[[11.86716,57.63373],[11.86738,57.63371]]}},{"type":"Feature","properties":{"kind":"barrier"},"geometry":{"type":"LineString","coordinates":[[11.85785,57.63002],[11.85785,57.63002]]}},{"type":"Feature","properties":{"kind":"barrier"},"geometry":{"type":"LineString","coordinates":[[11.8499,57.63173],[11.8499,57.63173]]}},{"type":"Feature","properties":{"kind":"barrier"},"geometry":{"type":"LineString","coordinates":[[11.85051,57.63032],[11.85051,57.63032]]}},{"type":"Feature","properties":{"kind":"barrier"},"geometry":{"type":"LineString","coordinates":[[11.85142,57.63018],[11.85142,57.63018]]}},{"type":"Feature","properties":{"kind":"barrier"},"geometry":{"type":"LineString","coordinates":[[11.8505,57.63095],[11.8505,57.63095]]}},{"type":"Feature","properties":{"kind":"barrier"},"geometry":{"type":"LineString","coordinates":[[11.84987,57.63238],[11.84987,57.63238]]}},{"type":"Feature","properties":{"kind":"barrier"},"geometry":{"type":"LineString","coordinates":[[11.86268,57.6316],[11.86268,57.6316]]}},{"type":"Feature","properties":{"kind":"barrier"},"geometry":{"type":"LineString","coordinates":[[11.86271,57.63159],[11.86271,57.63159]]}},{"type":"Feature","properties":{"kind":"barrier"},"geometry":{"type":"LineString","coordinates":[[11.86202,57.63068],[11.86202,57.63068]]}},{"type":"Feature","properties":{"kind":"barrier"},"geometry":{"type":"LineString","coordinates":[[11.83829,57.65447],[11.83888,57.65447],[11.83829,57.65447]]}},{"type":"Feature","properties":{"kind":"barrier"},"geometry":{"type":"LineString","coordinates":[[11.83898,57.65465],[11.83898,57.65465]]}},{"type":"Feature","properties":{"kind":"barrier"},"geometry":{"type":"LineString","coordinates":[[11.83992,57.65672],[11.83992,57.65672]]}},{"type":"Feature","properties":{"kind":"barrier"},"geometry":{"type":"LineString","coordinates":[[11.84179,57.65584],[11.84179,57.65584]]}},{"type":"Feature","properties":{"kind":"barrier"},"geometry":{"type":"LineString","coordinates":[[11.84094,57.65566],[11.84094,57.65566]]}},{"type":"Feature","properties":{"kind":"barrier"},"geometry":{"type":"LineString","coordinates":[[11.84143,57.65579],[11.84143,57.65579]]}},{"type":"Feature","properties":{"kind":"barrier"},"geometry":{"type":"LineString","coordinates":[[11.84091,57.65724],[11.84091,57.65724]]}},{"type":"Feature","properties":{"kind":"barrier"},"geometry":{"type":"LineString","coordinates":[[11.83429,57.66541],[11.83449,57.66541]]}},{"type":"Feature","properties":{"kind":"barrier"},"geometry":{"type":"LineString","coordinates":[[11.83476,57.66624],[11.83486,57.66595]]}},{"type":"Feature","properties":{"kind":"barrier"},"geometry":{"type":"LineString","coordinates":[[11.83485,57.66552],[11.8349,57.66549]]}},{"type":"Feature","properties":{"kind":"barrier"},"geometry":{"type":"LineString","coordinates":[[11.83463,57.66541],[11.83488,57.66544]]}},{"type":"Feature","properties":{"kind":"barrier"},"geometry":{"type":"LineString","coordinates":[[11.83428,57.66671],[11.83385,57.66643],[11.83457,57.66639]]}},{"type":"Feature","properties":{"kind":"barrier"},"geometry":{"type":"LineString","coordinates":[[11.77893,57.74786],[11.77935,57.74806],[11.77893,57.74786]]}},{"type":"Feature","properties":{"kind":"barrier"},"geometry":{"type":"LineString","coordinates":[[11.74013,57.69777],[11.74166,57.69716],[11.74198,57.69757],[11.74715,57.69507],[11.75165,57.69415]]}},{"type":"Feature","properties":{"kind":"barrier"},"geometry":{"type":"LineString","coordinates":[[11.7909,57.68693],[11.79151,57.68668],[11.7909,57.68693]]}},{"type":"Feature","properties":{"kind":"barrier"},"geometry":{"type":"LineString","coordinates":[[11.83421,57.65482],[11.83418,57.65476]]}},{"type":"Feature","properties":{"kind":"barrier"},"geometry":{"type":"LineString","coordinates":[[11.81328,57.65569],[11.81376,57.65573],[11.81328,57.65569]]}},{"type":"Feature","properties":{"kind":"barrier"},"geometry":{"type":"LineString","coordinates":[[11.82599,57.6721],[11.82571,57.67227]]}},{"type":"Feature","properties":{"kind":"barrier"},"geometry":{"type":"LineString","coordinates":[[11.83355,57.65478],[11.83387,57.65489]]}},{"type":"Feature","properties":{"kind":"barrier"},"geometry":{"type":"LineString","coordinates":[[11.81224,57.65605],[11.81224,57.65605]]}},{"type":"Feature","properties":{"kind":"barrier"},"geometry":{"type":"LineString","coordinates":[[11.81286,57.65493],[11.81286,57.65493]]}},{"type":"Feature","properties":{"kind":"barrier"},"geometry":{"type":"LineString","coordinates":[[11.81338,57.65511],[11.81386,57.65519],[11.81338,57.65511]]}},{"type":"Feature","properties":{"kind":"barrier"},"geometry":{"type":"LineString","coordinates":[[11.82521,57.67201],[11.82547,57.67206]]}},{"type":"Feature","properties":{"kind":"barrier"},"geometry":{"type":"LineString","coordinates":[[11.8339,57.65462],[11.8339,57.65462]]}},{"type":"Feature","properties":{"kind":"barrier"},"geometry":{"type":"LineString","coordinates":[[11.86623,57.63331],[11.86623,57.63331]]}},{"type":"Feature","properties":{"kind":"barrier"},"geometry":{"type":"LineString","coordinates":[[11.85754,57.64189],[11.85754,57.64189]]}},{"type":"Feature","properties":{"kind":"barrier"},"geometry":{"type":"LineString","coordinates":[[11.84465,57.64381],[11.84465,57.64381]]}},{"type":"Feature","properties":{"kind":"barrier"},"geometry":{"type":"LineString","coordinates":[[11.84847,57.64533],[11.84847,57.64533]]}},{"type":"Feature","properties":{"kind":"barrier"},"geometry":{"type":"LineString","coordinates":[[11.84532,57.64682],[11.84532,57.64682]]}},{"type":"Feature","properties":{"kind":"barrier"},"geometry":{"type":"LineString","coordinates":[[11.85174,57.63177],[11.85214,57.6317],[11.85174,57.63177]]}},{"type":"Feature","properties":{"kind":"barrier"},"geometry":{"type":"LineString","coordinates":[[11.84761,57.64476],[11.84812,57.64495],[11.84761,57.64476]]}},{"type":"Feature","properties":{"kind":"barrier"},"geometry":{"type":"LineString","coordinates":[[11.84845,57.64529],[11.84845,57.64529]]}},{"type":"Feature","properties":{"kind":"barrier"},"geometry":{"type":"LineString","coordinates":[[11.84509,57.64664],[11.84509,57.64664]]}},{"type":"Feature","properties":{"kind":"barrier"},"geometry":{"type":"LineString","coordinates":[[11.84879,57.64581],[11.84879,57.64581]]}},{"type":"Feature","properties":{"kind":"barrier"},"geometry":{"type":"LineString","coordinates":[[11.86632,57.63332],[11.86632,57.63332]]}},{"type":"Feature","properties":{"kind":"barrier"},"geometry":{"type":"LineString","coordinates":[[11.84551,57.64668],[11.84551,57.64668]]}},{"type":"Feature","properties":{"kind":"barrier"},"geometry":{"type":"LineString","coordinates":[[11.84628,57.64682],[11.84718,57.64666],[11.84628,57.64682]]}},{"type":"Feature","properties":{"kind":"barrier"},"geometry":{"type":"LineString","coordinates":[[11.84745,57.64654],[11.84745,57.64654]]}},{"type":"Feature","properties":{"kind":"barrier"},"geometry":{"type":"LineString","coordinates":[[11.85025,57.63323],[11.85025,57.63323]]}},{"type":"Feature","properties":{"kind":"barrier"},"geometry":{"type":"LineString","coordinates":[[11.85019,57.63271],[11.85019,57.63271]]}},{"type":"Feature","properties":{"kind":"barrier"},"geometry":{"type":"LineString","coordinates":[[11.85066,57.63109],[11.85066,57.63109]]}},{"type":"Feature","properties":{"kind":"barrier"},"geometry":{"type":"LineString","coordinates":[[11.85046,57.63283],[11.85046,57.63283]]}},{"type":"Feature","properties":{"kind":"barrier"},"geometry":{"type":"LineString","coordinates":[[11.84519,57.64662],[11.84519,57.64662]]}},{"type":"Feature","properties":{"kind":"barrier"},"geometry":{"type":"LineString","coordinates":[[11.84896,57.64567],[11.84896,57.64567]]}},{"type":"Feature","properties":{"kind":"barrier"},"geometry":{"type":"LineString","coordinates":[[11.8505,57.63228],[11.85151,57.63231],[11.85074,57.63282],[11.8505,57.63228]]}},{"type":"Feature","properties":{"kind":"barrier"},"geometry":{"type":"LineString","coordinates":[[11.84516,57.64386],[11.84516,57.64386]]}},{"type":"Feature","properties":{"kind":"barrier"},"geometry":{"type":"LineString","coordinates":[[11.8508,57.6315],[11.8508,57.6315]]}},{"type":"Feature","properties":{"kind":"barrier"},"geometry":{"type":"LineString","coordinates":[[11.77831,57.76043],[11.77868,57.76088],[11.77781,57.76061],[11.77831,57.76043]]}},{"type":"Feature","properties":{"kind":"barrier"},"geometry":{"type":"LineString","coordinates":[[11.79266,57.75971],[11.79266,57.75971]]}},{"type":"Feature","properties":{"kind":"barrier"},"geometry":{"type":"LineString","coordinates":[[11.79235,57.75953],[11.7916,57.75943],[11.79235,57.75953]]}},{"type":"Feature","properties":{"kind":"barrier"},"geometry":{"type":"LineString","coordinates":[[11.80487,57.61902],[11.80452,57.61871],[11.80487,57.61902]]}},{"type":"Feature","properties":{"kind":"barrier"},"geometry":{"type":"LineString","coordinates":[[11.81368,57.62072],[11.81368,57.62072]]}},{"type":"Feature","properties":{"kind":"barrier"},"geometry":{"type":"LineString","coordinates":[[11.80508,57.61915],[11.80508,57.61915]]}},{"type":"Feature","properties":{"kind":"barrier"},"geometry":{"type":"LineString","coordinates":[[11.80666,57.61996],[11.80666,57.61996]]}},{"type":"Feature","properties":{"kind":"barrier"},"geometry":{"type":"LineString","coordinates":[[11.80298,57.62043],[11.80298,57.62043]]}},{"type":"Feature","properties":{"kind":"barrier"},"geometry":{"type":"LineString","coordinates":[[11.80291,57.62059],[11.80291,57.62059]]}},{"type":"Feature","properties":{"kind":"barrier"},"geometry":{"type":"LineString","coordinates":[[11.80598,57.62075],[11.8055,57.62055],[11.80598,57.62075]]}},{"type":"Feature","properties":{"kind":"barrier"},"geometry":{"type":"LineString","coordinates":[[11.84921,57.67345],[11.84921,57.67345]]}},{"type":"Feature","properties":{"kind":"barrier"},"geometry":{"type":"LineString","coordinates":[[11.84923,57.67352],[11.84923,57.67352]]}},{"type":"Feature","properties":{"kind":"barrier"},"geometry":{"type":"LineString","coordinates":[[11.81258,57.60333],[11.81258,57.60333]]}},{"type":"Feature","properties":{"kind":"barrier"},"geometry":{"type":"LineString","coordinates":[[11.81101,57.60207],[11.81194,57.60079],[11.81287,57.60103],[11.81256,57.6017],[11.81101,57.60207]]}},{"type":"Feature","properties":{"kind":"barrier"},"geometry":{"type":"LineString","coordinates":[[11.81185,57.60318],[11.8112,57.60318],[11.81185,57.60318]]}},{"type":"Feature","properties":{"kind":"barrier"},"geometry":{"type":"LineString","coordinates":[[11.81239,57.60281],[11.81239,57.60281]]}},{"type":"Feature","properties":{"kind":"barrier"},"geometry":{"type":"LineString","coordinates":[[11.81305,57.60413],[11.81332,57.60445],[11.81248,57.60443],[11.81305,57.60413]]}},{"type":"Feature","properties":{"kind":"barrier"},"geometry":{"type":"LineString","coordinates":[[11.8067,57.61011],[11.80595,57.61028],[11.8067,57.61011]]}},{"type":"Feature","properties":{"kind":"barrier"},"geometry":{"type":"LineString","coordinates":[[11.80535,57.60999],[11.80572,57.61035],[11.80535,57.60999]]}},{"type":"Feature","properties":{"kind":"barrier"},"geometry":{"type":"LineString","coordinates":[[11.81796,57.60802],[11.81811,57.60845],[11.81753,57.60826],[11.81796,57.60802]]}},{"type":"Feature","properties":{"kind":"barrier"},"geometry":{"type":"LineString","coordinates":[[11.82474,57.59974],[11.82478,57.6002],[11.82474,57.59974]]}},{"type":"Feature","properties":{"kind":"barrier"},"geometry":{"type":"LineString","coordinates":[[11.80595,57.61073],[11.80595,57.61073]]}},{"type":"Feature","properties":{"kind":"barrier"},"geometry":{"type":"LineString","coordinates":[[11.81319,57.60289],[11.81405,57.60372],[11.81319,57.60289]]}},{"type":"Feature","properties":{"kind":"barrier"},"geometry":{"type":"LineString","coordinates":[[11.81463,57.63134],[11.81463,57.63134]]}},{"type":"Feature","properties":{"kind":"barrier"},"geometry":{"type":"LineString","coordinates":[[11.78913,57.62195],[11.78913,57.62195]]}},{"type":"Feature","properties":{"kind":"barrier"},"geometry":{"type":"LineString","coordinates":[[11.81435,57.63095],[11.81435,57.63095]]}},{"type":"Feature","properties":{"kind":"barrier"},"geometry":{"type":"LineString","coordinates":[[11.7892,57.62272],[11.78968,57.62294],[11.7892,57.62272]]}},{"type":"Feature","properties":{"kind":"barrier"},"geometry":{"type":"LineString","coordinates":[[11.78799,57.62219],[11.7884,57.62227],[11.78799,57.62219]]}},{"type":"Feature","properties":{"kind":"barrier"},"geometry":{"type":"LineString","coordinates":[[11.81508,57.62759],[11.81508,57.62759]]}},{"type":"Feature","properties":{"kind":"barrier"},"geometry":{"type":"LineString","coordinates":[[11.79582,57.62103],[11.79582,57.62103]]}},{"type":"Feature","properties":{"kind":"barrier"},"geometry":{"type":"LineString","coordinates":[[11.8587,57.62168],[11.85898,57.62159]]}},{"type":"Feature","properties":{"kind":"barrier"},"geometry":{"type":"LineString","coordinates":[[11.85633,57.6202],[11.85674,57.62008]]}},{"type":"Feature","properties":{"kind":"barrier"},"geometry":{"type":"LineString","coordinates":[[11.8352,57.64017],[11.8352,57.64017]]}},{"type":"Feature","properties":{"kind":"barrier"},"geometry":{"type":"LineString","coordinates":[[11.83616,57.64144],[11.83616,57.64144]]}},{"type":"Feature","properties":{"kind":"barrier"},"geometry":{"type":"LineString","coordinates":[[11.8363,57.64036],[11.8363,57.64036]]}},{"type":"Feature","properties":{"kind":"barrier"},"geometry":{"type":"LineString","coordinates":[[11.83623,57.64144],[11.83623,57.64144]]}},{"type":"Feature","properties":{"kind":"barrier"},"geometry":{"type":"LineString","coordinates":[[11.83412,57.64062],[11.83412,57.64062]]}},{"type":"Feature","properties":{"kind":"barrier"},"geometry":{"type":"LineString","coordinates":[[11.8368,57.64127],[11.83757,57.64147],[11.8368,57.64127]]}},{"type":"Feature","properties":{"kind":"barrier"},"geometry":{"type":"LineString","coordinates":[[11.83429,57.64066],[11.83429,57.64066]]}},{"type":"Feature","properties":{"kind":"barrier"},"geometry":{"type":"LineString","coordinates":[[11.83539,57.6416],[11.83603,57.64169],[11.83539,57.6416]]}},{"type":"Feature","properties":{"kind":"barrier"},"geometry":{"type":"LineString","coordinates":[[11.83626,57.6413],[11.83626,57.6413]]}},{"type":"Feature","properties":{"kind":"barrier"},"geometry":{"type":"LineString","coordinates":[[11.83612,57.64112],[11.83684,57.64107],[11.83612,57.64112]]}},{"type":"Feature","properties":{"kind":"barrier"},"geometry":{"type":"LineString","coordinates":[[11.83461,57.64077],[11.83542,57.64095],[11.83461,57.64077]]}},{"type":"Feature","properties":{"kind":"barrier"},"geometry":{"type":"LineString","coordinates":[[11.83525,57.64022],[11.83525,57.64022]]}},{"type":"Feature","properties":{"kind":"barrier"},"geometry":{"type":"LineString","coordinates":[[11.8351,57.64012],[11.8351,57.64012]]}},{"type":"Feature","properties":{"kind":"barrier"},"geometry":{"type":"LineString","coordinates":[[11.83563,57.6402],[11.83563,57.6402]]}},{"type":"Feature","properties":{"kind":"barrier"},"geometry":{"type":"LineString","coordinates":[[11.82789,57.6428],[11.82828,57.64304],[11.82789,57.6428]]}},{"type":"Feature","properties":{"kind":"barrier"},"geometry":{"type":"LineString","coordinates":[[11.82861,57.64319],[11.82896,57.64344],[11.82861,57.64319]]}},{"type":"Feature","properties":{"kind":"barrier"},"geometry":{"type":"LineString","coordinates":[[11.82848,57.6427],[11.82887,57.64208],[11.82996,57.64227],[11.82927,57.64302],[11.82848,57.6427]]}},{"type":"Feature","properties":{"kind":"barrier"},"geometry":{"type":"LineString","coordinates":[[11.82842,57.64352],[11.82842,57.64352]]}},{"type":"Feature","properties":{"kind":"barrier"},"geometry":{"type":"LineString","coordinates":[[11.82879,57.64312],[11.82946,57.64321],[11.82879,57.64312]]}},{"type":"Feature","properties":{"kind":"barrier"},"geometry":{"type":"LineString","coordinates":[[11.83086,57.64393],[11.83086,57.64393]]}},{"type":"Feature","properties":{"kind":"barrier"},"geometry":{"type":"LineString","coordinates":[[11.81804,57.6708],[11.81858,57.67098]]}},{"type":"Feature","properties":{"kind":"barrier"},"geometry":{"type":"LineString","coordinates":[[11.81984,57.67053],[11.81911,57.67058]]}},{"type":"Feature","properties":{"kind":"barrier"},"geometry":{"type":"LineString","coordinates":[[11.83061,57.63014],[11.83061,57.63014]]}},{"type":"Feature","properties":{"kind":"barrier"},"geometry":{"type":"LineString","coordinates":[[11.83062,57.63021],[11.83062,57.63021]]}},{"type":"Feature","properties":{"kind":"barrier"},"geometry":{"type":"LineString","coordinates":[[11.81102,57.6681],[11.81102,57.6681]]}},{"type":"Feature","properties":{"kind":"barrier"},"geometry":{"type":"LineString","coordinates":[[11.85763,57.6125],[11.85785,57.61283],[11.85697,57.61293],[11.85763,57.6125]]}},{"type":"Feature","properties":{"kind":"barrier"},"geometry":{"type":"LineString","coordinates":[[11.85665,57.61215],[11.85603,57.6123],[11.85665,57.61215]]}},{"type":"Feature","properties":{"kind":"barrier"},"geometry":{"type":"LineString","coordinates":[[11.83062,57.63019],[11.83062,57.63019]]}},{"type":"Feature","properties":{"kind":"barrier"},"geometry":{"type":"LineString","coordinates":[[11.88818,57.60043],[11.88753,57.60088],[11.88818,57.60043]]}},{"type":"Feature","properties":{"kind":"barrier"},"geometry":{"type":"LineString","coordinates":[[11.8294,57.60289],[11.82998,57.60363],[11.82916,57.60335],[11.8294,57.60289]]}},{"type":"Feature","properties":{"kind":"barrier"},"geometry":{"type":"LineString","coordinates":[[11.82718,57.60412],[11.82768,57.60441],[11.82718,57.60412]]}},{"type":"Feature","properties":{"kind":"barrier"},"geometry":{"type":"LineString","coordinates":[[11.82748,57.60347],[11.82748,57.60347]]}},{"type":"Feature","properties":{"kind":"barrier"},"geometry":{"type":"LineString","coordinates":[[11.86966,57.60194],[11.86966,57.60194]]}},{"type":"Feature","properties":{"kind":"barrier"},"geometry":{"type":"LineString","coordinates":[[11.86955,57.60223],[11.86955,57.60223]]}},{"type":"Feature","properties":{"kind":"barrier"},"geometry":{"type":"LineString","coordinates":[[11.7594,57.65166],[11.76001,57.65179],[11.7594,57.65166]]}},{"type":"Feature","properties":{"kind":"barrier"},"geometry":{"type":"LineString","coordinates":[[11.76079,57.65222],[11.76079,57.65222]]}},{"type":"Feature","properties":{"kind":"barrier"},"geometry":{"type":"LineString","coordinates":[[11.75977,57.65153],[11.75977,57.65153]]}},{"type":"Feature","properties":{"kind":"barrier"},"geometry":{"type":"LineString","coordinates":[[11.75929,57.65211],[11.76011,57.65245],[11.75929,57.65211]]}},{"type":"Feature","properties":{"kind":"barrier"},"geometry":{"type":"LineString","coordinates":[[11.75998,57.6513],[11.75998,57.6513]]}},{"type":"Feature","properties":{"kind":"barrier"},"geometry":{"type":"LineString","coordinates":[[11.76043,57.65137],[11.76077,57.65172],[11.76013,57.65179],[11.76043,57.65137]]}},{"type":"Feature","properties":{"kind":"barrier"},"geometry":{"type":"LineString","coordinates":[[11.75883,57.65233],[11.75883,57.65233]]}},{"type":"Feature","properties":{"kind":"barrier"},"geometry":{"type":"LineString","coordinates":[[11.75831,57.6527],[11.75895,57.65273],[11.75831,57.6527]]}},{"type":"Feature","properties":{"kind":"barrier"},"geometry":{"type":"LineString","coordinates":[[11.75878,57.65254],[11.75878,57.65254]]}},{"type":"Feature","properties":{"kind":"barrier"},"geometry":{"type":"LineString","coordinates":[[11.7615,57.65194],[11.7615,57.65194]]}},{"type":"Feature","properties":{"kind":"barrier"},"geometry":{"type":"LineString","coordinates":[[11.75921,57.65267],[11.75962,57.6526],[11.75921,57.65267]]}},{"type":"Feature","properties":{"kind":"barrier"},"geometry":{"type":"LineString","coordinates":[[11.76018,57.65232],[11.76018,57.65232]]}},{"type":"Feature","properties":{"kind":"barrier"},"geometry":{"type":"LineString","coordinates":[[11.86741,57.63434],[11.8667,57.63491],[11.86534,57.6347],[11.86598,57.63437],[11.86562,57.63398],[11.86694,57.63382],[11.86741,57.63434]]}},{"type":"Feature","properties":{"kind":"barrier"},"geometry":{"type":"LineString","coordinates":[[11.87308,57.63455],[11.87235,57.63397],[11.87094,57.6346],[11.87205,57.63373],[11.87398,57.63423],[11.87308,57.63455]]}},{"type":"Feature","properties":{"kind":"barrier"},"geometry":{"type":"LineString","coordinates":[[11.86796,57.63569],[11.86942,57.63681],[11.86625,57.63891],[11.86333,57.63851],[11.86185,57.63701],[11.8656,57.63526],[11.86767,57.63505],[11.86796,57.63569]]}},{"type":"Feature","properties":{"kind":"barrier"},"geometry":{"type":"LineString","coordinates":[[11.8746,57.63411],[11.8746,57.63411]]}},{"type":"Feature","properties":{"kind":"barrier"},"geometry":{"type":"LineString","coordinates":[[11.87108,57.63367],[11.87043,57.63328],[11.87163,57.63323],[11.87108,57.63367]]}},{"type":"Feature","properties":{"kind":"barrier"},"geometry":{"type":"LineString","coordinates":[[11.87424,57.63455],[11.87424,57.63455]]}},{"type":"Feature","properties":{"kind":"barrier"},"geometry":{"type":"LineString","coordinates":[[11.86746,57.6347],[11.86746,57.6347]]}},{"type":"Feature","properties":{"kind":"barrier"},"geometry":{"type":"LineString","coordinates":[[11.86714,57.63478],[11.86714,57.63478]]}},{"type":"Feature","properties":{"kind":"barrier"},"geometry":{"type":"LineString","coordinates":[[11.8664,57.63496],[11.8664,57.63496]]}},{"type":"Feature","properties":{"kind":"barrier"},"geometry":{"type":"LineString","coordinates":[[11.87437,57.63416],[11.87437,57.63416]]}},{"type":"Feature","properties":{"kind":"barrier"},"geometry":{"type":"LineString","coordinates":[[11.86711,57.63488],[11.86711,57.63488]]}},{"type":"Feature","properties":{"kind":"barrier"},"geometry":{"type":"LineString","coordinates":[[11.87169,57.63381],[11.87169,57.63381]]}},{"type":"Feature","properties":{"kind":"barrier"},"geometry":{"type":"LineString","coordinates":[[11.86069,57.63713],[11.86202,57.63917],[11.86118,57.64058],[11.85996,57.64091],[11.85669,57.64059],[11.85362,57.63941],[11.85271,57.63997],[11.84966,57.63969],[11.84852,57.64045],[11.84681,57.63932],[11.84904,57.63851],[11.85055,57.63761],[11.85138,57.63626],[11.85408,57.63513],[11.86069,57.63713]]}},{"type":"Feature","properties":{"kind":"barrier"},"geometry":{"type":"LineString","coordinates":[[11.84549,57.64164],[11.84531,57.64097],[11.84828,57.64063],[11.84774,57.64139],[11.84669,57.64145],[11.84829,57.64242],[11.84834,57.643],[11.84719,57.64341]]}},{"type":"Feature","properties":{"kind":"barrier"},"geometry":{"type":"LineString","coordinates":[[11.88105,57.62981],[11.88102,57.62928],[11.87916,57.62879],[11.87891,57.62746],[11.8777,57.62709],[11.87844,57.62702],[11.87852,57.62602],[11.87601,57.62566],[11.87539,57.62451],[11.87621,57.62306],[11.87574,57.62291],[11.87576,57.62131],[11.87762,57.62064],[11.8769,57.62013],[11.87703,57.61949],[11.87495,57.61825],[11.87604,57.61747],[11.87735,57.61749],[11.87768,57.61604]]}},{"type":"Feature","properties":{"kind":"barrier"},"geometry":{"type":"LineString","coordinates":[[11.86616,57.63903],[11.86616,57.63903]]}},{"type":"Feature","properties":{"kind":"barrier"},"geometry":{"type":"LineString","coordinates":[[11.85522,57.66368],[11.85475,57.66419],[11.85381,57.66343],[11.85522,57.66368]]}},{"type":"Feature","properties":{"kind":"barrier"},"geometry":{"type":"LineString","coordinates":[[11.84096,57.66463],[11.84096,57.66463]]}},{"type":"Feature","properties":{"kind":"barrier"},"geometry":{"type":"LineString","coordinates":[[11.84122,57.66486],[11.84122,57.66486]]}},{"type":"Feature","properties":{"kind":"barrier"},"geometry":{"type":"LineString","coordinates":[[11.84051,57.66261],[11.84051,57.66261]]}},{"type":"Feature","properties":{"kind":"barrier"},"geometry":{"type":"LineString","coordinates":[[11.84398,57.66469],[11.84211,57.66543],[11.84229,57.66592],[11.84157,57.66511]]}},{"type":"Feature","properties":{"kind":"barrier"},"geometry":{"type":"LineString","coordinates":[[11.84111,57.66217],[11.84111,57.66217]]}},{"type":"Feature","properties":{"kind":"barrier"},"geometry":{"type":"LineString","coordinates":[[11.84449,57.66497],[11.84449,57.66497]]}},{"type":"Feature","properties":{"kind":"barrier"},"geometry":{"type":"LineString","coordinates":[[11.8475,57.66611],[11.84464,57.66582],[11.84506,57.66465],[11.84612,57.66462],[11.84636,57.66316]]}},{"type":"Feature","properties":{"kind":"barrier"},"geometry":{"type":"LineString","coordinates":[[11.85121,57.67008],[11.85121,57.67008]]}},{"type":"Feature","properties":{"kind":"barrier"},"geometry":{"type":"LineString","coordinates":[[11.85127,57.67216],[11.85087,57.67155],[11.85154,57.67151],[11.85033,57.67085],[11.85186,57.6702]]}},{"type":"Feature","properties":{"kind":"barrier"},"geometry":{"type":"LineString","coordinates":[[11.77636,57.6275],[11.77636,57.6275]]}},{"type":"Feature","properties":{"kind":"barrier"},"geometry":{"type":"LineString","coordinates":[[11.77895,57.62738],[11.77848,57.62731],[11.77895,57.62738]]}},{"type":"Feature","properties":{"kind":"barrier"},"geometry":{"type":"LineString","coordinates":[[11.77739,57.62841],[11.77739,57.62841]]}},{"type":"Feature","properties":{"kind":"barrier"},"geometry":{"type":"LineString","coordinates":[[11.78255,57.62722],[11.78255,57.62722]]}},{"type":"Feature","properties":{"kind":"barrier"},"geometry":{"type":"LineString","coordinates":[[11.85174,57.63185],[11.85174,57.63185]]}},{"type":"Feature","properties":{"kind":"barrier"},"geometry":{"type":"LineString","coordinates":[[11.85148,57.63194],[11.85148,57.63194]]}},{"type":"Feature","properties":{"kind":"barrier"},"geometry":{"type":"LineString","coordinates":[[11.84089,57.62939],[11.84089,57.62939]]}},{"type":"Feature","properties":{"kind":"barrier"},"geometry":{"type":"LineString","coordinates":[[11.84232,57.62941],[11.84232,57.62941]]}},{"type":"Feature","properties":{"kind":"barrier"},"geometry":{"type":"LineString","coordinates":[[11.84246,57.62939],[11.84246,57.62939]]}},{"type":"Feature","properties":{"kind":"barrier"},"geometry":{"type":"LineString","coordinates":[[11.84034,57.63041],[11.84034,57.63041]]}},{"type":"Feature","properties":{"kind":"barrier"},"geometry":{"type":"LineString","coordinates":[[11.84014,57.65525],[11.84014,57.65525]]}},{"type":"Feature","properties":{"kind":"barrier"},"geometry":{"type":"LineString","coordinates":[[11.83377,57.65637],[11.83432,57.65641]]}},{"type":"Feature","properties":{"kind":"barrier"},"geometry":{"type":"LineString","coordinates":[[11.8305,57.6789],[11.83116,57.6789]]}},{"type":"Feature","properties":{"kind":"barrier"},"geometry":{"type":"LineString","coordinates":[[11.82891,57.67905],[11.82891,57.67905]]}},{"type":"Feature","properties":{"kind":"barrier"},"geometry":{"type":"LineString","coordinates":[[11.82957,57.6789],[11.83029,57.67882]]}},{"type":"Feature","properties":{"kind":"barrier"},"geometry":{"type":"LineString","coordinates":[[11.83016,57.67872],[11.83038,57.67864]]}},{"type":"Feature","properties":{"kind":"barrier"},"geometry":{"type":"LineString","coordinates":[[11.82954,57.67906],[11.82915,57.67904]]}},{"type":"Feature","properties":{"kind":"barrier"},"geometry":{"type":"LineString","coordinates":[[11.82138,57.67221],[11.82138,57.67221]]}},{"type":"Feature","properties":{"kind":"barrier"},"geometry":{"type":"LineString","coordinates":[[11.82119,57.67195],[11.82119,57.67195]]}},{"type":"Feature","properties":{"kind":"barrier"},"geometry":{"type":"LineString","coordinates":[[11.82862,57.66184],[11.82941,57.66191],[11.82862,57.66184]]}},{"type":"Feature","properties":{"kind":"barrier"},"geometry":{"type":"LineString","coordinates":[[11.82034,57.66168],[11.81988,57.66188]]}},{"type":"Feature","properties":{"kind":"barrier"},"geometry":{"type":"LineString","coordinates":[[11.82162,57.66262],[11.82214,57.6627],[11.82162,57.66262]]}},{"type":"Feature","properties":{"kind":"barrier"},"geometry":{"type":"LineString","coordinates":[[11.82863,57.66187],[11.82802,57.66182],[11.82863,57.66187]]}},{"type":"Feature","properties":{"kind":"barrier"},"geometry":{"type":"LineString","coordinates":[[11.84274,57.62144],[11.84274,57.62144]]}},{"type":"Feature","properties":{"kind":"barrier"},"geometry":{"type":"LineString","coordinates":[[11.84274,57.62293],[11.84246,57.62252],[11.84298,57.62246],[11.84274,57.62293]]}},{"type":"Feature","properties":{"kind":"barrier"},"geometry":{"type":"LineString","coordinates":[[11.84208,57.62357],[11.84167,57.62291],[11.84248,57.62319],[11.84208,57.62357]]}},{"type":"Feature","properties":{"kind":"barrier"},"geometry":{"type":"LineString","coordinates":[[11.7689,57.60129],[11.7689,57.60129]]}},{"type":"Feature","properties":{"kind":"barrier"},"geometry":{"type":"LineString","coordinates":[[11.76846,57.60113],[11.76846,57.60113]]}},{"type":"Feature","properties":{"kind":"barrier"},"geometry":{"type":"LineString","coordinates":[[11.77371,57.75195],[11.77371,57.75195]]}},{"type":"Feature","properties":{"kind":"barrier"},"geometry":{"type":"LineString","coordinates":[[11.7708,57.68707],[11.7703,57.68698],[11.7708,57.68707]]}},{"type":"Feature","properties":{"kind":"barrier"},"geometry":{"type":"LineString","coordinates":[[11.81527,57.60067],[11.81527,57.60067]]}},{"type":"Feature","properties":{"kind":"barrier"},"geometry":{"type":"LineString","coordinates":[[11.8518,57.60766],[11.8518,57.60766]]}},{"type":"Feature","properties":{"kind":"barrier"},"geometry":{"type":"LineString","coordinates":[[11.81457,57.61388],[11.81457,57.61388]]}},{"type":"Feature","properties":{"kind":"barrier"},"geometry":{"type":"LineString","coordinates":[[11.86277,57.61781],[11.86235,57.61775],[11.86277,57.61781]]}},{"type":"Feature","properties":{"kind":"barrier"},"geometry":{"type":"LineString","coordinates":[[11.85118,57.63002],[11.85118,57.63002]]}},{"type":"Feature","properties":{"kind":"barrier"},"geometry":{"type":"LineString","coordinates":[[11.86524,57.62484],[11.86569,57.62508]]}},{"type":"Feature","properties":{"kind":"barrier"},"geometry":{"type":"LineString","coordinates":[[11.85022,57.63062],[11.85022,57.63062]]}},{"type":"Feature","properties":{"kind":"barrier"},"geometry":{"type":"LineString","coordinates":[[11.85336,57.63002],[11.85379,57.62976],[11.85336,57.63002]]}},{"type":"Feature","properties":{"kind":"barrier"},"geometry":{"type":"LineString","coordinates":[[11.84703,57.63075],[11.84703,57.63075]]}},{"type":"Feature","properties":{"kind":"barrier"},"geometry":{"type":"LineString","coordinates":[[11.85028,57.63082],[11.85028,57.63082]]}},{"type":"Feature","properties":{"kind":"barrier"},"geometry":{"type":"LineString","coordinates":[[11.86326,57.63156],[11.86326,57.63156]]}},{"type":"Feature","properties":{"kind":"barrier"},"geometry":{"type":"LineString","coordinates":[[11.80268,57.61632],[11.80268,57.61632]]}},{"type":"Feature","properties":{"kind":"barrier"},"geometry":{"type":"LineString","coordinates":[[11.8649,57.62439],[11.86544,57.62449]]}},{"type":"Feature","properties":{"kind":"barrier"},"geometry":{"type":"LineString","coordinates":[[11.86665,57.62521],[11.86663,57.62496]]}},{"type":"Feature","properties":{"kind":"barrier"},"geometry":{"type":"LineString","coordinates":[[11.80308,57.61615],[11.80308,57.61615]]}},{"type":"Feature","properties":{"kind":"barrier"},"geometry":{"type":"LineString","coordinates":[[11.86563,57.62762],[11.86592,57.62749]]}},{"type":"Feature","properties":{"kind":"barrier"},"geometry":{"type":"LineString","coordinates":[[11.86548,57.62518],[11.86556,57.62513]]}},{"type":"Feature","properties":{"kind":"barrier"},"geometry":{"type":"LineString","coordinates":[[11.86704,57.62565],[11.86716,57.62555]]}},{"type":"Feature","properties":{"kind":"barrier"},"geometry":{"type":"LineString","coordinates":[[11.86354,57.61639],[11.86354,57.61639]]}},{"type":"Feature","properties":{"kind":"barrier"},"geometry":{"type":"LineString","coordinates":[[11.86016,57.61226],[11.86016,57.61226]]}},{"type":"Feature","properties":{"kind":"barrier"},"geometry":{"type":"LineString","coordinates":[[11.83809,57.60152],[11.83809,57.60152]]}},{"type":"Feature","properties":{"kind":"barrier"},"geometry":{"type":"LineString","coordinates":[[11.80318,57.61559],[11.80318,57.61559]]}},{"type":"Feature","properties":{"kind":"barrier"},"geometry":{"type":"LineString","coordinates":[[11.86552,57.6273],[11.86542,57.62719]]}},{"type":"Feature","properties":{"kind":"barrier"},"geometry":{"type":"LineString","coordinates":[[11.80306,57.61674],[11.80306,57.61674]]}},{"type":"Feature","properties":{"kind":"barrier"},"geometry":{"type":"LineString","coordinates":[[11.86565,57.62726],[11.86601,57.62725]]}},{"type":"Feature","properties":{"kind":"barrier"},"geometry":{"type":"LineString","coordinates":[[11.83744,57.60054],[11.83744,57.60054]]}},{"type":"Feature","properties":{"kind":"barrier"},"geometry":{"type":"LineString","coordinates":[[11.83967,57.60145],[11.83967,57.60145]]}},{"type":"Feature","properties":{"kind":"barrier"},"geometry":{"type":"LineString","coordinates":[[11.86646,57.62786],[11.86634,57.6278]]}},{"type":"Feature","properties":{"kind":"barrier"},"geometry":{"type":"LineString","coordinates":[[11.80295,57.61641],[11.80295,57.61641]]}},{"type":"Feature","properties":{"kind":"barrier"},"geometry":{"type":"LineString","coordinates":[[11.80276,57.6155],[11.80276,57.6155]]}},{"type":"Feature","properties":{"kind":"barrier"},"geometry":{"type":"LineString","coordinates":[[11.8377,57.60158],[11.8377,57.60158]]}},{"type":"Feature","properties":{"kind":"barrier"},"geometry":{"type":"LineString","coordinates":[[11.84714,57.63063],[11.84714,57.63063]]}},{"type":"Feature","properties":{"kind":"barrier"},"geometry":{"type":"LineString","coordinates":[[11.83587,57.60035],[11.83587,57.60035]]}},{"type":"Feature","properties":{"kind":"barrier"},"geometry":{"type":"LineString","coordinates":[[11.85082,57.63024],[11.85082,57.63024]]}},{"type":"Feature","properties":{"kind":"barrier"},"geometry":{"type":"LineString","coordinates":[[11.86587,57.62524],[11.86609,57.62539]]}},{"type":"Feature","properties":{"kind":"barrier"},"geometry":{"type":"LineString","coordinates":[[11.80352,57.61188],[11.80352,57.61188]]}},{"type":"Feature","properties":{"kind":"barrier"},"geometry":{"type":"LineString","coordinates":[[11.84688,57.63049],[11.84688,57.63049]]}},{"type":"Feature","properties":{"kind":"barrier"},"geometry":{"type":"LineString","coordinates":[[11.78058,57.6944],[11.78058,57.6944]]}},{"type":"Feature","properties":{"kind":"barrier"},"geometry":{"type":"LineString","coordinates":[[11.78266,57.69526],[11.7843,57.69487],[11.7852,57.69558],[11.78445,57.69592],[11.78449,57.69677],[11.78294,57.69746],[11.78572,57.69764],[11.78692,57.69848],[11.78584,57.69977],[11.78389,57.69963],[11.7834,57.70024],[11.78107,57.69951],[11.78058,57.69998],[11.78151,57.70058],[11.7809,57.70095],[11.78107,57.70173]]}},{"type":"Feature","properties":{"kind":"barrier"},"geometry":{"type":"LineString","coordinates":[[11.78223,57.69512],[11.78223,57.69512]]}},{"type":"Feature","properties":{"kind":"barrier"},"geometry":{"type":"LineString","coordinates":[[11.75525,57.6898],[11.75525,57.6898]]}},{"type":"Feature","properties":{"kind":"barrier"},"geometry":{"type":"LineString","coordinates":[[11.81085,57.69294],[11.81959,57.68471],[11.82022,57.68224],[11.85295,57.67784]]}},{"type":"Feature","properties":{"kind":"barrier"},"geometry":{"type":"LineString","coordinates":[[11.84987,57.67472],[11.8495,57.67406],[11.85099,57.67321]]}},{"type":"Feature","properties":{"kind":"barrier"},"geometry":{"type":"LineString","coordinates":[[11.87568,57.62314],[11.87568,57.62314]]}},{"type":"Feature","properties":{"kind":"barrier"},"geometry":{"type":"LineString","coordinates":[[11.80609,57.69514],[11.80609,57.69514]]}},{"type":"Feature","properties":{"kind":"barrier"},"geometry":{"type":"LineString","coordinates":[[11.76901,57.67083],[11.76901,57.67083]]}},{"type":"Feature","properties":{"kind":"barrier"},"geometry":{"type":"LineString","coordinates":[[11.91512,57.62139],[11.91512,57.62139]]}},{"type":"Feature","properties":{"kind":"barrier"},"geometry":{"type":"LineString","coordinates":[[11.91065,57.61755],[11.91074,57.61758]]}},{"type":"Feature","properties":{"kind":"barrier"},"geometry":{"type":"LineString","coordinates":[[11.91346,57.60685],[11.91358,57.6069]]}},{"type":"Feature","properties":{"kind":"barrier"},"geometry":{"type":"LineString","coordinates":[[11.90896,57.60542],[11.90914,57.60537]]}},{"type":"Feature","properties":{"kind":"barrier"},"geometry":{"type":"LineString","coordinates":[[11.90963,57.60181],[11.90963,57.60181]]}},{"type":"Feature","properties":{"kind":"barrier"},"geometry":{"type":"LineString","coordinates":[[11.88263,57.60777],[11.88263,57.60777]]}},{"type":"Feature","properties":{"kind":"barrier"},"geometry":{"type":"LineString","coordinates":[[11.88063,57.60832],[11.88063,57.60832]]}},{"type":"Feature","properties":{"kind":"barrier"},"geometry":{"type":"LineString","coordinates":[[11.85276,57.61693],[11.85203,57.61676],[11.85276,57.61693]]}},{"type":"Feature","properties":{"kind":"barrier"},"geometry":{"type":"LineString","coordinates":[[11.8552,57.61677],[11.8552,57.61677]]}},{"type":"Feature","properties":{"kind":"barrier"},"geometry":{"type":"LineString","coordinates":[[11.85417,57.62911],[11.85417,57.62911]]}},{"type":"Feature","properties":{"kind":"barrier"},"geometry":{"type":"LineString","coordinates":[[11.81038,57.69282],[11.81038,57.69282]]}},{"type":"Feature","properties":{"kind":"barrier"},"geometry":{"type":"LineString","coordinates":[[11.80999,57.69214],[11.80999,57.69214]]}},{"type":"Feature","properties":{"kind":"barrier"},"geometry":{"type":"LineString","coordinates":[[11.80996,57.69218],[11.80996,57.69218]]}},{"type":"Feature","properties":{"kind":"barrier"},"geometry":{"type":"LineString","coordinates":[[11.91703,57.62413],[11.91689,57.62483]]}},{"type":"Feature","properties":{"kind":"barrier"},"geometry":{"type":"LineString","coordinates":[[11.91647,57.62405],[11.9152,57.62276],[11.91704,57.62281]]}},{"type":"Feature","properties":{"kind":"barrier"},"geometry":{"type":"LineString","coordinates":[[11.84949,57.66079],[11.85437,57.66552]]}},{"type":"Feature","properties":{"kind":"barrier"},"geometry":{"type":"LineString","coordinates":[[11.84103,57.66137],[11.84004,57.66049],[11.8404,57.65867],[11.84271,57.6582]]}},{"type":"Feature","properties":{"kind":"barrier"},"geometry":{"type":"LineString","coordinates":[[11.87768,57.61604],[11.87866,57.6157],[11.87944,57.61628],[11.88134,57.61535],[11.87759,57.61282],[11.87842,57.6118],[11.88132,57.61247],[11.8834,57.61528],[11.88677,57.61556],[11.88661,57.61484],[11.88351,57.61374],[11.883,57.61279],[11.88442,57.61205],[11.88504,57.61268],[11.88654,57.61166]]}},{"type":"Feature","properties":{"kind":"barrier"},"geometry":{"type":"LineString","coordinates":[[11.9275,57.62463],[11.92895,57.62212],[11.92998,57.62202],[11.93001,57.6209],[11.92683,57.61906],[11.92262,57.61911],[11.92186,57.61976],[11.92253,57.61901],[11.92201,57.61858],[11.9227,57.61816]]}},{"type":"Feature","properties":{"kind":"barrier"},"geometry":{"type":"LineString","coordinates":[[11.91642,57.62465],[11.91647,57.62405]]}},{"type":"Feature","properties":{"kind":"barrier"},"geometry":{"type":"LineString","coordinates":[[11.82391,57.66567],[11.82413,57.66556]]}},{"type":"Feature","properties":{"kind":"barrier"},"geometry":{"type":"LineString","coordinates":[[11.81438,57.66586],[11.81438,57.66586]]}},{"type":"Feature","properties":{"kind":"barrier"},"geometry":{"type":"LineString","coordinates":[[11.80944,57.66724],[11.80902,57.66718],[11.80944,57.66724]]}},{"type":"Feature","properties":{"kind":"barrier"},"geometry":{"type":"LineString","coordinates":[[11.80763,57.66864],[11.80763,57.66864]]}},{"type":"Feature","properties":{"kind":"barrier"},"geometry":{"type":"LineString","coordinates":[[11.82455,57.65187],[11.82455,57.65187]]}},{"type":"Feature","properties":{"kind":"barrier"},"geometry":{"type":"LineString","coordinates":[[11.8079,57.66004],[11.80772,57.66013]]}},{"type":"Feature","properties":{"kind":"barrier"},"geometry":{"type":"LineString","coordinates":[[11.81391,57.66919],[11.81391,57.66919]]}},{"type":"Feature","properties":{"kind":"barrier"},"geometry":{"type":"LineString","coordinates":[[11.81453,57.66587],[11.81453,57.66587]]}},{"type":"Feature","properties":{"kind":"barrier"},"geometry":{"type":"LineString","coordinates":[[11.81255,57.66837],[11.81255,57.66837]]}},{"type":"Feature","properties":{"kind":"barrier"},"geometry":{"type":"LineString","coordinates":[[11.81425,57.6658],[11.81425,57.6658]]}},{"type":"Feature","properties":{"kind":"barrier"},"geometry":{"type":"LineString","coordinates":[[11.83133,57.64475],[11.83178,57.64491],[11.83133,57.64475]]}},{"type":"Feature","properties":{"kind":"barrier"},"geometry":{"type":"LineString","coordinates":[[11.82643,57.67556],[11.82662,57.67558]]}},{"type":"Feature","properties":{"kind":"barrier"},"geometry":{"type":"LineString","coordinates":[[11.82008,57.67288],[11.82008,57.67288]]}},{"type":"Feature","properties":{"kind":"barrier"},"geometry":{"type":"LineString","coordinates":[[11.8199,57.67261],[11.8199,57.67261]]}},{"type":"Feature","properties":{"kind":"barrier"},"geometry":{"type":"LineString","coordinates":[[11.81931,57.67253],[11.81931,57.67253]]}},{"type":"Feature","properties":{"kind":"barrier"},"geometry":{"type":"LineString","coordinates":[[11.82033,57.67275],[11.82033,57.67275]]}},{"type":"Feature","properties":{"kind":"barrier"},"geometry":{"type":"LineString","coordinates":[[11.82,57.67245],[11.82,57.67245]]}},{"type":"Feature","properties":{"kind":"barrier"},"geometry":{"type":"LineString","coordinates":[[11.81987,57.67269],[11.81987,57.67269]]}},{"type":"Feature","properties":{"kind":"barrier"},"geometry":{"type":"LineString","coordinates":[[11.75754,57.77381],[11.75712,57.77382],[11.75754,57.77381]]}},{"type":"Feature","properties":{"kind":"barrier"},"geometry":{"type":"LineString","coordinates":[[11.75716,57.77359],[11.75716,57.77359]]}},{"type":"Feature","properties":{"kind":"barrier"},"geometry":{"type":"LineString","coordinates":[[11.75453,57.77314],[11.75453,57.77314]]}},{"type":"Feature","properties":{"kind":"barrier"},"geometry":{"type":"LineString","coordinates":[[11.75596,57.77361],[11.75644,57.77364],[11.75596,57.77361]]}},{"type":"Feature","properties":{"kind":"barrier"},"geometry":{"type":"LineString","coordinates":[[11.7909,57.67727],[11.7909,57.67727]]}},{"type":"Feature","properties":{"kind":"barrier"},"geometry":{"type":"LineString","coordinates":[[11.79062,57.67711],[11.79062,57.67711]]}},{"type":"Feature","properties":{"kind":"barrier"},"geometry":{"type":"LineString","coordinates":[[11.79051,57.67717],[11.79051,57.67717]]}},{"type":"Feature","properties":{"kind":"barrier"},"geometry":{"type":"LineString","coordinates":[[11.81226,57.68312],[11.81226,57.68312]]}},{"type":"Feature","properties":{"kind":"barrier"},"geometry":{"type":"LineString","coordinates":[[11.81305,57.68371],[11.81305,57.68371]]}},{"type":"Feature","properties":{"kind":"barrier"},"geometry":{"type":"LineString","coordinates":[[11.81327,57.68285],[11.81327,57.68285]]}},{"type":"Feature","properties":{"kind":"barrier"},"geometry":{"type":"LineString","coordinates":[[11.75574,57.75746],[11.75622,57.75749],[11.75574,57.75746]]}},{"type":"Feature","properties":{"kind":"barrier"},"geometry":{"type":"LineString","coordinates":[[11.76314,57.75437],[11.76314,57.75437]]}},{"type":"Feature","properties":{"kind":"barrier"},"geometry":{"type":"LineString","coordinates":[[11.76442,57.75449],[11.76478,57.75468],[11.76442,57.75449]]}},{"type":"Feature","properties":{"kind":"barrier"},"geometry":{"type":"LineString","coordinates":[[11.76406,57.75643],[11.76455,57.75661],[11.76406,57.75643]]}},{"type":"Feature","properties":{"kind":"barrier"},"geometry":{"type":"LineString","coordinates":[[11.76949,57.75623],[11.76887,57.75628],[11.76949,57.75623]]}},{"type":"Feature","properties":{"kind":"barrier"},"geometry":{"type":"LineString","coordinates":[[11.76167,57.75542],[11.76167,57.75542]]}},{"type":"Feature","properties":{"kind":"barrier"},"geometry":{"type":"LineString","coordinates":[[11.7783,57.68787],[11.7783,57.68787]]}},{"type":"Feature","properties":{"kind":"barrier"},"geometry":{"type":"LineString","coordinates":[[11.76192,57.6824],[11.76192,57.6824]]}},{"type":"Feature","properties":{"kind":"barrier"},"geometry":{"type":"LineString","coordinates":[[11.75178,57.6164],[11.75178,57.6164]]}},{"type":"Feature","properties":{"kind":"barrier"},"geometry":{"type":"LineString","coordinates":[[11.74983,57.61677],[11.74928,57.61681],[11.74983,57.61677]]}},{"type":"Feature","properties":{"kind":"barrier"},"geometry":{"type":"LineString","coordinates":[[11.7644,57.61179],[11.76514,57.6118],[11.7644,57.61179]]}},{"type":"Feature","properties":{"kind":"barrier"},"geometry":{"type":"LineString","coordinates":[[11.77193,57.68578],[11.77193,57.68578]]}},{"type":"Feature","properties":{"kind":"barrier"},"geometry":{"type":"LineString","coordinates":[[11.77163,57.6857],[11.77163,57.6857]]}},{"type":"Feature","properties":{"kind":"barrier"},"geometry":{"type":"LineString","coordinates":[[11.77174,57.68575],[11.77174,57.68575]]}},{"type":"Feature","properties":{"kind":"barrier"},"geometry":{"type":"LineString","coordinates":[[11.85723,57.61695],[11.85772,57.61696],[11.85723,57.61695]]}},{"type":"Feature","properties":{"kind":"barrier"},"geometry":{"type":"LineString","coordinates":[[11.84251,57.60675],[11.84251,57.60675]]}},{"type":"Feature","properties":{"kind":"barrier"},"geometry":{"type":"LineString","coordinates":[[11.84262,57.60672],[11.84262,57.60672]]}},{"type":"Feature","properties":{"kind":"barrier"},"geometry":{"type":"LineString","coordinates":[[11.83661,57.6215],[11.83661,57.6215]]}},{"type":"Feature","properties":{"kind":"barrier"},"geometry":{"type":"LineString","coordinates":[[11.83677,57.62157],[11.83719,57.62153],[11.83677,57.62157]]}},{"type":"Feature","properties":{"kind":"barrier"},"geometry":{"type":"LineString","coordinates":[[11.83219,57.62141],[11.83219,57.62141]]}},{"type":"Feature","properties":{"kind":"barrier"},"geometry":{"type":"LineString","coordinates":[[11.78898,57.62893],[11.78898,57.62893]]}},{"type":"Feature","properties":{"kind":"barrier"},"geometry":{"type":"LineString","coordinates":[[11.77793,57.63224],[11.77793,57.63224]]}},{"type":"Feature","properties":{"kind":"barrier"},"geometry":{"type":"LineString","coordinates":[[11.82817,57.65589],[11.82817,57.65589]]}},{"type":"Feature","properties":{"kind":"barrier"},"geometry":{"type":"LineString","coordinates":[[11.81389,57.66941],[11.81389,57.66941]]}},{"type":"Feature","properties":{"kind":"barrier"},"geometry":{"type":"LineString","coordinates":[[11.8225,57.67482],[11.82232,57.67481]]}},{"type":"Feature","properties":{"kind":"barrier"},"geometry":{"type":"LineString","coordinates":[[11.81171,57.68305],[11.81171,57.68305]]}},{"type":"Feature","properties":{"kind":"barrier"},"geometry":{"type":"LineString","coordinates":[[11.81282,57.68744],[11.81282,57.68744]]}},{"type":"Feature","properties":{"kind":"barrier"},"geometry":{"type":"LineString","coordinates":[[11.81182,57.68743],[11.81182,57.68743]]}},{"type":"Feature","properties":{"kind":"barrier"},"geometry":{"type":"LineString","coordinates":[[11.81201,57.68765],[11.81201,57.68765]]}},{"type":"Feature","properties":{"kind":"barrier"},"geometry":{"type":"LineString","coordinates":[[11.81462,57.68591],[11.81462,57.68591]]}},{"type":"Feature","properties":{"kind":"barrier"},"geometry":{"type":"LineString","coordinates":[[11.8108,57.68765],[11.81038,57.68784],[11.8108,57.68765]]}},{"type":"Feature","properties":{"kind":"barrier"},"geometry":{"type":"LineString","coordinates":[[11.88296,57.61047],[11.88296,57.61047]]}},{"type":"Feature","properties":{"kind":"barrier"},"geometry":{"type":"LineString","coordinates":[[11.81329,57.65575],[11.81329,57.65575]]}},{"type":"Feature","properties":{"kind":"barrier"},"geometry":{"type":"LineString","coordinates":[[11.81341,57.65585],[11.81341,57.65585]]}},{"type":"Feature","properties":{"kind":"barrier"},"geometry":{"type":"LineString","coordinates":[[11.77729,57.7],[11.77899,57.69953],[11.77843,57.69878],[11.77881,57.69803],[11.77555,57.69736],[11.77474,57.69631],[11.77589,57.69677]]}},{"type":"Feature","properties":{"kind":"barrier"},"geometry":{"type":"LineString","coordinates":[[11.79006,57.60535],[11.79036,57.60702],[11.79216,57.60866],[11.79323,57.60894],[11.79213,57.60639],[11.7931,57.60621],[11.79363,57.60692],[11.79479,57.60877],[11.79314,57.6095],[11.79336,57.6102]]}},{"type":"Feature","properties":{"kind":"barrier"},"geometry":{"type":"LineString","coordinates":[[11.75985,57.61651],[11.7567,57.61493],[11.75439,57.61471],[11.75402,57.61371],[11.75173,57.61342],[11.75222,57.61278],[11.75492,57.61357],[11.75803,57.6127]]}},{"type":"Feature","properties":{"kind":"barrier"},"geometry":{"type":"LineString","coordinates":[[11.75761,57.60685],[11.75656,57.60747],[11.75519,57.60573],[11.75175,57.60496],[11.7513,57.60436],[11.75289,57.60382],[11.75231,57.60338],[11.75323,57.60233],[11.75749,57.60116],[11.76052,57.60179]]}},{"type":"Feature","properties":{"kind":"barrier"},"geometry":{"type":"LineString","coordinates":[[11.78757,57.61969],[11.78682,57.61897],[11.78539,57.619]]}},{"type":"Feature","properties":{"kind":"barrier"},"geometry":{"type":"LineString","coordinates":[[11.7635,57.61833],[11.76316,57.61695],[11.76081,57.61697],[11.76033,57.61752],[11.76259,57.61853],[11.75951,57.61871],[11.75973,57.61798],[11.75867,57.61753],[11.76062,57.61671]]}},{"type":"Feature","properties":{"kind":"barrier"},"geometry":{"type":"LineString","coordinates":[[11.77771,57.60135],[11.77347,57.59881],[11.77252,57.59883],[11.77297,57.59789],[11.77777,57.59736],[11.78096,57.59898],[11.78372,57.59845],[11.78517,57.60126]]}},{"type":"Feature","properties":{"kind":"barrier"},"geometry":{"type":"LineString","coordinates":[[11.79398,57.61766],[11.79317,57.61822]]}},{"type":"Feature","properties":{"kind":"barrier"},"geometry":{"type":"LineString","coordinates":[[11.79167,57.61831],[11.78946,57.61964],[11.78757,57.61969]]}},{"type":"Feature","properties":{"kind":"barrier"},"geometry":{"type":"LineString","coordinates":[[11.77935,57.62055],[11.77447,57.61983]]}},{"type":"Feature","properties":{"kind":"barrier"},"geometry":{"type":"LineString","coordinates":[[11.76667,57.62041],[11.76449,57.61978],[11.76442,57.61912]]}},{"type":"Feature","properties":{"kind":"barrier"},"geometry":{"type":"LineString","coordinates":[[11.78539,57.619],[11.77935,57.62055]]}},{"type":"Feature","properties":{"kind":"barrier"},"geometry":{"type":"LineString","coordinates":[[11.79336,57.6102],[11.79693,57.61429],[11.79403,57.61519],[11.79398,57.61766]]}},{"type":"Feature","properties":{"kind":"barrier"},"geometry":{"type":"LineString","coordinates":[[11.78556,57.6017],[11.78952,57.60403],[11.78983,57.60353],[11.79078,57.60378],[11.79011,57.60412],[11.79059,57.60476],[11.79006,57.60535]]}},{"type":"Feature","properties":{"kind":"barrier"},"geometry":{"type":"LineString","coordinates":[[11.77447,57.61983],[11.77432,57.62037],[11.76986,57.62151],[11.76799,57.62066],[11.76675,57.62089],[11.76667,57.62041]]}},{"type":"Feature","properties":{"kind":"barrier"},"geometry":{"type":"LineString","coordinates":[[11.76164,57.60008],[11.76238,57.60006],[11.76164,57.60008]]}},{"type":"Feature","properties":{"kind":"barrier"},"geometry":{"type":"LineString","coordinates":[[11.81753,57.65914],[11.81753,57.65914]]}},{"type":"Feature","properties":{"kind":"barrier"},"geometry":{"type":"LineString","coordinates":[[11.81805,57.65909],[11.81805,57.65909]]}},{"type":"Feature","properties":{"kind":"barrier"},"geometry":{"type":"LineString","coordinates":[[11.81745,57.65898],[11.81745,57.65898]]}},{"type":"Feature","properties":{"kind":"barrier"},"geometry":{"type":"LineString","coordinates":[[11.81776,57.65907],[11.81776,57.65907]]}},{"type":"Feature","properties":{"kind":"barrier"},"geometry":{"type":"LineString","coordinates":[[11.77973,57.68472],[11.77973,57.68472]]}},{"type":"Feature","properties":{"kind":"barrier"},"geometry":{"type":"LineString","coordinates":[[11.77929,57.68416],[11.77929,57.68416]]}},{"type":"Feature","properties":{"kind":"barrier"},"geometry":{"type":"LineString","coordinates":[[11.76826,57.68576],[11.76826,57.68576]]}},{"type":"Feature","properties":{"kind":"barrier"},"geometry":{"type":"LineString","coordinates":[[11.76767,57.68569],[11.76767,57.68569]]}},{"type":"Feature","properties":{"kind":"barrier"},"geometry":{"type":"LineString","coordinates":[[11.76718,57.68576],[11.76718,57.68576]]}},{"type":"Feature","properties":{"kind":"barrier"},"geometry":{"type":"LineString","coordinates":[[11.7626,57.68515],[11.7626,57.68515]]}},{"type":"Feature","properties":{"kind":"barrier"},"geometry":{"type":"LineString","coordinates":[[11.76265,57.685],[11.76265,57.685]]}},{"type":"Feature","properties":{"kind":"barrier"},"geometry":{"type":"LineString","coordinates":[[11.84475,57.62438],[11.84475,57.62438]]}},{"type":"Feature","properties":{"kind":"barrier"},"geometry":{"type":"LineString","coordinates":[[11.84446,57.62754],[11.84446,57.62754]]}},{"type":"Feature","properties":{"kind":"barrier"},"geometry":{"type":"LineString","coordinates":[[11.74997,57.61102],[11.74997,57.61102]]}},{"type":"Feature","properties":{"kind":"barrier"},"geometry":{"type":"LineString","coordinates":[[11.75913,57.61075],[11.75913,57.61075]]}},{"type":"Feature","properties":{"kind":"barrier"},"geometry":{"type":"LineString","coordinates":[[11.75907,57.61075],[11.75949,57.61069],[11.75907,57.61075]]}},{"type":"Feature","properties":{"kind":"barrier"},"geometry":{"type":"LineString","coordinates":[[11.76755,57.60157],[11.76755,57.60157]]}},{"type":"Feature","properties":{"kind":"barrier"},"geometry":{"type":"LineString","coordinates":[[11.76503,57.60192],[11.76503,57.60192]]}},{"type":"Feature","properties":{"kind":"barrier"},"geometry":{"type":"LineString","coordinates":[[11.76526,57.60223],[11.76526,57.60223]]}},{"type":"Feature","properties":{"kind":"barrier"},"geometry":{"type":"LineString","coordinates":[[11.76527,57.6022],[11.76527,57.6022]]}},{"type":"Feature","properties":{"kind":"barrier"},"geometry":{"type":"LineString","coordinates":[[11.76518,57.60211],[11.76518,57.60211]]}},{"type":"Feature","properties":{"kind":"barrier"},"geometry":{"type":"LineString","coordinates":[[11.76923,57.60113],[11.76923,57.60113]]}},{"type":"Feature","properties":{"kind":"barrier"},"geometry":{"type":"LineString","coordinates":[[11.7807,57.74775],[11.7807,57.74775]]}},{"type":"Feature","properties":{"kind":"barrier"},"geometry":{"type":"LineString","coordinates":[[11.81382,57.78022],[11.81382,57.78022]]}},{"type":"Feature","properties":{"kind":"barrier"},"geometry":{"type":"LineString","coordinates":[[11.81455,57.77983],[11.81493,57.77997],[11.81455,57.77983]]}},{"type":"Feature","properties":{"kind":"barrier"},"geometry":{"type":"LineString","coordinates":[[11.81714,57.67081],[11.81722,57.67069]]}},{"type":"Feature","properties":{"kind":"barrier"},"geometry":{"type":"LineString","coordinates":[[11.81684,57.67084],[11.81695,57.67073]]}},{"type":"Feature","properties":{"kind":"barrier"},"geometry":{"type":"LineString","coordinates":[[11.82071,57.67034],[11.82071,57.67034]]}},{"type":"Feature","properties":{"kind":"barrier"},"geometry":{"type":"LineString","coordinates":[[11.82132,57.67058],[11.82132,57.67058]]}},{"type":"Feature","properties":{"kind":"barrier"},"geometry":{"type":"LineString","coordinates":[[11.83939,57.65859],[11.83939,57.65859]]}},{"type":"Feature","properties":{"kind":"barrier"},"geometry":{"type":"LineString","coordinates":[[11.83952,57.65867],[11.83952,57.65867]]}},{"type":"Feature","properties":{"kind":"barrier"},"geometry":{"type":"LineString","coordinates":[[11.84891,57.65602],[11.84916,57.65519],[11.84817,57.65396],[11.84839,57.65268],[11.84575,57.65131],[11.84489,57.64984],[11.84546,57.64921]]}},{"type":"Feature","properties":{"kind":"barrier"},"geometry":{"type":"LineString","coordinates":[[11.84271,57.6582],[11.84362,57.65846]]}},{"type":"Feature","properties":{"kind":"barrier"},"geometry":{"type":"LineString","coordinates":[[11.92505,57.62579],[11.9275,57.62463]]}},{"type":"Feature","properties":{"kind":"barrier"},"geometry":{"type":"LineString","coordinates":[[11.91689,57.62483],[11.92033,57.62693],[11.92199,57.62701],[11.92505,57.62579]]}},{"type":"Feature","properties":{"kind":"barrier"},"geometry":{"type":"LineString","coordinates":[[11.92219,57.6142],[11.92183,57.614]]}},{"type":"Feature","properties":{"kind":"barrier"},"geometry":{"type":"LineString","coordinates":[[11.92111,57.6157],[11.92214,57.61444]]}},{"type":"Feature","properties":{"kind":"barrier"},"geometry":{"type":"LineString","coordinates":[[11.92214,57.61444],[11.92219,57.6142]]}},{"type":"Feature","properties":{"kind":"barrier"},"geometry":{"type":"LineString","coordinates":[[11.92183,57.614],[11.92063,57.61177],[11.92104,57.6104]]}},{"type":"Feature","properties":{"kind":"barrier"},"geometry":{"type":"LineString","coordinates":[[11.84842,57.6486],[11.84877,57.6482]]}},{"type":"Feature","properties":{"kind":"barrier"},"geometry":{"type":"LineString","coordinates":[[11.84546,57.64921],[11.84842,57.6486]]}},{"type":"Feature","properties":{"kind":"barrier"},"geometry":{"type":"LineString","coordinates":[[11.90009,57.61568],[11.90132,57.61569]]}},{"type":"Feature","properties":{"kind":"barrier"},"geometry":{"type":"LineString","coordinates":[[11.90132,57.61569],[11.90483,57.6152],[11.90666,57.6168],[11.90613,57.62002],[11.90553,57.62045],[11.90681,57.62064],[11.90663,57.62345],[11.90781,57.62349],[11.9064,57.62413],[11.90949,57.62329],[11.90738,57.62438],[11.90916,57.62521],[11.91015,57.6243],[11.9071,57.63054],[11.90857,57.63242],[11.9095,57.63508],[11.91072,57.63513],[11.91005,57.63395],[11.91046,57.63276]]}},{"type":"Feature","properties":{"kind":"barrier"},"geometry":{"type":"LineString","coordinates":[[11.9227,57.61816],[11.92216,57.61753]]}},{"type":"Feature","properties":{"kind":"barrier"},"geometry":{"type":"LineString","coordinates":[[11.92216,57.61753],[11.92099,57.6174],[11.92111,57.6157]]}},{"type":"Feature","properties":{"kind":"barrier"},"geometry":{"type":"LineString","coordinates":[[11.82391,57.6236],[11.82337,57.62208],[11.82409,57.62053],[11.82785,57.61914],[11.83078,57.61997],[11.83186,57.62178],[11.82992,57.62301],[11.83161,57.62411],[11.82965,57.62451],[11.82792,57.6256],[11.82784,57.62638],[11.82713,57.62636]]}},{"type":"Feature","properties":{"kind":"barrier"},"geometry":{"type":"LineString","coordinates":[[11.82412,57.62379],[11.82391,57.6236]]}},{"type":"Feature","properties":{"kind":"barrier"},"geometry":{"type":"LineString","coordinates":[[11.82432,57.62644],[11.82348,57.62524],[11.82412,57.62379]]}},{"type":"Feature","properties":{"kind":"barrier"},"geometry":{"type":"LineString","coordinates":[[11.82464,57.62657],[11.82432,57.62644]]}},{"type":"Feature","properties":{"kind":"barrier"},"geometry":{"type":"LineString","coordinates":[[11.82694,57.62645],[11.82549,57.62749],[11.82464,57.62657]]}},{"type":"Feature","properties":{"kind":"barrier"},"geometry":{"type":"LineString","coordinates":[[11.88134,57.63005],[11.88105,57.62981]]}},{"type":"Feature","properties":{"kind":"barrier"},"geometry":{"type":"LineString","coordinates":[[11.87956,57.63142],[11.87986,57.63261],[11.88048,57.63018],[11.88134,57.63005]]}},{"type":"Feature","properties":{"kind":"barrier"},"geometry":{"type":"LineString","coordinates":[[11.91253,57.60146],[11.91011,57.60267],[11.90882,57.60248],[11.91036,57.60182],[11.90879,57.60081],[11.90866,57.59988],[11.90776,57.60014],[11.90772,57.59968],[11.91022,57.59846]]}},{"type":"Feature","properties":{"kind":"barrier"},"geometry":{"type":"LineString","coordinates":[[11.74987,57.64828],[11.75006,57.64883]]}},{"type":"Feature","properties":{"kind":"barrier"},"geometry":{"type":"LineString","coordinates":[[11.75265,57.6486],[11.75169,57.6486],[11.75151,57.64801],[11.74987,57.64828]]}},{"type":"Feature","properties":{"kind":"barrier"},"geometry":{"type":"LineString","coordinates":[[11.75006,57.64883],[11.75054,57.64958],[11.74769,57.65097],[11.74733,57.65057],[11.74626,57.65149],[11.74534,57.64882]]}},{"type":"Feature","properties":{"kind":"barrier"},"geometry":{"type":"LineString","coordinates":[[11.75566,57.64814],[11.75689,57.64882],[11.75693,57.64949]]}},{"type":"Feature","properties":{"kind":"barrier"},"geometry":{"type":"LineString","coordinates":[[11.75236,57.64904],[11.75265,57.6486]]}},{"type":"Feature","properties":{"kind":"barrier"},"geometry":{"type":"LineString","coordinates":[[11.75595,57.6445],[11.75482,57.64661],[11.75481,57.64713],[11.7554,57.6468],[11.75616,57.64732],[11.75566,57.64814]]}},{"type":"Feature","properties":{"kind":"barrier"},"geometry":{"type":"LineString","coordinates":[[11.75715,57.6495],[11.75722,57.64702],[11.75813,57.6466],[11.75771,57.64586],[11.75689,57.64581],[11.75749,57.64466],[11.75652,57.64247]]}},{"type":"Feature","properties":{"kind":"barrier"},"geometry":{"type":"LineString","coordinates":[[11.75693,57.64949],[11.75587,57.6505],[11.75634,57.65082],[11.75504,57.65125],[11.75451,57.65042],[11.75371,57.65108],[11.75264,57.65064],[11.75308,57.65009],[11.7518,57.64944],[11.75236,57.64904]]}},{"type":"Feature","properties":{"kind":"barrier"},"geometry":{"type":"LineString","coordinates":[[11.9131,57.62571],[11.91499,57.62492],[11.91251,57.62479],[11.91642,57.62465]]}},{"type":"Feature","properties":{"kind":"barrier"},"geometry":{"type":"LineString","coordinates":[[11.91046,57.63276],[11.91013,57.62922],[11.9131,57.62571]]}},{"type":"Feature","properties":{"kind":"barrier"},"geometry":{"type":"LineString","coordinates":[[11.76769,57.69766],[11.77003,57.69869]]}},{"type":"Feature","properties":{"kind":"barrier"},"geometry":{"type":"LineString","coordinates":[[11.7667,57.69569],[11.76778,57.69674]]}},{"type":"Feature","properties":{"kind":"barrier"},"geometry":{"type":"LineString","coordinates":[[11.75207,57.69415],[11.75549,57.69416],[11.75514,57.69346],[11.757,57.69317],[11.75538,57.69321],[11.7544,57.69197],[11.75484,57.6909]]}},{"type":"Feature","properties":{"kind":"barrier"},"geometry":{"type":"LineString","coordinates":[[11.75165,57.69415],[11.75108,57.69508],[11.75185,57.69518],[11.75186,57.69615],[11.7529,57.69673]]}},{"type":"Feature","properties":{"kind":"barrier"},"geometry":{"type":"LineString","coordinates":[[11.75739,57.68964],[11.76051,57.68903],[11.76053,57.68856],[11.76188,57.68915],[11.76299,57.68837]]}},{"type":"Feature","properties":{"kind":"barrier"},"geometry":{"type":"LineString","coordinates":[[11.75484,57.6909],[11.75739,57.68964]]}},{"type":"Feature","properties":{"kind":"barrier"},"geometry":{"type":"LineString","coordinates":[[11.76726,57.69087],[11.76636,57.69085],[11.76672,57.69171]]}},{"type":"Feature","properties":{"kind":"barrier"},"geometry":{"type":"LineString","coordinates":[[11.7704,57.69111],[11.77123,57.69113],[11.7704,57.69111]]}},{"type":"Feature","properties":{"kind":"barrier"},"geometry":{"type":"LineString","coordinates":[[11.77198,57.6891],[11.76929,57.68934],[11.76901,57.6903]]}},{"type":"Feature","properties":{"kind":"barrier"},"geometry":{"type":"LineString","coordinates":[[11.76672,57.69171],[11.76633,57.69234],[11.76793,57.69452],[11.7668,57.69525]]}},{"type":"Feature","properties":{"kind":"barrier"},"geometry":{"type":"LineString","coordinates":[[11.76652,57.69561],[11.76661,57.69557]]}},{"type":"Feature","properties":{"kind":"barrier"},"geometry":{"type":"LineString","coordinates":[[11.7668,57.69525],[11.76438,57.69469]]}},{"type":"Feature","properties":{"kind":"barrier"},"geometry":{"type":"LineString","coordinates":[[11.76661,57.69557],[11.7667,57.69569]]}},{"type":"Feature","properties":{"kind":"barrier"},"geometry":{"type":"LineString","coordinates":[[11.76438,57.69469],[11.76442,57.69506]]}},{"type":"Feature","properties":{"kind":"barrier"},"geometry":{"type":"LineString","coordinates":[[11.76442,57.69506],[11.76615,57.69554]]}},{"type":"Feature","properties":{"kind":"barrier"},"geometry":{"type":"LineString","coordinates":[[11.76615,57.69554],[11.76652,57.69561]]}},{"type":"Feature","properties":{"kind":"barrier"},"geometry":{"type":"LineString","coordinates":[[11.7529,57.69673],[11.75346,57.69628],[11.75289,57.69541],[11.75343,57.69538],[11.75207,57.69415]]}},{"type":"Feature","properties":{"kind":"barrier"},"geometry":{"type":"LineString","coordinates":[[11.76855,57.69163],[11.76726,57.69087]]}},{"type":"Feature","properties":{"kind":"barrier"},"geometry":{"type":"LineString","coordinates":[[11.76901,57.6903],[11.77112,57.69093]]}},{"type":"Feature","properties":{"kind":"barrier"},"geometry":{"type":"LineString","coordinates":[[11.77003,57.69869],[11.77095,57.69866]]}},{"type":"Feature","properties":{"kind":"barrier"},"geometry":{"type":"LineString","coordinates":[[11.76778,57.69674],[11.76814,57.69719]]}},{"type":"Feature","properties":{"kind":"barrier"},"geometry":{"type":"LineString","coordinates":[[11.77623,57.69902],[11.77632,57.69908]]}},{"type":"Feature","properties":{"kind":"barrier"},"geometry":{"type":"LineString","coordinates":[[11.77095,57.69866],[11.77368,57.69815],[11.77623,57.69902]]}},{"type":"Feature","properties":{"kind":"barrier"},"geometry":{"type":"LineString","coordinates":[[11.76814,57.69719],[11.76769,57.69766]]}},{"type":"Feature","properties":{"kind":"barrier"},"geometry":{"type":"LineString","coordinates":[[11.79123,57.7644],[11.79213,57.76383],[11.79309,57.76413]]}},{"type":"Feature","properties":{"kind":"barrier"},"geometry":{"type":"LineString","coordinates":[[11.79795,57.7756],[11.7974,57.7748],[11.79833,57.77437],[11.79791,57.77408],[11.80058,57.77349]]}},{"type":"Feature","properties":{"kind":"barrier"},"geometry":{"type":"LineString","coordinates":[[11.79795,57.76484],[11.79916,57.76485]]}},{"type":"Feature","properties":{"kind":"barrier"},"geometry":{"type":"LineString","coordinates":[[11.79355,57.76418],[11.79795,57.76484]]}},{"type":"Feature","properties":{"kind":"barrier"},"geometry":{"type":"LineString","coordinates":[[11.79309,57.76413],[11.79355,57.76418]]}},{"type":"Feature","properties":{"kind":"barrier"},"geometry":{"type":"LineString","coordinates":[[11.79317,57.61822],[11.79283,57.61827]]}},{"type":"Feature","properties":{"kind":"barrier"},"geometry":{"type":"LineString","coordinates":[[11.79202,57.6185],[11.79167,57.61831]]}},{"type":"Feature","properties":{"kind":"barrier"},"geometry":{"type":"LineString","coordinates":[[11.79283,57.61827],[11.79202,57.6185]]}},{"type":"Feature","properties":{"kind":"barrier"},"geometry":{"type":"LineString","coordinates":[[11.80058,57.77349],[11.80166,57.77353]]}},{"type":"Feature","properties":{"kind":"barrier"},"geometry":{"type":"LineString","coordinates":[[11.80493,57.7774],[11.804,57.77762],[11.7991,57.77608],[11.79838,57.77652],[11.79799,57.7762],[11.79853,57.77573],[11.79795,57.7756]]}},{"type":"Feature","properties":{"kind":"barrier"},"geometry":{"type":"LineString","coordinates":[[11.80738,57.77679],[11.80572,57.77666],[11.80493,57.7774]]}},{"type":"Feature","properties":{"kind":"barrier"},"geometry":{"type":"LineString","coordinates":[[11.80197,57.77292],[11.80031,57.77267]]}},{"type":"Feature","properties":{"kind":"barrier"},"geometry":{"type":"LineString","coordinates":[[11.80166,57.77353],[11.80298,57.77331],[11.80197,57.77292]]}},{"type":"Feature","properties":{"kind":"barrier"},"geometry":{"type":"LineString","coordinates":[[11.79011,57.77115],[11.78976,57.77064],[11.79011,57.77115]]}},{"type":"Feature","properties":{"kind":"barrier"},"geometry":{"type":"LineString","coordinates":[[11.7645,57.60288],[11.7657,57.60343]]}},{"type":"Feature","properties":{"kind":"barrier"},"geometry":{"type":"LineString","coordinates":[[11.76052,57.60179],[11.76133,57.60188],[11.76153,57.60136]]}},{"type":"Feature","properties":{"kind":"barrier"},"geometry":{"type":"LineString","coordinates":[[11.7625,57.60361],[11.76163,57.60381]]}},{"type":"Feature","properties":{"kind":"barrier"},"geometry":{"type":"LineString","coordinates":[[11.76287,57.60367],[11.7625,57.60361]]}},{"type":"Feature","properties":{"kind":"barrier"},"geometry":{"type":"LineString","coordinates":[[11.76153,57.60136],[11.76359,57.60189],[11.7645,57.60288]]}},{"type":"Feature","properties":{"kind":"barrier"},"geometry":{"type":"LineString","coordinates":[[11.76488,57.60528],[11.76319,57.60497],[11.76287,57.60367]]}},{"type":"Feature","properties":{"kind":"barrier"},"geometry":{"type":"LineString","coordinates":[[11.79306,57.68308],[11.79306,57.68308]]}},{"type":"Feature","properties":{"kind":"barrier"},"geometry":{"type":"LineString","coordinates":[[11.79337,57.68304],[11.79337,57.68304]]}},{"type":"Feature","properties":{"kind":"barrier"},"geometry":{"type":"LineString","coordinates":[[11.79318,57.68306],[11.79318,57.68306]]}},{"type":"Feature","properties":{"kind":"barrier"},"geometry":{"type":"LineString","coordinates":[[11.79368,57.68303],[11.79314,57.68316],[11.79368,57.68303]]}},{"type":"Feature","properties":{"kind":"barrier"},"geometry":{"type":"LineString","coordinates":[[11.79298,57.68302],[11.79298,57.68302]]}},{"type":"Feature","properties":{"kind":"barrier"},"geometry":{"type":"LineString","coordinates":[[11.84614,57.65934],[11.84727,57.66007],[11.84691,57.66037]]}},{"type":"Feature","properties":{"kind":"barrier"},"geometry":{"type":"LineString","coordinates":[[11.84568,57.65908],[11.84584,57.65915]]}},{"type":"Feature","properties":{"kind":"barrier"},"geometry":{"type":"LineString","coordinates":[[11.84528,57.65903],[11.84568,57.65908]]}},{"type":"Feature","properties":{"kind":"barrier"},"geometry":{"type":"LineString","coordinates":[[11.84483,57.65875],[11.84528,57.65903]]}},{"type":"Feature","properties":{"kind":"barrier"},"geometry":{"type":"LineString","coordinates":[[11.84469,57.65873],[11.84478,57.65878]]}},{"type":"Feature","properties":{"kind":"barrier"},"geometry":{"type":"LineString","coordinates":[[11.84362,57.65846],[11.84469,57.65873]]}},{"type":"Feature","properties":{"kind":"barrier"},"geometry":{"type":"LineString","coordinates":[[11.73449,57.78432],[11.7383,57.78449],[11.74036,57.7857],[11.74381,57.78658],[11.74338,57.78708],[11.74638,57.78861],[11.75082,57.78924],[11.75201,57.79034],[11.7513,57.79078]]}},{"type":"Feature","properties":{"kind":"barrier"},"geometry":{"type":"LineString","coordinates":[[11.74711,57.7989],[11.75014,57.79954],[11.74959,57.79897],[11.7509,57.79847],[11.74659,57.79836],[11.74409,57.79727],[11.74065,57.79723],[11.73899,57.79548],[11.73987,57.79482],[11.73838,57.79516]]}},{"type":"Feature","properties":{"kind":"barrier"},"geometry":{"type":"LineString","coordinates":[[11.91749,57.62299],[11.91802,57.62352],[11.91703,57.62413]]}},{"type":"Feature","properties":{"kind":"barrier"},"geometry":{"type":"LineString","coordinates":[[11.91704,57.62281],[11.91749,57.62299]]}},{"type":"Feature","properties":{"kind":"barrier"},"geometry":{"type":"LineString","coordinates":[[11.84921,57.66089],[11.84949,57.66079]]}},{"type":"Feature","properties":{"kind":"barrier"},"geometry":{"type":"LineString","coordinates":[[11.84871,57.66133],[11.84921,57.66089]]}},{"type":"Feature","properties":{"kind":"barrier"},"geometry":{"type":"LineString","coordinates":[[11.84691,57.66037],[11.84871,57.66133]]}},{"type":"Feature","properties":{"kind":"barrier"},"geometry":{"type":"LineString","coordinates":[[11.85437,57.66552],[11.85488,57.66596],[11.85453,57.66769],[11.85705,57.66764],[11.85783,57.66607],[11.85947,57.66492],[11.85948,57.66411],[11.85216,57.65987]]}},{"type":"Feature","properties":{"kind":"barrier"},"geometry":{"type":"LineString","coordinates":[[11.85295,57.67784],[11.85117,57.67694],[11.84987,57.67472]]}},{"type":"Feature","properties":{"kind":"barrier"},"geometry":{"type":"LineString","coordinates":[[11.77393,57.62447],[11.77405,57.62461]]}},{"type":"Feature","properties":{"kind":"barrier"},"geometry":{"type":"LineString","coordinates":[[11.76354,57.62906],[11.76354,57.62906]]}},{"type":"Feature","properties":{"kind":"barrier"},"geometry":{"type":"LineString","coordinates":[[11.79164,57.79402],[11.78886,57.7938]]}},{"type":"Feature","properties":{"kind":"barrier"},"geometry":{"type":"LineString","coordinates":[[11.79109,57.79317],[11.79179,57.79393]]}},{"type":"Feature","properties":{"kind":"barrier"},"geometry":{"type":"LineString","coordinates":[[11.79179,57.79393],[11.79471,57.7932]]}},{"type":"Feature","properties":{"kind":"barrier"},"geometry":{"type":"LineString","coordinates":[[11.7941,57.79502],[11.79164,57.79402]]}},{"type":"Feature","properties":{"kind":"barrier"},"geometry":{"type":"LineString","coordinates":[[11.79491,57.7926],[11.79486,57.79232]]}},{"type":"Feature","properties":{"kind":"barrier"},"geometry":{"type":"LineString","coordinates":[[11.79471,57.7932],[11.79394,57.79282],[11.79491,57.7926]]}},{"type":"Feature","properties":{"kind":"barrier"},"geometry":{"type":"LineString","coordinates":[[11.79486,57.79232],[11.79603,57.79136],[11.79896,57.79225]]}},{"type":"Feature","properties":{"kind":"barrier"},"geometry":{"type":"LineString","coordinates":[[11.79896,57.79225],[11.79897,57.79339],[11.79707,57.7941],[11.79642,57.79503],[11.7941,57.79502]]}},{"type":"Feature","properties":{"kind":"barrier"},"geometry":{"type":"LineString","coordinates":[[11.77638,57.79729],[11.77942,57.79729]]}},{"type":"Feature","properties":{"kind":"barrier"},"geometry":{"type":"LineString","coordinates":[[11.78228,57.79669],[11.78319,57.79654]]}},{"type":"Feature","properties":{"kind":"barrier"},"geometry":{"type":"LineString","coordinates":[[11.77942,57.79729],[11.78228,57.79669]]}},{"type":"Feature","properties":{"kind":"barrier"},"geometry":{"type":"LineString","coordinates":[[11.77343,57.79791],[11.77638,57.79729]]}},{"type":"Feature","properties":{"kind":"barrier"},"geometry":{"type":"LineString","coordinates":[[11.77006,57.79296],[11.77029,57.79405],[11.76979,57.79438],[11.77047,57.79473],[11.76939,57.79498]]}},{"type":"Feature","properties":{"kind":"barrier"},"geometry":{"type":"LineString","coordinates":[[11.76941,57.79592],[11.7692,57.79633],[11.77021,57.79709],[11.77343,57.79791]]}},{"type":"Feature","properties":{"kind":"barrier"},"geometry":{"type":"LineString","coordinates":[[11.78319,57.79654],[11.79208,57.79543],[11.79667,57.7957]]}},{"type":"Feature","properties":{"kind":"barrier"},"geometry":{"type":"LineString","coordinates":[[11.75848,57.7937],[11.75968,57.79451],[11.76263,57.794]]}},{"type":"Feature","properties":{"kind":"barrier"},"geometry":{"type":"LineString","coordinates":[[11.76019,57.79208],[11.75824,57.79071],[11.75894,57.79051],[11.75805,57.7901],[11.75927,57.78966]]}},{"type":"Feature","properties":{"kind":"barrier"},"geometry":{"type":"LineString","coordinates":[[11.83187,57.79526],[11.83444,57.79258]]}},{"type":"Feature","properties":{"kind":"barrier"},"geometry":{"type":"LineString","coordinates":[[11.79667,57.7957],[11.7979,57.7947],[11.79928,57.79469],[11.80523,57.79618],[11.8051,57.79545],[11.80843,57.79569],[11.80904,57.79463]]}},{"type":"Feature","properties":{"kind":"barrier"},"geometry":{"type":"LineString","coordinates":[[11.80904,57.79463],[11.80866,57.79417],[11.80936,57.79381],[11.82117,57.79355],[11.83187,57.79526]]}},{"type":"Feature","properties":{"kind":"barrier"},"geometry":{"type":"LineString","coordinates":[[11.76411,57.78907],[11.7642,57.78914]]}},{"type":"Feature","properties":{"kind":"barrier"},"geometry":{"type":"LineString","coordinates":[[11.76112,57.78901],[11.76131,57.78891]]}},{"type":"Feature","properties":{"kind":"barrier"},"geometry":{"type":"LineString","coordinates":[[11.76131,57.78891],[11.76072,57.78827],[11.76204,57.78798],[11.76436,57.7886],[11.76411,57.78907]]}},{"type":"Feature","properties":{"kind":"barrier"},"geometry":{"type":"LineString","coordinates":[[11.75927,57.78966],[11.75797,57.78933]]}},{"type":"Feature","properties":{"kind":"barrier"},"geometry":{"type":"LineString","coordinates":[[11.76539,57.78979],[11.76611,57.79073],[11.76853,57.79111]]}},{"type":"Feature","properties":{"kind":"barrier"},"geometry":{"type":"LineString","coordinates":[[11.7642,57.78914],[11.76539,57.78979]]}},{"type":"Feature","properties":{"kind":"barrier"},"geometry":{"type":"LineString","coordinates":[[11.76263,57.794],[11.76019,57.79208]]}},{"type":"Feature","properties":{"kind":"barrier"},"geometry":{"type":"LineString","coordinates":[[11.76939,57.79498],[11.76941,57.79592]]}},{"type":"Feature","properties":{"kind":"barrier"},"geometry":{"type":"LineString","coordinates":[[11.76961,57.79251],[11.77006,57.79296]]}},{"type":"Feature","properties":{"kind":"barrier"},"geometry":{"type":"LineString","coordinates":[[11.76926,57.79213],[11.76961,57.79251]]}},{"type":"Feature","properties":{"kind":"barrier"},"geometry":{"type":"LineString","coordinates":[[11.76853,57.79111],[11.76939,57.7913],[11.76926,57.79213]]}},{"type":"Feature","properties":{"kind":"barrier"},"geometry":{"type":"LineString","coordinates":[[11.76666,57.78881],[11.76666,57.78881]]}},{"type":"Feature","properties":{"kind":"barrier"},"geometry":{"type":"LineString","coordinates":[[11.88094,57.60273],[11.88094,57.60273]]}},{"type":"Feature","properties":{"kind":"barrier"},"geometry":{"type":"LineString","coordinates":[[11.88105,57.60264],[11.88105,57.60264]]}},{"type":"Feature","properties":{"kind":"barrier"},"geometry":{"type":"LineString","coordinates":[[11.8835,57.61436],[11.8835,57.61436]]}},{"type":"Feature","properties":{"kind":"barrier"},"geometry":{"type":"LineString","coordinates":[[11.86439,57.62344],[11.86445,57.62349]]}},{"type":"Feature","properties":{"kind":"barrier"},"geometry":{"type":"LineString","coordinates":[[11.86606,57.62588],[11.86671,57.62593]]}},{"type":"Feature","properties":{"kind":"barrier"},"geometry":{"type":"LineString","coordinates":[[11.86485,57.62743],[11.86485,57.62743]]}},{"type":"Feature","properties":{"kind":"barrier"},"geometry":{"type":"LineString","coordinates":[[11.86482,57.6274],[11.86482,57.6274]]}},{"type":"Feature","properties":{"kind":"barrier"},"geometry":{"type":"LineString","coordinates":[[11.85748,57.61616],[11.85748,57.61616]]}},{"type":"Feature","properties":{"kind":"barrier"},"geometry":{"type":"LineString","coordinates":[[11.85781,57.61686],[11.85781,57.61686]]}},{"type":"Feature","properties":{"kind":"barrier"},"geometry":{"type":"LineString","coordinates":[[11.85782,57.61687],[11.85782,57.61687]]}},{"type":"Feature","properties":{"kind":"barrier"},"geometry":{"type":"LineString","coordinates":[[11.91391,57.60634],[11.91584,57.60623],[11.91416,57.60678]]}},{"type":"Feature","properties":{"kind":"barrier"},"geometry":{"type":"LineString","coordinates":[[11.85276,57.62984],[11.85276,57.62984]]}},{"type":"Feature","properties":{"kind":"barrier"},"geometry":{"type":"LineString","coordinates":[[11.82723,57.62764],[11.82723,57.62764]]}},{"type":"Feature","properties":{"kind":"barrier"},"geometry":{"type":"LineString","coordinates":[[11.82711,57.62764],[11.82711,57.62764]]}},{"type":"Feature","properties":{"kind":"barrier"},"geometry":{"type":"LineString","coordinates":[[11.81414,57.79204],[11.81414,57.79204]]}},{"type":"Feature","properties":{"kind":"barrier"},"geometry":{"type":"LineString","coordinates":[[11.78704,57.78156],[11.78704,57.78156]]}},{"type":"Feature","properties":{"kind":"barrier"},"geometry":{"type":"LineString","coordinates":[[11.78547,57.78061],[11.78547,57.78061]]}},{"type":"Feature","properties":{"kind":"barrier"},"geometry":{"type":"LineString","coordinates":[[11.78532,57.78049],[11.78532,57.78049]]}},{"type":"Feature","properties":{"kind":"barrier"},"geometry":{"type":"LineString","coordinates":[[11.79147,57.59954],[11.79198,57.60057],[11.79147,57.59954]]}},{"type":"Feature","properties":{"kind":"barrier"},"geometry":{"type":"LineString","coordinates":[[11.76735,57.63605],[11.76735,57.63605]]}},{"type":"Feature","properties":{"kind":"barrier"},"geometry":{"type":"LineString","coordinates":[[11.76765,57.63548],[11.76765,57.63548]]}},{"type":"Feature","properties":{"kind":"barrier"},"geometry":{"type":"LineString","coordinates":[[11.84963,57.66783],[11.84973,57.6679]]}},{"type":"Feature","properties":{"kind":"barrier"},"geometry":{"type":"LineString","coordinates":[[11.84973,57.6679],[11.85021,57.6677],[11.84954,57.66637],[11.84889,57.66638]]}},{"type":"Feature","properties":{"kind":"barrier"},"geometry":{"type":"LineString","coordinates":[[11.84587,57.6592],[11.84614,57.65934]]}},{"type":"Feature","properties":{"kind":"barrier"},"geometry":{"type":"LineString","coordinates":[[11.84584,57.65915],[11.84587,57.6592]]}},{"type":"Feature","properties":{"kind":"barrier"},"geometry":{"type":"LineString","coordinates":[[11.84478,57.65878],[11.84483,57.65875]]}},{"type":"Feature","properties":{"kind":"barrier"},"geometry":{"type":"LineString","coordinates":[[11.84881,57.6561],[11.84891,57.65602]]}},{"type":"Feature","properties":{"kind":"barrier"},"geometry":{"type":"LineString","coordinates":[[11.85216,57.65987],[11.84881,57.6561]]}},{"type":"Feature","properties":{"kind":"barrier"},"geometry":{"type":"LineString","coordinates":[[11.76958,57.69029],[11.76958,57.69029]]}},{"type":"Feature","properties":{"kind":"barrier"},"geometry":{"type":"LineString","coordinates":[[11.769,57.69016],[11.769,57.69016]]}},{"type":"Feature","properties":{"kind":"barrier"},"geometry":{"type":"LineString","coordinates":[[11.77058,57.69136],[11.76855,57.69163]]}},{"type":"Feature","properties":{"kind":"barrier"},"geometry":{"type":"LineString","coordinates":[[11.77112,57.69093],[11.77058,57.69136]]}},{"type":"Feature","properties":{"kind":"barrier"},"geometry":{"type":"LineString","coordinates":[[11.771,57.69065],[11.771,57.69065]]}},{"type":"Feature","properties":{"kind":"barrier"},"geometry":{"type":"LineString","coordinates":[[11.76957,57.6899],[11.76957,57.6899]]}},{"type":"Feature","properties":{"kind":"barrier"},"geometry":{"type":"LineString","coordinates":[[11.76943,57.68991],[11.76943,57.68991]]}},{"type":"Feature","properties":{"kind":"barrier"},"geometry":{"type":"LineString","coordinates":[[11.76979,57.68997],[11.76979,57.68997]]}},{"type":"Feature","properties":{"kind":"barrier"},"geometry":{"type":"LineString","coordinates":[[11.77083,57.68924],[11.77083,57.68924]]}},{"type":"Feature","properties":{"kind":"barrier"},"geometry":{"type":"LineString","coordinates":[[11.77007,57.68957],[11.77007,57.68957]]}},{"type":"Feature","properties":{"kind":"barrier"},"geometry":{"type":"LineString","coordinates":[[11.84392,57.6621],[11.84561,57.66244],[11.84599,57.66335]]}},{"type":"Feature","properties":{"kind":"barrier"},"geometry":{"type":"LineString","coordinates":[[11.84267,57.66229],[11.84392,57.6621]]}},{"type":"Feature","properties":{"kind":"barrier"},"geometry":{"type":"LineString","coordinates":[[11.84157,57.66511],[11.84157,57.6645],[11.84009,57.66394],[11.84009,57.663],[11.84267,57.66229]]}},{"type":"Feature","properties":{"kind":"barrier"},"geometry":{"type":"LineString","coordinates":[[11.85099,57.67321],[11.85127,57.67216]]}},{"type":"Feature","properties":{"kind":"barrier"},"geometry":{"type":"LineString","coordinates":[[11.85086,57.6696],[11.84952,57.67031],[11.84789,57.66892],[11.84788,57.66765],[11.84963,57.66783]]}},{"type":"Feature","properties":{"kind":"barrier"},"geometry":{"type":"LineString","coordinates":[[11.85186,57.6702],[11.85086,57.6696]]}},{"type":"Feature","properties":{"kind":"barrier"},"geometry":{"type":"LineString","coordinates":[[11.79916,57.76485],[11.79941,57.76414],[11.80475,57.76423],[11.80642,57.76333],[11.80712,57.7622],[11.80653,57.76088],[11.8053,57.76034],[11.80053,57.75973]]}},{"type":"Feature","properties":{"kind":"barrier"},"geometry":{"type":"LineString","coordinates":[[11.80001,57.7595],[11.79549,57.7585]]}},{"type":"Feature","properties":{"kind":"barrier"},"geometry":{"type":"LineString","coordinates":[[11.79606,57.75675],[11.79639,57.7566]]}},{"type":"Feature","properties":{"kind":"barrier"},"geometry":{"type":"LineString","coordinates":[[11.80371,57.7023],[11.80407,57.70275],[11.80546,57.70244],[11.80438,57.70302],[11.80655,57.70468],[11.8085,57.70447],[11.80531,57.69873]]}},{"type":"Feature","properties":{"kind":"barrier"},"geometry":{"type":"LineString","coordinates":[[11.80371,57.70124],[11.80482,57.70143],[11.80425,57.70176]]}},{"type":"Feature","properties":{"kind":"barrier"},"geometry":{"type":"LineString","coordinates":[[11.80425,57.70176],[11.80371,57.7023]]}},{"type":"Feature","properties":{"kind":"barrier"},"geometry":{"type":"LineString","coordinates":[[11.80378,57.69911],[11.80371,57.70124]]}},{"type":"Feature","properties":{"kind":"barrier"},"geometry":{"type":"LineString","coordinates":[[11.80385,57.69902],[11.80378,57.69911]]}},{"type":"Feature","properties":{"kind":"barrier"},"geometry":{"type":"LineString","coordinates":[[11.80026,57.69746],[11.8035,57.69767],[11.80385,57.69902]]}},{"type":"Feature","properties":{"kind":"barrier"},"geometry":{"type":"LineString","coordinates":[[11.79963,57.69581],[11.79936,57.69632],[11.80026,57.69746]]}},{"type":"Feature","properties":{"kind":"barrier"},"geometry":{"type":"LineString","coordinates":[[11.80301,57.69425],[11.80296,57.69528],[11.79963,57.69581]]}},{"type":"Feature","properties":{"kind":"barrier"},"geometry":{"type":"LineString","coordinates":[[11.80451,57.69781],[11.80504,57.6974],[11.80548,57.69784]]}},{"type":"Feature","properties":{"kind":"barrier"},"geometry":{"type":"LineString","coordinates":[[11.80531,57.69873],[11.80451,57.69781]]}},{"type":"Feature","properties":{"kind":"barrier"},"geometry":{"type":"LineString","coordinates":[[11.80557,57.69785],[11.80615,57.6978]]}},{"type":"Feature","properties":{"kind":"barrier"},"geometry":{"type":"LineString","coordinates":[[11.80548,57.69784],[11.80557,57.69785]]}},{"type":"Feature","properties":{"kind":"barrier"},"geometry":{"type":"LineString","coordinates":[[11.80615,57.6978],[11.80629,57.69776]]}},{"type":"Feature","properties":{"kind":"barrier"},"geometry":{"type":"LineString","coordinates":[[11.80629,57.69776],[11.8061,57.69755]]}},{"type":"Feature","properties":{"kind":"barrier"},"geometry":{"type":"LineString","coordinates":[[11.80328,57.69732],[11.80363,57.69743]]}},{"type":"Feature","properties":{"kind":"barrier"},"geometry":{"type":"LineString","coordinates":[[11.80363,57.69743],[11.80328,57.69732]]}},{"type":"Feature","properties":{"kind":"barrier"},"geometry":{"type":"LineString","coordinates":[[11.80367,57.69739],[11.80335,57.69713]]}},{"type":"Feature","properties":{"kind":"barrier"},"geometry":{"type":"LineString","coordinates":[[11.79509,57.68898],[11.79508,57.68957],[11.79437,57.68912],[11.79151,57.69042],[11.7883,57.68784]]}},{"type":"Feature","properties":{"kind":"barrier"},"geometry":{"type":"LineString","coordinates":[[11.79777,57.68721],[11.79509,57.68898]]}},{"type":"Feature","properties":{"kind":"barrier"},"geometry":{"type":"LineString","coordinates":[[11.79803,57.68666],[11.79777,57.68721]]}},{"type":"Feature","properties":{"kind":"barrier"},"geometry":{"type":"LineString","coordinates":[[11.79012,57.68796],[11.7913,57.68736]]}},{"type":"Feature","properties":{"kind":"barrier"},"geometry":{"type":"LineString","coordinates":[[11.81777,57.68292],[11.81873,57.68244],[11.81972,57.68303],[11.81926,57.68377],[11.81823,57.68365]]}},{"type":"Feature","properties":{"kind":"barrier"},"geometry":{"type":"LineString","coordinates":[[11.81757,57.68318],[11.81777,57.68292]]}},{"type":"Feature","properties":{"kind":"barrier"},"geometry":{"type":"LineString","coordinates":[[11.81823,57.68365],[11.8172,57.68374]]}},{"type":"Feature","properties":{"kind":"barrier"},"geometry":{"type":"LineString","coordinates":[[11.81703,57.68331],[11.81757,57.68318]]}},{"type":"Feature","properties":{"kind":"barrier"},"geometry":{"type":"LineString","coordinates":[[11.8172,57.68374],[11.81683,57.68392]]}},{"type":"Feature","properties":{"kind":"barrier"},"geometry":{"type":"LineString","coordinates":[[11.81684,57.68331],[11.81703,57.68331]]}},{"type":"Feature","properties":{"kind":"barrier"},"geometry":{"type":"LineString","coordinates":[[11.81525,57.68399],[11.81467,57.68343]]}},{"type":"Feature","properties":{"kind":"barrier"},"geometry":{"type":"LineString","coordinates":[[11.8156,57.68288],[11.81684,57.68331]]}},{"type":"Feature","properties":{"kind":"barrier"},"geometry":{"type":"LineString","coordinates":[[11.81467,57.68343],[11.81414,57.68294]]}},{"type":"Feature","properties":{"kind":"barrier"},"geometry":{"type":"LineString","coordinates":[[11.81414,57.68294],[11.81418,57.68278]]}},{"type":"Feature","properties":{"kind":"barrier"},"geometry":{"type":"LineString","coordinates":[[11.81673,57.68401],[11.81636,57.68413]]}},{"type":"Feature","properties":{"kind":"barrier"},"geometry":{"type":"LineString","coordinates":[[11.81683,57.68392],[11.81673,57.68401]]}},{"type":"Feature","properties":{"kind":"barrier"},"geometry":{"type":"LineString","coordinates":[[11.81636,57.68413],[11.81583,57.68405]]}},{"type":"Feature","properties":{"kind":"barrier"},"geometry":{"type":"LineString","coordinates":[[11.81583,57.68405],[11.81525,57.68399]]}},{"type":"Feature","properties":{"kind":"barrier"},"geometry":{"type":"LineString","coordinates":[[11.81452,57.68184],[11.81452,57.68184]]}},{"type":"Feature","properties":{"kind":"barrier"},"geometry":{"type":"LineString","coordinates":[[11.76348,57.74615],[11.76271,57.74704],[11.76019,57.74701]]}},{"type":"Feature","properties":{"kind":"barrier"},"geometry":{"type":"LineString","coordinates":[[11.75243,57.74709],[11.75185,57.74638]]}},{"type":"Feature","properties":{"kind":"barrier"},"geometry":{"type":"LineString","coordinates":[[11.75652,57.64247],[11.75634,57.64041],[11.75756,57.64031],[11.75793,57.63945],[11.75999,57.63956],[11.76058,57.64093]]}},{"type":"Feature","properties":{"kind":"barrier"},"geometry":{"type":"LineString","coordinates":[[11.78808,57.63987],[11.78977,57.64109]]}},{"type":"Feature","properties":{"kind":"barrier"},"geometry":{"type":"LineString","coordinates":[[11.78554,57.63723],[11.78729,57.63857]]}},{"type":"Feature","properties":{"kind":"barrier"},"geometry":{"type":"LineString","coordinates":[[11.78729,57.63857],[11.78808,57.63987]]}},{"type":"Feature","properties":{"kind":"barrier"},"geometry":{"type":"LineString","coordinates":[[11.78214,57.63298],[11.78471,57.63393],[11.7853,57.63597]]}},{"type":"Feature","properties":{"kind":"barrier"},"geometry":{"type":"LineString","coordinates":[[11.7765,57.63483],[11.77815,57.63343],[11.77934,57.63339],[11.77896,57.63256],[11.78011,57.63252],[11.77984,57.63201],[11.78113,57.63137],[11.78188,57.63124],[11.78248,57.6323]]}},{"type":"Feature","properties":{"kind":"barrier"},"geometry":{"type":"LineString","coordinates":[[11.7853,57.63597],[11.785,57.63663],[11.78554,57.63723]]}},{"type":"Feature","properties":{"kind":"barrier"},"geometry":{"type":"LineString","coordinates":[[11.78248,57.6323],[11.78214,57.63298]]}},{"type":"Feature","properties":{"kind":"barrier"},"geometry":{"type":"LineString","coordinates":[[11.76847,57.63548],[11.76808,57.63507],[11.76866,57.63492],[11.7686,57.63424],[11.7698,57.63459],[11.77026,57.63404],[11.76988,57.63359],[11.77167,57.63388],[11.77147,57.63341],[11.7721,57.63314],[11.77403,57.63467]]}},{"type":"Feature","properties":{"kind":"barrier"},"geometry":{"type":"LineString","coordinates":[[11.77403,57.63467],[11.7765,57.63483]]}},{"type":"Feature","properties":{"kind":"barrier"},"geometry":{"type":"LineString","coordinates":[[11.78977,57.64109],[11.7895,57.64248],[11.78829,57.64192],[11.78707,57.64233],[11.78648,57.64515],[11.78364,57.64673],[11.78422,57.64709],[11.78391,57.64775],[11.78547,57.64854]]}},{"type":"Feature","properties":{"kind":"barrier"},"geometry":{"type":"LineString","coordinates":[[11.78459,57.649],[11.78453,57.64986]]}},{"type":"Feature","properties":{"kind":"barrier"},"geometry":{"type":"LineString","coordinates":[[11.78488,57.65035],[11.78501,57.65145]]}},{"type":"Feature","properties":{"kind":"barrier"},"geometry":{"type":"LineString","coordinates":[[11.78453,57.64986],[11.78488,57.65035]]}},{"type":"Feature","properties":{"kind":"barrier"},"geometry":{"type":"LineString","coordinates":[[11.78501,57.65145],[11.783,57.65331]]}},{"type":"Feature","properties":{"kind":"barrier"},"geometry":{"type":"LineString","coordinates":[[11.783,57.65331],[11.78367,57.65348],[11.78347,57.65397],[11.78185,57.65395]]}},{"type":"Feature","properties":{"kind":"barrier"},"geometry":{"type":"LineString","coordinates":[[11.78144,57.65391],[11.78079,57.65457]]}},{"type":"Feature","properties":{"kind":"barrier"},"geometry":{"type":"LineString","coordinates":[[11.78185,57.65395],[11.78144,57.65391]]}},{"type":"Feature","properties":{"kind":"barrier"},"geometry":{"type":"LineString","coordinates":[[11.78079,57.65457],[11.78017,57.65462]]}},{"type":"Feature","properties":{"kind":"barrier"},"geometry":{"type":"LineString","coordinates":[[11.77989,57.65464],[11.77445,57.65624],[11.77209,57.656],[11.77235,57.65516],[11.7712,57.65416],[11.77187,57.65295],[11.77307,57.65243],[11.77206,57.65126]]}},{"type":"Feature","properties":{"kind":"barrier"},"geometry":{"type":"LineString","coordinates":[[11.77206,57.65126],[11.76958,57.65241],[11.769,57.6516],[11.77022,57.65141]]}},{"type":"Feature","properties":{"kind":"barrier"},"geometry":{"type":"LineString","coordinates":[[11.77042,57.65064],[11.76834,57.65085],[11.76737,57.6494]]}},{"type":"Feature","properties":{"kind":"barrier"},"geometry":{"type":"LineString","coordinates":[[11.76834,57.63634],[11.7666,57.63559],[11.76551,57.63603],[11.76594,57.63532],[11.76847,57.63548]]}},{"type":"Feature","properties":{"kind":"barrier"},"geometry":{"type":"LineString","coordinates":[[11.76758,57.63787],[11.76649,57.6367],[11.76834,57.63634]]}},{"type":"Feature","properties":{"kind":"barrier"},"geometry":{"type":"LineString","coordinates":[[11.76598,57.63775],[11.7674,57.63792]]}},{"type":"Feature","properties":{"kind":"barrier"},"geometry":{"type":"LineString","coordinates":[[11.7674,57.63792],[11.76758,57.63787]]}},{"type":"Feature","properties":{"kind":"barrier"},"geometry":{"type":"LineString","coordinates":[[11.76361,57.63866],[11.7645,57.63765],[11.76592,57.63789]]}},{"type":"Feature","properties":{"kind":"barrier"},"geometry":{"type":"LineString","coordinates":[[11.76592,57.63789],[11.76598,57.63775]]}},{"type":"Feature","properties":{"kind":"barrier"},"geometry":{"type":"LineString","coordinates":[[11.76737,57.6494],[11.76684,57.64941]]}},{"type":"Feature","properties":{"kind":"barrier"},"geometry":{"type":"LineString","coordinates":[[11.76176,57.64129],[11.76378,57.64134],[11.76502,57.63997]]}},{"type":"Feature","properties":{"kind":"barrier"},"geometry":{"type":"LineString","coordinates":[[11.76058,57.64093],[11.76176,57.64129]]}},{"type":"Feature","properties":{"kind":"barrier"},"geometry":{"type":"LineString","coordinates":[[11.76502,57.63997],[11.76383,57.63918]]}},{"type":"Feature","properties":{"kind":"barrier"},"geometry":{"type":"LineString","coordinates":[[11.80223,57.62607],[11.80235,57.62503],[11.8068,57.62406],[11.80849,57.62409],[11.80956,57.62516]]}},{"type":"Feature","properties":{"kind":"barrier"},"geometry":{"type":"LineString","coordinates":[[11.80905,57.62651],[11.81151,57.62668],[11.8116,57.62757],[11.81243,57.62805],[11.81228,57.62893],[11.80704,57.628]]}},{"type":"Feature","properties":{"kind":"barrier"},"geometry":{"type":"LineString","coordinates":[[11.801,57.62619],[11.80223,57.62607]]}},{"type":"Feature","properties":{"kind":"barrier"},"geometry":{"type":"LineString","coordinates":[[11.79936,57.62608],[11.801,57.62619]]}},{"type":"Feature","properties":{"kind":"barrier"},"geometry":{"type":"LineString","coordinates":[[11.80944,57.62898],[11.8131,57.63097],[11.8129,57.63371],[11.81123,57.63458]]}},{"type":"Feature","properties":{"kind":"barrier"},"geometry":{"type":"LineString","coordinates":[[11.80704,57.628],[11.80944,57.62898]]}},{"type":"Feature","properties":{"kind":"barrier"},"geometry":{"type":"LineString","coordinates":[[11.7973,57.62682],[11.79618,57.62635],[11.79675,57.62633],[11.79637,57.62574],[11.79931,57.62616]]}},{"type":"Feature","properties":{"kind":"barrier"},"geometry":{"type":"LineString","coordinates":[[11.81123,57.63458],[11.81083,57.63468]]}},{"type":"Feature","properties":{"kind":"barrier"},"geometry":{"type":"LineString","coordinates":[[11.79931,57.62616],[11.79936,57.62608]]}},{"type":"Feature","properties":{"kind":"barrier"},"geometry":{"type":"LineString","coordinates":[[11.79721,57.62703],[11.7973,57.62682]]}},{"type":"Feature","properties":{"kind":"barrier"},"geometry":{"type":"LineString","coordinates":[[11.77632,57.69908],[11.77729,57.7]]}},{"type":"Feature","properties":{"kind":"barrier"},"geometry":{"type":"LineString","coordinates":[[11.78107,57.70173],[11.78792,57.69884],[11.78659,57.69725]]}},{"type":"Feature","properties":{"kind":"barrier"},"geometry":{"type":"LineString","coordinates":[[11.78608,57.69613],[11.7888,57.69519]]}},{"type":"Feature","properties":{"kind":"barrier"},"geometry":{"type":"LineString","coordinates":[[11.78659,57.69725],[11.78556,57.69691],[11.78608,57.69613]]}},{"type":"Feature","properties":{"kind":"barrier"},"geometry":{"type":"LineString","coordinates":[[11.7888,57.69519],[11.79544,57.69448]]}},{"type":"Feature","properties":{"kind":"barrier"},"geometry":{"type":"LineString","coordinates":[[11.7657,57.60343],[11.76874,57.60187],[11.77727,57.60202],[11.77831,57.60175],[11.77771,57.60135]]}},{"type":"Feature","properties":{"kind":"barrier"},"geometry":{"type":"LineString","coordinates":[[11.78517,57.60126],[11.78556,57.6017]]}},{"type":"Feature","properties":{"kind":"barrier"},"geometry":{"type":"LineString","coordinates":[[11.80851,57.60802],[11.80865,57.60728],[11.81108,57.60627],[11.81323,57.60581],[11.81409,57.60633],[11.81443,57.60538],[11.81798,57.6061],[11.8191,57.60774],[11.81784,57.60752],[11.81716,57.60955],[11.81961,57.60992],[11.81908,57.61076],[11.81817,57.61075],[11.81902,57.61159],[11.81761,57.61078],[11.81601,57.61121],[11.81564,57.61019],[11.8149,57.61024],[11.81555,57.61035],[11.81504,57.61081],[11.81538,57.61117],[11.8144,57.61123],[11.81407,57.61074],[11.81474,57.61028],[11.814,57.61042],[11.81405,57.60912],[11.81337,57.60877],[11.81351,57.61023],[11.81055,57.61095],[11.81116,57.61173],[11.81017,57.61173],[11.80998,57.61075],[11.80791,57.61167],[11.80807,57.61032],[11.80714,57.60997],[11.80688,57.609]]}},{"type":"Feature","properties":{"kind":"barrier"},"geometry":{"type":"LineString","coordinates":[[11.78776,57.75939],[11.77693,57.75976],[11.77544,57.75917],[11.77595,57.75832],[11.77522,57.75764],[11.77586,57.75644]]}},{"type":"Feature","properties":{"kind":"barrier"},"geometry":{"type":"LineString","coordinates":[[11.75663,57.75534],[11.75731,57.75548],[11.75654,57.75576]]}},{"type":"Feature","properties":{"kind":"barrier"},"geometry":{"type":"LineString","coordinates":[[11.75746,57.75714],[11.7558,57.75691],[11.75677,57.75623]]}},{"type":"Feature","properties":{"kind":"barrier"},"geometry":{"type":"LineString","coordinates":[[11.75468,57.753],[11.75348,57.75298],[11.75276,57.75165],[11.75099,57.75174],[11.74973,57.75105],[11.74934,57.74978],[11.75075,57.74904]]}},{"type":"Feature","properties":{"kind":"barrier"},"geometry":{"type":"LineString","coordinates":[[11.7574,57.68566],[11.75595,57.68544]]}},{"type":"Feature","properties":{"kind":"barrier"},"geometry":{"type":"LineString","coordinates":[[11.75813,57.68604],[11.7576,57.68631]]}},{"type":"Feature","properties":{"kind":"barrier"},"geometry":{"type":"LineString","coordinates":[[11.75949,57.68601],[11.7613,57.68618],[11.7617,57.68707],[11.75866,57.68813]]}},{"type":"Feature","properties":{"kind":"barrier"},"geometry":{"type":"LineString","coordinates":[[11.81864,57.67234],[11.81776,57.67247]]}},{"type":"Feature","properties":{"kind":"barrier"},"geometry":{"type":"LineString","coordinates":[[11.82172,57.67489],[11.82054,57.67538]]}},{"type":"Feature","properties":{"kind":"barrier"},"geometry":{"type":"LineString","coordinates":[[11.82589,57.67673],[11.82324,57.67631],[11.82574,57.67578]]}},{"type":"Feature","properties":{"kind":"barrier"},"geometry":{"type":"LineString","coordinates":[[11.82274,57.67372],[11.82146,57.67419],[11.82016,57.67342],[11.82116,57.67242],[11.82208,57.67246],[11.82181,57.67172],[11.82436,57.6718]]}},{"type":"Feature","properties":{"kind":"barrier"},"geometry":{"type":"LineString","coordinates":[[11.81778,57.65946],[11.81845,57.6602],[11.81741,57.6605]]}},{"type":"Feature","properties":{"kind":"barrier"},"geometry":{"type":"LineString","coordinates":[[11.81793,57.65178],[11.81889,57.65121]]}},{"type":"Feature","properties":{"kind":"barrier"},"geometry":{"type":"LineString","coordinates":[[11.82477,57.65108],[11.82461,57.65114]]}},{"type":"Feature","properties":{"kind":"barrier"},"geometry":{"type":"LineString","coordinates":[[11.82516,57.6506],[11.82455,57.65104]]}},{"type":"Feature","properties":{"kind":"barrier"},"geometry":{"type":"LineString","coordinates":[[11.82456,57.65047],[11.82503,57.65022]]}},{"type":"Feature","properties":{"kind":"barrier"},"geometry":{"type":"LineString","coordinates":[[11.82782,57.65235],[11.82681,57.65252],[11.82668,57.65162],[11.82854,57.65108]]}},{"type":"Feature","properties":{"kind":"barrier"},"geometry":{"type":"LineString","coordinates":[[11.82671,57.62977],[11.82943,57.62864],[11.83015,57.62892],[11.82995,57.63064]]}},{"type":"Feature","properties":{"kind":"barrier"},"geometry":{"type":"LineString","coordinates":[[11.81918,57.61972],[11.81905,57.62015],[11.81794,57.61953],[11.81807,57.61903],[11.81679,57.61919]]}},{"type":"Feature","properties":{"kind":"barrier"},"geometry":{"type":"LineString","coordinates":[[11.81917,57.62119],[11.81961,57.62239],[11.81859,57.62141],[11.81767,57.62167]]}},{"type":"Feature","properties":{"kind":"barrier"},"geometry":{"type":"LineString","coordinates":[[11.81693,57.62259],[11.81601,57.62212]]}},{"type":"Feature","properties":{"kind":"barrier"},"geometry":{"type":"LineString","coordinates":[[11.81546,57.6224],[11.81656,57.6234]]}},{"type":"Feature","properties":{"kind":"barrier"},"geometry":{"type":"LineString","coordinates":[[11.79808,57.63582],[11.80152,57.63567],[11.80073,57.63622]]}},{"type":"Feature","properties":{"kind":"barrier"},"geometry":{"type":"LineString","coordinates":[[11.80368,57.63844],[11.80199,57.63836],[11.80272,57.63728],[11.80534,57.63747]]}},{"type":"Feature","properties":{"kind":"barrier"},"geometry":{"type":"LineString","coordinates":[[11.79347,57.63891],[11.79404,57.63612],[11.79638,57.63728],[11.79757,57.63887]]}},{"type":"Feature","properties":{"kind":"barrier"},"geometry":{"type":"LineString","coordinates":[[11.7821,57.62553],[11.78265,57.627],[11.78071,57.6278],[11.77708,57.62679]]}},{"type":"Feature","properties":{"kind":"barrier"},"geometry":{"type":"LineString","coordinates":[[11.77049,57.62781],[11.76855,57.62692],[11.76851,57.62638],[11.77108,57.62666]]}},{"type":"Feature","properties":{"kind":"barrier"},"geometry":{"type":"LineString","coordinates":[[11.76806,57.63157],[11.76556,57.63207],[11.76499,57.63127],[11.7658,57.63073]]}},{"type":"Feature","properties":{"kind":"barrier"},"geometry":{"type":"LineString","coordinates":[[11.75359,57.63984],[11.75328,57.63913],[11.7544,57.63948]]}},{"type":"Feature","properties":{"kind":"barrier"},"geometry":{"type":"LineString","coordinates":[[11.75503,57.63829],[11.75388,57.63699],[11.75503,57.63675]]}},{"type":"Feature","properties":{"kind":"barrier"},"geometry":{"type":"LineString","coordinates":[[11.75258,57.63529],[11.75231,57.63557]]}},{"type":"Feature","properties":{"kind":"barrier"},"geometry":{"type":"LineString","coordinates":[[11.75108,57.6349],[11.75203,57.63565],[11.7495,57.63606]]}},{"type":"Feature","properties":{"kind":"barrier"},"geometry":{"type":"LineString","coordinates":[[11.76011,57.65086],[11.75921,57.65144],[11.75895,57.65072],[11.75742,57.65157],[11.75734,57.65061]]}},{"type":"Feature","properties":{"kind":"barrier"},"geometry":{"type":"LineString","coordinates":[[11.76186,57.65229],[11.76205,57.65272],[11.76465,57.65254],[11.76476,57.65318],[11.76406,57.65344],[11.76506,57.65443],[11.76424,57.65485],[11.76145,57.65399]]}},{"type":"Feature","properties":{"kind":"barrier"},"geometry":{"type":"LineString","coordinates":[[11.7519,57.61854],[11.75029,57.61781],[11.74986,57.61661],[11.75119,57.61637],[11.75549,57.61847],[11.75579,57.61804],[11.75783,57.61986]]}},{"type":"Feature","properties":{"kind":"barrier"},"geometry":{"type":"LineString","coordinates":[[11.75469,57.6251],[11.76068,57.62411],[11.76356,57.62621],[11.76333,57.62685],[11.75881,57.62726],[11.75812,57.62762],[11.75824,57.62828],[11.75745,57.62838]]}},{"type":"Feature","properties":{"kind":"barrier"},"geometry":{"type":"LineString","coordinates":[[11.80726,57.64929],[11.8065,57.65124],[11.80737,57.65134],[11.80552,57.65218]]}},{"type":"Feature","properties":{"kind":"barrier"},"geometry":{"type":"LineString","coordinates":[[11.79239,57.65805],[11.78999,57.65804],[11.78773,57.66],[11.78559,57.65942],[11.78718,57.65755],[11.78867,57.65734],[11.78676,57.65566],[11.78747,57.6538],[11.7865,57.65416],[11.7858,57.65348],[11.78631,57.64979],[11.78911,57.65007],[11.78961,57.65148],[11.78886,57.65254],[11.79377,57.65162],[11.79655,57.6537],[11.80023,57.65384],[11.80001,57.65461]]}},{"type":"Feature","properties":{"kind":"barrier"},"geometry":{"type":"LineString","coordinates":[[11.86689,57.62823],[11.86748,57.62806]]}},{"type":"Feature","properties":{"kind":"barrier"},"geometry":{"type":"LineString","coordinates":[[11.86634,57.6278],[11.86646,57.62786]]}},{"type":"Feature","properties":{"kind":"barrier"},"geometry":{"type":"LineString","coordinates":[[11.86601,57.62725],[11.86565,57.62726]]}},{"type":"Feature","properties":{"kind":"barrier"},"geometry":{"type":"LineString","coordinates":[[11.86542,57.62719],[11.86552,57.6273]]}},{"type":"Feature","properties":{"kind":"barrier"},"geometry":{"type":"LineString","coordinates":[[11.86592,57.62749],[11.86563,57.62762]]}},{"type":"Feature","properties":{"kind":"barrier"},"geometry":{"type":"LineString","coordinates":[[11.85853,57.61864],[11.85884,57.61903],[11.85743,57.61961],[11.85517,57.61907]]}},{"type":"Feature","properties":{"kind":"barrier"},"geometry":{"type":"LineString","coordinates":[[11.85266,57.6188],[11.85092,57.61938],[11.85017,57.61907],[11.85064,57.61858]]}},{"type":"Feature","properties":{"kind":"barrier"},"geometry":{"type":"LineString","coordinates":[[11.85898,57.62159],[11.8587,57.62168]]}},{"type":"Feature","properties":{"kind":"barrier"},"geometry":{"type":"LineString","coordinates":[[11.85674,57.62008],[11.85633,57.6202]]}},{"type":"Feature","properties":{"kind":"barrier"},"geometry":{"type":"LineString","coordinates":[[11.87462,57.62293],[11.87564,57.62338],[11.87346,57.62357]]}},{"type":"Feature","properties":{"kind":"barrier"},"geometry":{"type":"LineString","coordinates":[[11.87202,57.62246],[11.872,57.62263]]}},{"type":"Feature","properties":{"kind":"barrier"},"geometry":{"type":"LineString","coordinates":[[11.87105,57.62209],[11.87202,57.62209]]}},{"type":"Feature","properties":{"kind":"barrier"},"geometry":{"type":"LineString","coordinates":[[11.86716,57.62555],[11.86704,57.62565]]}},{"type":"Feature","properties":{"kind":"barrier"},"geometry":{"type":"LineString","coordinates":[[11.86663,57.62496],[11.86665,57.62521]]}},{"type":"Feature","properties":{"kind":"barrier"},"geometry":{"type":"LineString","coordinates":[[11.86556,57.62513],[11.86548,57.62518]]}},{"type":"Feature","properties":{"kind":"barrier"},"geometry":{"type":"LineString","coordinates":[[11.86609,57.62539],[11.86587,57.62524]]}},{"type":"Feature","properties":{"kind":"barrier"},"geometry":{"type":"LineString","coordinates":[[11.86544,57.62449],[11.8649,57.62439]]}},{"type":"Feature","properties":{"kind":"barrier"},"geometry":{"type":"LineString","coordinates":[[11.86569,57.62508],[11.86524,57.62484]]}},{"type":"Feature","properties":{"kind":"barrier"},"geometry":{"type":"LineString","coordinates":[[11.86671,57.62593],[11.86606,57.62588]]}},{"type":"Feature","properties":{"kind":"barrier"},"geometry":{"type":"LineString","coordinates":[[11.85729,57.62795],[11.85715,57.62535],[11.8584,57.62337],[11.86072,57.62373],[11.85952,57.62463],[11.86079,57.62527],[11.86007,57.62602],[11.86095,57.62685]]}},{"type":"Feature","properties":{"kind":"barrier"},"geometry":{"type":"LineString","coordinates":[[11.86757,57.6332],[11.86528,57.63285],[11.862,57.63036],[11.86274,57.63036],[11.86243,57.62975],[11.86385,57.6288],[11.86676,57.62861]]}},{"type":"Feature","properties":{"kind":"barrier"},"geometry":{"type":"LineString","coordinates":[[11.8676,57.63372],[11.86752,57.63378]]}},{"type":"Feature","properties":{"kind":"barrier"},"geometry":{"type":"LineString","coordinates":[[11.86738,57.63371],[11.86716,57.63373]]}},{"type":"Feature","properties":{"kind":"barrier"},"geometry":{"type":"LineString","coordinates":[[11.86399,57.63536],[11.86406,57.63561]]}},{"type":"Feature","properties":{"kind":"barrier"},"geometry":{"type":"LineString","coordinates":[[11.86345,57.63523],[11.86375,57.63533]]}},{"type":"Feature","properties":{"kind":"barrier"},"geometry":{"type":"LineString","coordinates":[[11.86375,57.63533],[11.86345,57.63523]]}},{"type":"Feature","properties":{"kind":"barrier"},"geometry":{"type":"LineString","coordinates":[[11.84719,57.64341],[11.84454,57.64322],[11.84549,57.64164]]}},{"type":"Feature","properties":{"kind":"barrier"},"geometry":{"type":"LineString","coordinates":[[11.90914,57.60537],[11.90896,57.60542]]}},{"type":"Feature","properties":{"kind":"barrier"},"geometry":{"type":"LineString","coordinates":[[11.91051,57.60538],[11.9096,57.60551]]}},{"type":"Feature","properties":{"kind":"barrier"},"geometry":{"type":"LineString","coordinates":[[11.91565,57.60672],[11.91545,57.60654]]}},{"type":"Feature","properties":{"kind":"barrier"},"geometry":{"type":"LineString","coordinates":[[11.91358,57.6069],[11.91346,57.60685]]}},{"type":"Feature","properties":{"kind":"barrier"},"geometry":{"type":"LineString","coordinates":[[11.91416,57.60678],[11.91261,57.60647],[11.91391,57.60634]]}},{"type":"Feature","properties":{"kind":"barrier"},"geometry":{"type":"LineString","coordinates":[[11.91792,57.60523],[11.91648,57.60503]]}},{"type":"Feature","properties":{"kind":"barrier"},"geometry":{"type":"LineString","coordinates":[[11.91074,57.61758],[11.91065,57.61755]]}},{"type":"Feature","properties":{"kind":"barrier"},"geometry":{"type":"LineString","coordinates":[[11.91023,57.6172],[11.9102,57.61778],[11.90953,57.61695]]}},{"type":"Feature","properties":{"kind":"barrier"},"geometry":{"type":"LineString","coordinates":[[11.92221,57.61815],[11.92177,57.61805]]}},{"type":"Feature","properties":{"kind":"barrier"},"geometry":{"type":"LineString","coordinates":[[11.77246,57.67351],[11.77247,57.67366]]}},{"type":"Feature","properties":{"kind":"barrier"},"geometry":{"type":"LineString","coordinates":[[11.77115,57.67389],[11.77105,57.67344],[11.77177,57.67361]]}},{"type":"Feature","properties":{"kind":"barrier"},"geometry":{"type":"LineString","coordinates":[[11.76857,57.68612],[11.76897,57.68589]]}},{"type":"Feature","properties":{"kind":"barrier"},"geometry":{"type":"LineString","coordinates":[[11.76828,57.6856],[11.76749,57.68547]]}},{"type":"Feature","properties":{"kind":"barrier"},"geometry":{"type":"LineString","coordinates":[[11.77782,57.68931],[11.77806,57.68993],[11.77706,57.6895]]}},{"type":"Feature","properties":{"kind":"barrier"},"geometry":{"type":"LineString","coordinates":[[11.83457,57.66639],[11.83488,57.66665],[11.83428,57.66671]]}},{"type":"Feature","properties":{"kind":"barrier"},"geometry":{"type":"LineString","coordinates":[[11.83486,57.66595],[11.83476,57.66624]]}},{"type":"Feature","properties":{"kind":"barrier"},"geometry":{"type":"LineString","coordinates":[[11.8349,57.66549],[11.83485,57.66552]]}},{"type":"Feature","properties":{"kind":"barrier"},"geometry":{"type":"LineString","coordinates":[[11.83449,57.66541],[11.83429,57.66541]]}},{"type":"Feature","properties":{"kind":"barrier"},"geometry":{"type":"LineString","coordinates":[[11.83488,57.66544],[11.83463,57.66541]]}},{"type":"Feature","properties":{"kind":"barrier"},"geometry":{"type":"LineString","coordinates":[[11.82413,57.66556],[11.82391,57.66567]]}},{"type":"Feature","properties":{"kind":"barrier"},"geometry":{"type":"LineString","coordinates":[[11.82308,57.66609],[11.82264,57.66567],[11.82344,57.66569]]}},{"type":"Feature","properties":{"kind":"barrier"},"geometry":{"type":"LineString","coordinates":[[11.81988,57.66188],[11.82034,57.66168]]}},{"type":"Feature","properties":{"kind":"barrier"},"geometry":{"type":"LineString","coordinates":[[11.80772,57.66013],[11.8079,57.66004]]}},{"type":"Feature","properties":{"kind":"barrier"},"geometry":{"type":"LineString","coordinates":[[11.83006,57.65165],[11.82978,57.65158]]}},{"type":"Feature","properties":{"kind":"barrier"},"geometry":{"type":"LineString","coordinates":[[11.83432,57.65641],[11.83377,57.65637]]}},{"type":"Feature","properties":{"kind":"barrier"},"geometry":{"type":"LineString","coordinates":[[11.83418,57.65476],[11.83421,57.65482]]}},{"type":"Feature","properties":{"kind":"barrier"},"geometry":{"type":"LineString","coordinates":[[11.83387,57.65489],[11.83355,57.65478]]}},{"type":"Feature","properties":{"kind":"barrier"},"geometry":{"type":"LineString","coordinates":[[11.83505,57.65418],[11.83482,57.65364],[11.83585,57.65339],[11.83723,57.65409]]}},{"type":"Feature","properties":{"kind":"barrier"},"geometry":{"type":"LineString","coordinates":[[11.8384,57.65692],[11.83714,57.656],[11.8403,57.65535]]}},{"type":"Feature","properties":{"kind":"barrier"},"geometry":{"type":"LineString","coordinates":[[11.8108,57.66797],[11.80937,57.66764],[11.81122,57.66729]]}},{"type":"Feature","properties":{"kind":"barrier"},"geometry":{"type":"LineString","coordinates":[[11.81695,57.67073],[11.81684,57.67084]]}},{"type":"Feature","properties":{"kind":"barrier"},"geometry":{"type":"LineString","coordinates":[[11.81722,57.67069],[11.81714,57.67081]]}},{"type":"Feature","properties":{"kind":"barrier"},"geometry":{"type":"LineString","coordinates":[[11.81858,57.67098],[11.81804,57.6708]]}},{"type":"Feature","properties":{"kind":"barrier"},"geometry":{"type":"LineString","coordinates":[[11.81911,57.67058],[11.81984,57.67053]]}},{"type":"Feature","properties":{"kind":"barrier"},"geometry":{"type":"LineString","coordinates":[[11.82058,57.67039],[11.82125,57.67058],[11.82088,57.67089]]}},{"type":"Feature","properties":{"kind":"barrier"},"geometry":{"type":"LineString","coordinates":[[11.82311,57.66797],[11.82441,57.66812],[11.82402,57.6686]]}},{"type":"Feature","properties":{"kind":"barrier"},"geometry":{"type":"LineString","coordinates":[[11.82454,57.6688],[11.82457,57.66846]]}},{"type":"Feature","properties":{"kind":"barrier"},"geometry":{"type":"LineString","coordinates":[[11.82547,57.67206],[11.82521,57.67201]]}},{"type":"Feature","properties":{"kind":"barrier"},"geometry":{"type":"LineString","coordinates":[[11.82571,57.67227],[11.82599,57.6721]]}},{"type":"Feature","properties":{"kind":"barrier"},"geometry":{"type":"LineString","coordinates":[[11.82577,57.67323],[11.8254,57.67333]]}},{"type":"Feature","properties":{"kind":"barrier"},"geometry":{"type":"LineString","coordinates":[[11.82232,57.67481],[11.8225,57.67482]]}},{"type":"Feature","properties":{"kind":"barrier"},"geometry":{"type":"LineString","coordinates":[[11.82662,57.67558],[11.82643,57.67556]]}},{"type":"Feature","properties":{"kind":"barrier"},"geometry":{"type":"LineString","coordinates":[[11.82687,57.67548],[11.82638,57.6754]]}},{"type":"Feature","properties":{"kind":"barrier"},"geometry":{"type":"LineString","coordinates":[[11.82465,57.67791],[11.82518,57.67772]]}},{"type":"Feature","properties":{"kind":"barrier"},"geometry":{"type":"LineString","coordinates":[[11.83022,57.67844],[11.82907,57.67839]]}},{"type":"Feature","properties":{"kind":"barrier"},"geometry":{"type":"LineString","coordinates":[[11.82915,57.67904],[11.82954,57.67906]]}},{"type":"Feature","properties":{"kind":"barrier"},"geometry":{"type":"LineString","coordinates":[[11.83038,57.67864],[11.83016,57.67872]]}},{"type":"Feature","properties":{"kind":"barrier"},"geometry":{"type":"LineString","coordinates":[[11.83029,57.67882],[11.82957,57.6789]]}},{"type":"Feature","properties":{"kind":"barrier"},"geometry":{"type":"LineString","coordinates":[[11.83116,57.6789],[11.8305,57.6789]]}},{"type":"Feature","properties":{"kind":"barrier"},"geometry":{"type":"LineString","coordinates":[[11.84538,57.62707],[11.84588,57.62562],[11.84731,57.62441]]}},{"type":"Feature","properties":{"kind":"barrier"},"geometry":{"type":"LineString","coordinates":[[11.85278,57.62308],[11.85278,57.62308]]}},{"type":"Feature","properties":{"kind":"barrier"},"geometry":{"type":"LineString","coordinates":[[11.85185,57.62305],[11.85295,57.62297],[11.85185,57.62305]]}},{"type":"Feature","properties":{"kind":"barrier"},"geometry":{"type":"LineString","coordinates":[[11.85238,57.62282],[11.85238,57.62282]]}},{"type":"Feature","properties":{"kind":"barrier"},"geometry":{"type":"LineString","coordinates":[[11.85272,57.62275],[11.85272,57.62275]]}},{"type":"Feature","properties":{"kind":"barrier"},"geometry":{"type":"LineString","coordinates":[[11.84714,57.62153],[11.84714,57.62153]]}},{"type":"Feature","properties":{"kind":"barrier"},"geometry":{"type":"LineString","coordinates":[[11.84653,57.62165],[11.84653,57.62165]]}},{"type":"Feature","properties":{"kind":"barrier"},"geometry":{"type":"LineString","coordinates":[[11.8463,57.62176],[11.8463,57.62176]]}},{"type":"Feature","properties":{"kind":"barrier"},"geometry":{"type":"LineString","coordinates":[[11.84649,57.62202],[11.84649,57.62202]]}},{"type":"Feature","properties":{"kind":"barrier"},"geometry":{"type":"LineString","coordinates":[[11.84652,57.622],[11.84652,57.622]]}},{"type":"Feature","properties":{"kind":"barrier"},"geometry":{"type":"LineString","coordinates":[[11.84656,57.62189],[11.84656,57.62189]]}},{"type":"Feature","properties":{"kind":"barrier"},"geometry":{"type":"LineString","coordinates":[[11.84657,57.62191],[11.84657,57.62191]]}},{"type":"Feature","properties":{"kind":"barrier"},"geometry":{"type":"LineString","coordinates":[[11.84654,57.62186],[11.84654,57.62186]]}},{"type":"Feature","properties":{"kind":"barrier"},"geometry":{"type":"LineString","coordinates":[[11.8469,57.62192],[11.8469,57.62192]]}},{"type":"Feature","properties":{"kind":"barrier"},"geometry":{"type":"LineString","coordinates":[[11.84732,57.62174],[11.84732,57.62174]]}},{"type":"Feature","properties":{"kind":"barrier"},"geometry":{"type":"LineString","coordinates":[[11.84745,57.62178],[11.84745,57.62178]]}},{"type":"Feature","properties":{"kind":"barrier"},"geometry":{"type":"LineString","coordinates":[[11.84757,57.62186],[11.84757,57.62186]]}},{"type":"Feature","properties":{"kind":"barrier"},"geometry":{"type":"LineString","coordinates":[[11.84678,57.62206],[11.84678,57.62206]]}},{"type":"Feature","properties":{"kind":"barrier"},"geometry":{"type":"LineString","coordinates":[[11.8466,57.62213],[11.8466,57.62213]]}},{"type":"Feature","properties":{"kind":"barrier"},"geometry":{"type":"LineString","coordinates":[[11.84651,57.62271],[11.84651,57.62271]]}},{"type":"Feature","properties":{"kind":"barrier"},"geometry":{"type":"LineString","coordinates":[[11.84624,57.62267],[11.84624,57.62267]]}},{"type":"Feature","properties":{"kind":"barrier"},"geometry":{"type":"LineString","coordinates":[[11.84634,57.62275],[11.84634,57.62275]]}},{"type":"Feature","properties":{"kind":"barrier"},"geometry":{"type":"LineString","coordinates":[[11.84703,57.62281],[11.84703,57.62281]]}},{"type":"Feature","properties":{"kind":"barrier"},"geometry":{"type":"LineString","coordinates":[[11.84697,57.62302],[11.84697,57.62302]]}},{"type":"Feature","properties":{"kind":"barrier"},"geometry":{"type":"LineString","coordinates":[[11.84616,57.62307],[11.84616,57.62307]]}},{"type":"Feature","properties":{"kind":"barrier"},"geometry":{"type":"LineString","coordinates":[[11.84784,57.62437],[11.85047,57.62418],[11.85061,57.62471],[11.84894,57.62512]]}},{"type":"Feature","properties":{"kind":"barrier"},"geometry":{"type":"LineString","coordinates":[[11.7554,57.64253],[11.75595,57.6445]]}},{"type":"Feature","properties":{"kind":"barrier"},"geometry":{"type":"LineString","coordinates":[[11.75402,57.6426],[11.7554,57.64253]]}},{"type":"Feature","properties":{"kind":"barrier"},"geometry":{"type":"LineString","coordinates":[[11.75265,57.64167],[11.75313,57.64251],[11.75402,57.6426]]}},{"type":"Feature","properties":{"kind":"barrier"},"geometry":{"type":"LineString","coordinates":[[11.75046,57.63896],[11.75046,57.63896]]}},{"type":"Feature","properties":{"kind":"barrier"},"geometry":{"type":"LineString","coordinates":[[11.75537,57.64185],[11.75537,57.64185]]}},{"type":"Feature","properties":{"kind":"barrier"},"geometry":{"type":"LineString","coordinates":[[11.75479,57.64195],[11.75479,57.64195]]}},{"type":"Feature","properties":{"kind":"barrier"},"geometry":{"type":"LineString","coordinates":[[11.82346,57.66848],[11.82328,57.66851]]}},{"type":"Feature","properties":{"kind":"barrier"},"geometry":{"type":"LineString","coordinates":[[11.82402,57.6686],[11.82346,57.66848]]}},{"type":"Feature","properties":{"kind":"barrier"},"geometry":{"type":"LineString","coordinates":[[11.91724,57.59832],[11.91439,57.59979],[11.91481,57.60088],[11.91253,57.60146]]}},{"type":"Feature","properties":{"kind":"barrier"},"geometry":{"type":"LineString","coordinates":[[11.84599,57.66335],[11.84398,57.66469]]}},{"type":"Feature","properties":{"kind":"barrier"},"geometry":{"type":"LineString","coordinates":[[11.84657,57.66282],[11.84661,57.66269]]}},{"type":"Feature","properties":{"kind":"barrier"},"geometry":{"type":"LineString","coordinates":[[11.84636,57.66316],[11.84657,57.66282]]}},{"type":"Feature","properties":{"kind":"barrier"},"geometry":{"type":"LineString","coordinates":[[11.84661,57.66269],[11.84694,57.66213]]}},{"type":"Feature","properties":{"kind":"barrier"},"geometry":{"type":"LineString","coordinates":[[11.84889,57.66638],[11.84743,57.66668],[11.8475,57.66611]]}},{"type":"Feature","properties":{"kind":"barrier"},"geometry":{"type":"LineString","coordinates":[[11.84694,57.66213],[11.84691,57.66167],[11.84339,57.66091]]}},{"type":"Feature","properties":{"kind":"barrier"},"geometry":{"type":"LineString","coordinates":[[11.86417,57.62338],[11.86369,57.6233],[11.86417,57.62338]]}},{"type":"Feature","properties":{"kind":"barrier"},"geometry":{"type":"LineString","coordinates":[[11.86445,57.62349],[11.86439,57.62344]]}},{"type":"Feature","properties":{"kind":"barrier"},"geometry":{"type":"LineString","coordinates":[[11.83537,57.62325],[11.83537,57.62325]]}},{"type":"Feature","properties":{"kind":"barrier"},"geometry":{"type":"LineString","coordinates":[[11.86838,57.63616],[11.86838,57.63616]]}},{"type":"Feature","properties":{"kind":"barrier"},"geometry":{"type":"LineString","coordinates":[[11.79627,57.65706],[11.79627,57.65706]]}},{"type":"Feature","properties":{"kind":"barrier"},"geometry":{"type":"LineString","coordinates":[[11.80353,57.65817],[11.80353,57.65817]]}},{"type":"Feature","properties":{"kind":"barrier"},"geometry":{"type":"LineString","coordinates":[[11.80262,57.65813],[11.80262,57.65813]]}},{"type":"Feature","properties":{"kind":"barrier"},"geometry":{"type":"LineString","coordinates":[[11.80228,57.65821],[11.80228,57.65821]]}},{"type":"Feature","properties":{"kind":"barrier"},"geometry":{"type":"LineString","coordinates":[[11.79676,57.65684],[11.79676,57.65684]]}},{"type":"Feature","properties":{"kind":"barrier"},"geometry":{"type":"LineString","coordinates":[[11.79611,57.65696],[11.79611,57.65696]]}},{"type":"Feature","properties":{"kind":"barrier"},"geometry":{"type":"LineString","coordinates":[[11.79553,57.65706],[11.79553,57.65706]]}},{"type":"Feature","properties":{"kind":"barrier"},"geometry":{"type":"LineString","coordinates":[[11.79607,57.65799],[11.79607,57.65799]]}},{"type":"Feature","properties":{"kind":"barrier"},"geometry":{"type":"LineString","coordinates":[[11.79654,57.65787],[11.79654,57.65787]]}},{"type":"Feature","properties":{"kind":"barrier"},"geometry":{"type":"LineString","coordinates":[[11.81518,57.62244],[11.81546,57.6224]]}},{"type":"Feature","properties":{"kind":"barrier"},"geometry":{"type":"LineString","coordinates":[[11.81469,57.62419],[11.81347,57.62284],[11.81441,57.62167],[11.8151,57.62175],[11.81518,57.62244]]}},{"type":"Feature","properties":{"kind":"barrier"},"geometry":{"type":"LineString","coordinates":[[11.81634,57.62438],[11.81655,57.62464]]}},{"type":"Feature","properties":{"kind":"barrier"},"geometry":{"type":"LineString","coordinates":[[11.81637,57.62432],[11.81634,57.62438]]}},{"type":"Feature","properties":{"kind":"barrier"},"geometry":{"type":"LineString","coordinates":[[11.81666,57.62419],[11.81637,57.62432]]}},{"type":"Feature","properties":{"kind":"barrier"},"geometry":{"type":"LineString","coordinates":[[11.81656,57.6234],[11.81718,57.62403],[11.81666,57.62419]]}},{"type":"Feature","properties":{"kind":"barrier"},"geometry":{"type":"LineString","coordinates":[[11.8158,57.62625],[11.81521,57.62617]]}},{"type":"Feature","properties":{"kind":"barrier"},"geometry":{"type":"LineString","coordinates":[[11.81642,57.62671],[11.81603,57.62708],[11.8158,57.62625]]}},{"type":"Feature","properties":{"kind":"barrier"},"geometry":{"type":"LineString","coordinates":[[11.81521,57.62617],[11.81432,57.62645],[11.81469,57.62419]]}},{"type":"Feature","properties":{"kind":"barrier"},"geometry":{"type":"LineString","coordinates":[[11.81658,57.6267],[11.81642,57.62671]]}},{"type":"Feature","properties":{"kind":"barrier"},"geometry":{"type":"LineString","coordinates":[[11.77981,57.69462],[11.78045,57.69448]]}},{"type":"Feature","properties":{"kind":"barrier"},"geometry":{"type":"LineString","coordinates":[[11.77958,57.69464],[11.77981,57.69462]]}},{"type":"Feature","properties":{"kind":"barrier"},"geometry":{"type":"LineString","coordinates":[[11.78175,57.69436],[11.78175,57.69436]]}},{"type":"Feature","properties":{"kind":"barrier"},"geometry":{"type":"LineString","coordinates":[[11.78178,57.6944],[11.78178,57.6944]]}},{"type":"Feature","properties":{"kind":"barrier"},"geometry":{"type":"LineString","coordinates":[[11.78225,57.69488],[11.78225,57.69488]]}},{"type":"Feature","properties":{"kind":"barrier"},"geometry":{"type":"LineString","coordinates":[[11.78245,57.69496],[11.78245,57.69496]]}},{"type":"Feature","properties":{"kind":"barrier"},"geometry":{"type":"LineString","coordinates":[[11.78192,57.69478],[11.78192,57.69478]]}},{"type":"Feature","properties":{"kind":"barrier"},"geometry":{"type":"LineString","coordinates":[[11.77986,57.69431],[11.77986,57.69431]]}},{"type":"Feature","properties":{"kind":"barrier"},"geometry":{"type":"LineString","coordinates":[[11.79018,57.76415],[11.79018,57.76415]]}},{"type":"Feature","properties":{"kind":"barrier"},"geometry":{"type":"LineString","coordinates":[[11.78045,57.69448],[11.78203,57.69512]]}},{"type":"Feature","properties":{"kind":"barrier"},"geometry":{"type":"LineString","coordinates":[[11.78203,57.69512],[11.78266,57.69526]]}},{"type":"Feature","properties":{"kind":"barrier"},"geometry":{"type":"LineString","coordinates":[[11.77787,57.69534],[11.77732,57.69466],[11.77958,57.69464]]}},{"type":"Feature","properties":{"kind":"barrier"},"geometry":{"type":"LineString","coordinates":[[11.77747,57.69546],[11.77786,57.69556]]}},{"type":"Feature","properties":{"kind":"barrier"},"geometry":{"type":"LineString","coordinates":[[11.77692,57.69527],[11.77692,57.69527]]}},{"type":"Feature","properties":{"kind":"barrier"},"geometry":{"type":"LineString","coordinates":[[11.77696,57.69531],[11.77696,57.69531]]}},{"type":"Feature","properties":{"kind":"barrier"},"geometry":{"type":"LineString","coordinates":[[11.77687,57.6953],[11.77687,57.6953]]}},{"type":"Feature","properties":{"kind":"barrier"},"geometry":{"type":"LineString","coordinates":[[11.77802,57.69542],[11.77787,57.69534]]}},{"type":"Feature","properties":{"kind":"barrier"},"geometry":{"type":"LineString","coordinates":[[11.77786,57.69556],[11.77802,57.69542]]}},{"type":"Feature","properties":{"kind":"barrier"},"geometry":{"type":"LineString","coordinates":[[11.77589,57.69677],[11.77595,57.69617],[11.77522,57.69607],[11.7756,57.69578],[11.7749,57.69564]]}},{"type":"Feature","properties":{"kind":"barrier"},"geometry":{"type":"LineString","coordinates":[[11.8073,57.64922],[11.80726,57.64929]]}},{"type":"Feature","properties":{"kind":"barrier"},"geometry":{"type":"LineString","coordinates":[[11.8074,57.64398],[11.80903,57.64636],[11.8073,57.64922]]}},{"type":"Feature","properties":{"kind":"barrier"},"geometry":{"type":"LineString","coordinates":[[11.79265,57.65074],[11.79257,57.65071]]}},{"type":"Feature","properties":{"kind":"barrier"},"geometry":{"type":"LineString","coordinates":[[11.79469,57.65053],[11.79265,57.65074]]}},{"type":"Feature","properties":{"kind":"barrier"},"geometry":{"type":"LineString","coordinates":[[11.78543,57.64856],[11.78459,57.649]]}},{"type":"Feature","properties":{"kind":"barrier"},"geometry":{"type":"LineString","coordinates":[[11.78547,57.64854],[11.78543,57.64856]]}},{"type":"Feature","properties":{"kind":"barrier"},"geometry":{"type":"LineString","coordinates":[[11.78017,57.65462],[11.77989,57.65464]]}},{"type":"Feature","properties":{"kind":"barrier"},"geometry":{"type":"LineString","coordinates":[[11.77023,57.65137],[11.76984,57.6511],[11.771,57.65079],[11.77042,57.65064]]}},{"type":"Feature","properties":{"kind":"barrier"},"geometry":{"type":"LineString","coordinates":[[11.77022,57.65141],[11.77023,57.65137]]}},{"type":"Feature","properties":{"kind":"barrier"},"geometry":{"type":"LineString","coordinates":[[11.84339,57.66091],[11.84246,57.66156],[11.84103,57.66137]]}},{"type":"Feature","properties":{"kind":"barrier"},"geometry":{"type":"LineString","coordinates":[[11.75464,57.62958],[11.75279,57.63013]]}},{"type":"Feature","properties":{"kind":"barrier"},"geometry":{"type":"LineString","coordinates":[[11.75745,57.62838],[11.75581,57.62784],[11.75466,57.62854],[11.75464,57.62958]]}},{"type":"Feature","properties":{"kind":"barrier"},"geometry":{"type":"LineString","coordinates":[[11.7913,57.68736],[11.79202,57.68734]]}},{"type":"Feature","properties":{"kind":"barrier"},"geometry":{"type":"LineString","coordinates":[[11.79294,57.68694],[11.79428,57.68632]]}},{"type":"Feature","properties":{"kind":"barrier"},"geometry":{"type":"LineString","coordinates":[[11.79202,57.68734],[11.79294,57.68694]]}},{"type":"Feature","properties":{"kind":"barrier"},"geometry":{"type":"LineString","coordinates":[[11.7883,57.68784],[11.79012,57.68796]]}},{"type":"Feature","properties":{"kind":"barrier"},"geometry":{"type":"LineString","coordinates":[[11.78398,57.69737],[11.78398,57.69737]]}},{"type":"Feature","properties":{"kind":"barrier"},"geometry":{"type":"LineString","coordinates":[[11.80032,57.7597],[11.80017,57.75953]]}},{"type":"Feature","properties":{"kind":"barrier"},"geometry":{"type":"LineString","coordinates":[[11.80017,57.75953],[11.80001,57.7595]]}},{"type":"Feature","properties":{"kind":"barrier"},"geometry":{"type":"LineString","coordinates":[[11.80053,57.75973],[11.80032,57.7597]]}},{"type":"Feature","properties":{"kind":"barrier"},"geometry":{"type":"LineString","coordinates":[[11.79496,57.75823],[11.79488,57.75766],[11.79606,57.75675]]}},{"type":"Feature","properties":{"kind":"barrier"},"geometry":{"type":"LineString","coordinates":[[11.79549,57.7585],[11.79496,57.75823]]}},{"type":"Feature","properties":{"kind":"barrier"},"geometry":{"type":"LineString","coordinates":[[11.84272,57.62716],[11.84437,57.62781]]}},{"type":"Feature","properties":{"kind":"barrier"},"geometry":{"type":"LineString","coordinates":[[11.84437,57.62781],[11.84538,57.62707]]}},{"type":"Feature","properties":{"kind":"barrier"},"geometry":{"type":"LineString","coordinates":[[11.8456,57.63046],[11.84541,57.63118],[11.8449,57.63064],[11.84398,57.63101],[11.8424,57.62859],[11.84117,57.6285],[11.84195,57.62807],[11.84104,57.62794],[11.84044,57.62628],[11.84262,57.62716]]}},{"type":"Feature","properties":{"kind":"barrier"},"geometry":{"type":"LineString","coordinates":[[11.84262,57.62716],[11.84272,57.62716]]}},{"type":"Feature","properties":{"kind":"barrier"},"geometry":{"type":"LineString","coordinates":[[11.75967,57.74721],[11.75497,57.7473]]}},{"type":"Feature","properties":{"kind":"barrier"},"geometry":{"type":"LineString","coordinates":[[11.76019,57.74701],[11.75967,57.74721]]}},{"type":"Feature","properties":{"kind":"barrier"},"geometry":{"type":"LineString","coordinates":[[11.75481,57.74738],[11.7547,57.74744]]}},{"type":"Feature","properties":{"kind":"barrier"},"geometry":{"type":"LineString","coordinates":[[11.75497,57.7473],[11.75481,57.74738]]}},{"type":"Feature","properties":{"kind":"barrier"},"geometry":{"type":"LineString","coordinates":[[11.75459,57.74762],[11.75243,57.74709]]}},{"type":"Feature","properties":{"kind":"barrier"},"geometry":{"type":"LineString","coordinates":[[11.7547,57.74744],[11.75459,57.74762]]}},{"type":"Feature","properties":{"kind":"barrier"},"geometry":{"type":"LineString","coordinates":[[11.80031,57.77267],[11.79994,57.77274]]}},{"type":"Feature","properties":{"kind":"barrier"},"geometry":{"type":"LineString","coordinates":[[11.75769,57.60682],[11.75761,57.60685]]}},{"type":"Feature","properties":{"kind":"barrier"},"geometry":{"type":"LineString","coordinates":[[11.76163,57.60381],[11.76151,57.6045],[11.75769,57.60682]]}},{"type":"Feature","properties":{"kind":"barrier"},"geometry":{"type":"LineString","coordinates":[[11.76364,57.63872],[11.76361,57.63866]]}},{"type":"Feature","properties":{"kind":"barrier"},"geometry":{"type":"LineString","coordinates":[[11.76383,57.63918],[11.76364,57.63872]]}},{"type":"Feature","properties":{"kind":"barrier"},"geometry":{"type":"LineString","coordinates":[[11.80953,57.6252],[11.80905,57.62651]]}},{"type":"Feature","properties":{"kind":"barrier"},"geometry":{"type":"LineString","coordinates":[[11.80956,57.62516],[11.80953,57.6252]]}},{"type":"Feature","properties":{"kind":"barrier"},"geometry":{"type":"LineString","coordinates":[[11.79809,57.65244],[11.79647,57.65099],[11.79469,57.65053]]}},{"type":"Feature","properties":{"kind":"barrier"},"geometry":{"type":"LineString","coordinates":[[11.79257,57.65071],[11.79282,57.65029],[11.79195,57.64932]]}},{"type":"Feature","properties":{"kind":"barrier"},"geometry":{"type":"LineString","coordinates":[[11.80491,57.65196],[11.80462,57.65215]]}},{"type":"Feature","properties":{"kind":"barrier"},"geometry":{"type":"LineString","coordinates":[[11.80521,57.65197],[11.80491,57.65196]]}},{"type":"Feature","properties":{"kind":"barrier"},"geometry":{"type":"LineString","coordinates":[[11.80552,57.65218],[11.80521,57.65197]]}},{"type":"Feature","properties":{"kind":"barrier"},"geometry":{"type":"LineString","coordinates":[[11.80462,57.65215],[11.80261,57.6528],[11.79809,57.65244]]}},{"type":"Feature","properties":{"kind":"barrier"},"geometry":{"type":"LineString","coordinates":[[11.75324,57.62299],[11.75166,57.62189],[11.7506,57.62224]]}},{"type":"Feature","properties":{"kind":"barrier"},"geometry":{"type":"LineString","coordinates":[[11.7506,57.62224],[11.75076,57.62294],[11.7484,57.62279]]}},{"type":"Feature","properties":{"kind":"barrier"},"geometry":{"type":"LineString","coordinates":[[11.7497,57.6183],[11.75219,57.61949],[11.75269,57.61897],[11.7519,57.61854]]}},{"type":"Feature","properties":{"kind":"barrier"},"geometry":{"type":"LineString","coordinates":[[11.76265,57.62185],[11.7623,57.62253],[11.76031,57.62293],[11.75567,57.6229]]}},{"type":"Feature","properties":{"kind":"barrier"},"geometry":{"type":"LineString","coordinates":[[11.75783,57.61986],[11.75848,57.62024]]}},{"type":"Feature","properties":{"kind":"barrier"},"geometry":{"type":"LineString","coordinates":[[11.75848,57.62024],[11.76187,57.62099],[11.76265,57.62185]]}},{"type":"Feature","properties":{"kind":"barrier"},"geometry":{"type":"LineString","coordinates":[[11.75494,57.62291],[11.75324,57.62299]]}},{"type":"Feature","properties":{"kind":"barrier"},"geometry":{"type":"LineString","coordinates":[[11.75567,57.6229],[11.75494,57.62291]]}},{"type":"Feature","properties":{"kind":"barrier"},"geometry":{"type":"LineString","coordinates":[[11.76404,57.61868],[11.7635,57.61833]]}},{"type":"Feature","properties":{"kind":"barrier"},"geometry":{"type":"LineString","coordinates":[[11.76442,57.61912],[11.76404,57.61868]]}},{"type":"Feature","properties":{"kind":"barrier"},"geometry":{"type":"LineString","coordinates":[[11.76062,57.61671],[11.75985,57.61651]]}},{"type":"Feature","properties":{"kind":"barrier"},"geometry":{"type":"LineString","coordinates":[[11.75803,57.6127],[11.76299,57.61325]]}},{"type":"Feature","properties":{"kind":"gate","len":30.4},"geometry":{"type":"LineString","coordinates":[[11.96386,57.70107],[11.96404,57.70081]]}},{"type":"Feature","properties":{"kind":"gate","len":86.5},"geometry":{"type":"LineString","coordinates":[[12.00788,57.72786],[12.00771,57.72709]]}},{"type":"Feature","properties":{"kind":"gate","len":21.6},"geometry":{"type":"LineString","coordinates":[[11.99208,57.70032],[11.99173,57.70035]]}},{"type":"Feature","properties":{"kind":"gate","len":21.8},"geometry":{"type":"LineString","coordinates":[[11.95062,57.72374],[11.95026,57.72375]]}},{"type":"Feature","properties":{"kind":"gate","len":40.7},"geometry":{"type":"LineString","coordinates":[[12.00814,57.72717],[12.00826,57.72753]]}},{"type":"Feature","properties":{"kind":"gate","len":933.5},"geometry":{"type":"LineString","coordinates":[[11.90466,57.6868],[11.89946,57.69471]]}},{"type":"Feature","properties":{"kind":"gate","len":16.7},"geometry":{"type":"LineString","coordinates":[[11.99627,57.68985],[11.99601,57.68979]]}},{"type":"Feature","properties":{"kind":"gate","len":20.3},"geometry":{"type":"LineString","coordinates":[[12.01301,57.6646],[12.01268,57.66455]]}},{"type":"Feature","properties":{"kind":"gate","len":21.0},"geometry":{"type":"LineString","coordinates":[[12.0152,57.65945],[12.01553,57.65951]]}},{"type":"Feature","properties":{"kind":"gate","len":351.7},"geometry":{"type":"LineString","coordinates":[[11.79723,57.69228],[11.79488,57.68938]]}},{"type":"Feature","properties":{"kind":"gate","len":65.5},"geometry":{"type":"LineString","coordinates":[[11.9909,57.72082],[11.9916,57.72127]]}},{"type":"Feature","properties":{"kind":"gate","len":32.2},"geometry":{"type":"LineString","coordinates":[[11.96604,57.70179],[11.96563,57.70198]]}},{"type":"Feature","properties":{"kind":"gate","len":59.4},"geometry":{"type":"LineString","coordinates":[[11.9922,57.69879],[11.99122,57.69868]]}},{"type":"Feature","properties":{"kind":"gate","len":15.1},"geometry":{"type":"LineString","coordinates":[[12.00316,57.6801],[12.00339,57.68015]]}},{"type":"Feature","properties":{"kind":"gate","len":39.0},"geometry":{"type":"LineString","coordinates":[[12.11376,57.74235],[12.11388,57.742]]}},{"type":"Feature","properties":{"kind":"gate","len":135.2},"geometry":{"type":"LineString","coordinates":[[12.03856,57.6802],[12.03752,57.68128]]}},{"type":"Feature","properties":{"kind":"gate","len":13.7},"geometry":{"type":"LineString","coordinates":[[12.05902,57.68689],[12.05902,57.68677]]}},{"type":"Feature","properties":{"kind":"gate","len":69.6},"geometry":{"type":"LineString","coordinates":[[12.12648,57.74132],[12.12672,57.74194]]}},{"type":"Feature","properties":{"kind":"gate","len":115.2},"geometry":{"type":"LineString","coordinates":[[11.99608,57.72857],[11.99427,57.72894]]}},{"type":"Feature","properties":{"kind":"gate","len":51.4},"geometry":{"type":"LineString","coordinates":[[12.05407,57.73364],[12.05396,57.7341]]}},{"type":"Feature","properties":{"kind":"gate","len":91.4},"geometry":{"type":"LineString","coordinates":[[12.03286,57.73134],[12.03176,57.73191]]}},{"type":"Feature","properties":{"kind":"gate","len":32.7},"geometry":{"type":"LineString","coordinates":[[11.95487,57.70173],[11.95505,57.70201]]}},{"type":"Feature","properties":{"kind":"gate","len":16.4},"geometry":{"type":"LineString","coordinates":[[11.99812,57.68747],[11.99786,57.68741]]}},{"type":"Feature","properties":{"kind":"gate","len":47.3},"geometry":{"type":"LineString","coordinates":[[11.99888,57.72271],[11.99818,57.72292]]}},{"type":"Feature","properties":{"kind":"gate","len":908.1},"geometry":{"type":"LineString","coordinates":[[11.89906,57.69464],[11.90382,57.68688]]}},{"type":"Feature","properties":{"kind":"gate","len":96.8},"geometry":{"type":"LineString","coordinates":[[11.75598,57.68916],[11.75708,57.6898]]}},{"type":"Feature","properties":{"kind":"gate","len":21.9},"geometry":{"type":"LineString","coordinates":[[11.99232,57.69756],[11.99268,57.6976]]}},{"type":"Feature","properties":{"kind":"gate","len":22.9},"geometry":{"type":"LineString","coordinates":[[11.99281,57.69752],[11.99242,57.69749]]}},{"type":"Feature","properties":{"kind":"gate","len":23.5},"geometry":{"type":"LineString","coordinates":[[11.9926,57.69733],[11.99299,57.69737]]}},{"type":"Feature","properties":{"kind":"gate","len":12.8},"geometry":{"type":"LineString","coordinates":[[11.96896,57.70692],[11.9689,57.70703]]}},{"type":"Feature","properties":{"kind":"gate","len":22.4},"geometry":{"type":"LineString","coordinates":[[12.13332,57.66239],[12.13305,57.66253]]}},{"type":"Feature","properties":{"kind":"gate","len":34.2},"geometry":{"type":"LineString","coordinates":[[12.04996,57.66283],[12.05027,57.66257]]}},{"type":"Feature","properties":{"kind":"gate","len":23.9},"geometry":{"type":"LineString","coordinates":[[11.97024,57.70365],[11.97049,57.70348]]}},{"type":"Feature","properties":{"kind":"gate","len":273.5},"geometry":{"type":"LineString","coordinates":[[11.79368,57.60778],[11.79749,57.6064]]}},{"type":"Feature","properties":{"kind":"gate","len":18.1},"geometry":{"type":"LineString","coordinates":[[11.9915,57.70996],[11.99125,57.71005]]}},{"type":"Feature","properties":{"kind":"gate","len":33.3},"geometry":{"type":"LineString","coordinates":[[11.9595,57.70624],[11.95968,57.70652]]}},{"type":"Feature","properties":{"kind":"gate","len":22.0},"geometry":{"type":"LineString","coordinates":[[12.01079,57.67348],[12.01043,57.67342]]}},{"type":"Feature","properties":{"kind":"gate","len":13.2},"geometry":{"type":"LineString","coordinates":[[11.83855,57.68586],[11.83854,57.68597]]}},{"type":"Feature","properties":{"kind":"gate","len":23.8},"geometry":{"type":"LineString","coordinates":[[12.03837,57.68852],[12.03807,57.68863]]}},{"type":"Feature","properties":{"kind":"gate","len":30.4},"geometry":{"type":"LineString","coordinates":[[12.07746,57.73478],[12.07703,57.73464]]}},{"type":"Feature","properties":{"kind":"gate","len":28.5},"geometry":{"type":"LineString","coordinates":[[11.98986,57.70683],[11.98938,57.70681]]}},{"type":"Feature","properties":{"kind":"gate","len":29.3},"geometry":{"type":"LineString","coordinates":[[11.98981,57.70728],[11.98932,57.70727]]}},{"type":"Feature","properties":{"kind":"gate","len":29.3},"geometry":{"type":"LineString","coordinates":[[11.98933,57.70717],[11.98982,57.70717]]}},{"type":"Feature","properties":{"kind":"gate","len":31.5},"geometry":{"type":"LineString","coordinates":[[11.98546,57.70737],[11.98577,57.70761]]}},{"type":"Feature","properties":{"kind":"gate","len":14.1},"geometry":{"type":"LineString","coordinates":[[11.95981,57.70938],[11.96002,57.70932]]}},{"type":"Feature","properties":{"kind":"gate","len":12.6},"geometry":{"type":"LineString","coordinates":[[11.96805,57.70678],[11.96799,57.70689]]}},{"type":"Feature","properties":{"kind":"gate","len":12.6},"geometry":{"type":"LineString","coordinates":[[11.96793,57.70688],[11.96799,57.70677]]}},{"type":"Feature","properties":{"kind":"gate","len":13.4},"geometry":{"type":"LineString","coordinates":[[11.99474,57.69431],[11.99495,57.69427]]}},{"type":"Feature","properties":{"kind":"gate","len":13.8},"geometry":{"type":"LineString","coordinates":[[11.99477,57.69448],[11.995,57.69448]]}},{"type":"Feature","properties":{"kind":"gate","len":9.4},"geometry":{"type":"LineString","coordinates":[[11.9952,57.69496],[11.99522,57.69487]]}},{"type":"Feature","properties":{"kind":"gate","len":104.0},"geometry":{"type":"LineString","coordinates":[[11.94332,57.70663],[11.94174,57.70622]]}},{"type":"Feature","properties":{"kind":"gate","len":93.4},"geometry":{"type":"LineString","coordinates":[[12.03182,57.73195],[12.03294,57.73136]]}},{"type":"Feature","properties":{"kind":"gate","len":30.4},"geometry":{"type":"LineString","coordinates":[[12.07002,57.77711],[12.07046,57.77725]]}},{"type":"Feature","properties":{"kind":"gate","len":17.5},"geometry":{"type":"LineString","coordinates":[[11.99475,57.69499],[11.99504,57.69498]]}},{"type":"Feature","properties":{"kind":"gate","len":19.5},"geometry":{"type":"LineString","coordinates":[[11.99473,57.69343],[11.9944,57.69344]]}},{"type":"Feature","properties":{"kind":"gate","len":63.1},"geometry":{"type":"LineString","coordinates":[[12.01849,57.72845],[12.01891,57.72793]]}},{"type":"Feature","properties":{"kind":"gate","len":49.3},"geometry":{"type":"LineString","coordinates":[[12.01703,57.72792],[12.01778,57.72772]]}},{"type":"Feature","properties":{"kind":"gate","len":15.0},"geometry":{"type":"LineString","coordinates":[[11.97161,57.70746],[11.9716,57.70733]]}},{"type":"Feature","properties":{"kind":"gate","len":66.2},"geometry":{"type":"LineString","coordinates":[[11.99079,57.72083],[11.99151,57.72128]]}},{"type":"Feature","properties":{"kind":"gate","len":12.6},"geometry":{"type":"LineString","coordinates":[[11.95102,57.72445],[11.9508,57.72446]]}},{"type":"Feature","properties":{"kind":"gate","len":18.6},"geometry":{"type":"LineString","coordinates":[[11.95137,57.73758],[11.95105,57.73758]]}},{"type":"Feature","properties":{"kind":"gate","len":9.9},"geometry":{"type":"LineString","coordinates":[[12.01923,57.64919],[12.01937,57.64915]]}},{"type":"Feature","properties":{"kind":"gate","len":49.9},"geometry":{"type":"LineString","coordinates":[[11.84551,57.66386],[11.84627,57.66405]]}},{"type":"Feature","properties":{"kind":"gate","len":32.1},"geometry":{"type":"LineString","coordinates":[[11.96566,57.70201],[11.96606,57.70182]]}},{"type":"Feature","properties":{"kind":"gate","len":31.8},"geometry":{"type":"LineString","coordinates":[[11.96594,57.70168],[11.96555,57.70187]]}},{"type":"Feature","properties":{"kind":"gate","len":31.7},"geometry":{"type":"LineString","coordinates":[[11.96557,57.7019],[11.96596,57.70171]]}},{"type":"Feature","properties":{"kind":"gate","len":24.0},"geometry":{"type":"LineString","coordinates":[[11.99467,57.69214],[11.99506,57.69219]]}},{"type":"Feature","properties":{"kind":"gate","len":30.1},"geometry":{"type":"LineString","coordinates":[[11.97408,57.70728],[11.97459,57.70729]]}},{"type":"Feature","properties":{"kind":"gate","len":19.8},"geometry":{"type":"LineString","coordinates":[[11.97837,57.70739],[11.97817,57.70754]]}},{"type":"Feature","properties":{"kind":"gate","len":17.9},"geometry":{"type":"LineString","coordinates":[[11.97762,57.70754],[11.9777,57.70738]]}},{"type":"Feature","properties":{"kind":"gate","len":20.3},"geometry":{"type":"LineString","coordinates":[[11.97819,57.7074],[11.97797,57.70754]]}},{"type":"Feature","properties":{"kind":"gate","len":29.7},"geometry":{"type":"LineString","coordinates":[[12.06854,57.78025],[12.06852,57.77999]]}},{"type":"Feature","properties":{"kind":"gate","len":24.0},"geometry":{"type":"LineString","coordinates":[[11.97019,57.70363],[11.97043,57.70346]]}},{"type":"Feature","properties":{"kind":"gate","len":24.0},"geometry":{"type":"LineString","coordinates":[[11.97059,57.70352],[11.97034,57.70369]]}},{"type":"Feature","properties":{"kind":"gate","len":8.9},"geometry":{"type":"LineString","coordinates":[[11.95979,57.70903],[11.95971,57.70897]]}},{"type":"Feature","properties":{"kind":"gate","len":18.0},"geometry":{"type":"LineString","coordinates":[[11.95312,57.71872],[11.95291,57.7186]]}},{"type":"Feature","properties":{"kind":"gate","len":23.7},"geometry":{"type":"LineString","coordinates":[[11.99408,57.69639],[11.99448,57.69642]]}},{"type":"Feature","properties":{"kind":"gate","len":13.7},"geometry":{"type":"LineString","coordinates":[[11.9678,57.70687],[11.96787,57.70675]]}},{"type":"Feature","properties":{"kind":"gate","len":44.8},"geometry":{"type":"LineString","coordinates":[[12.01418,57.72729],[12.01413,57.72769]]}},{"type":"Feature","properties":{"kind":"gate","len":14.6},"geometry":{"type":"LineString","coordinates":[[11.99272,57.71118],[11.99251,57.71124]]}},{"type":"Feature","properties":{"kind":"gate","len":18.4},"geometry":{"type":"LineString","coordinates":[[11.94944,57.72177],[11.94975,57.72177]]}},{"type":"Feature","properties":{"kind":"gate","len":144.6},"geometry":{"type":"LineString","coordinates":[[11.9904,57.7289],[11.99274,57.72854]]}},{"type":"Feature","properties":{"kind":"gate","len":30.0},"geometry":{"type":"LineString","coordinates":[[12.10499,57.7401],[12.10482,57.74035]]}},{"type":"Feature","properties":{"kind":"gate","len":95.1},"geometry":{"type":"LineString","coordinates":[[12.06076,57.73486],[12.06075,57.73401]]}},{"type":"Feature","properties":{"kind":"gate","len":6.2},"geometry":{"type":"LineString","coordinates":[[11.9254,57.70497],[11.9253,57.70497]]}},{"type":"Feature","properties":{"kind":"gate","len":33.6},"geometry":{"type":"LineString","coordinates":[[11.95958,57.70622],[11.95977,57.7065]]}},{"type":"Feature","properties":{"kind":"gate","len":44.7},"geometry":{"type":"LineString","coordinates":[[11.9677,57.70215],[11.96748,57.70253]]}},{"type":"Feature","properties":{"kind":"gate","len":30.4},"geometry":{"type":"LineString","coordinates":[[11.96396,57.70108],[11.96412,57.70082]]}},{"type":"Feature","properties":{"kind":"gate","len":28.1},"geometry":{"type":"LineString","coordinates":[[11.96379,57.70104],[11.96393,57.7008]]}},{"type":"Feature","properties":{"kind":"gate","len":41.5},"geometry":{"type":"LineString","coordinates":[[11.96552,57.7061],[11.96534,57.70646]]}},{"type":"Feature","properties":{"kind":"gate","len":72.2},"geometry":{"type":"LineString","coordinates":[[12.00126,57.72605],[12.00189,57.72549]]}},{"type":"Feature","properties":{"kind":"gate","len":17.9},"geometry":{"type":"LineString","coordinates":[[12.01247,57.66591],[12.01217,57.6659]]}},{"type":"Feature","properties":{"kind":"gate","len":526.2},"geometry":{"type":"LineString","coordinates":[[11.79302,57.68711],[11.78949,57.68277]]}},{"type":"Feature","properties":{"kind":"gate","len":11.5},"geometry":{"type":"LineString","coordinates":[[11.81086,57.60627],[11.811,57.60634]]}},{"type":"Feature","properties":{"kind":"gate","len":11.4},"geometry":{"type":"LineString","coordinates":[[11.95059,57.71898],[11.95064,57.71908]]}},{"type":"Feature","properties":{"kind":"gate","len":11.5},"geometry":{"type":"LineString","coordinates":[[11.95049,57.71899],[11.95055,57.71909]]}},{"type":"Feature","properties":{"kind":"gate","len":24.8},"geometry":{"type":"LineString","coordinates":[[12.05634,57.66291],[12.05593,57.66288]]}},{"type":"Feature","properties":{"kind":"gate","len":32.4},"geometry":{"type":"LineString","coordinates":[[12.10831,57.74126],[12.10791,57.74146]]}},{"type":"Feature","properties":{"kind":"gate","len":41.3},"geometry":{"type":"LineString","coordinates":[[12.00451,57.72704],[12.00449,57.72667]]}},{"type":"Feature","properties":{"kind":"gate","len":64.0},"geometry":{"type":"LineString","coordinates":[[12.00227,57.72598],[12.00177,57.72649]]}},{"type":"Feature","properties":{"kind":"gate","len":43.4},"geometry":{"type":"LineString","coordinates":[[12.02055,57.72883],[12.02082,57.72847]]}},{"type":"Feature","properties":{"kind":"gate","len":31.9},"geometry":{"type":"LineString","coordinates":[[11.95476,57.7021],[11.95459,57.70183]]}},{"type":"Feature","properties":{"kind":"gate","len":11.6},"geometry":{"type":"LineString","coordinates":[[11.95278,57.73342],[11.95258,57.7334]]}},{"type":"Feature","properties":{"kind":"gate","len":61.2},"geometry":{"type":"LineString","coordinates":[[11.84018,57.6598],[11.8394,57.65944]]}},{"type":"Feature","properties":{"kind":"gate","len":51.1},"geometry":{"type":"LineString","coordinates":[[12.0044,57.76097],[12.00449,57.76143]]}},{"type":"Feature","properties":{"kind":"gate","len":37.7},"geometry":{"type":"LineString","coordinates":[[12.00404,57.76123],[12.00417,57.76156]]}},{"type":"Feature","properties":{"kind":"gate","len":13.3},"geometry":{"type":"LineString","coordinates":[[12.00055,57.68387],[12.00077,57.68389]]}},{"type":"Feature","properties":{"kind":"gate","len":141.8},"geometry":{"type":"LineString","coordinates":[[11.99312,57.72916],[11.9908,57.72944]]}},{"type":"Feature","properties":{"kind":"gate","len":22.2},"geometry":{"type":"LineString","coordinates":[[11.99291,57.69744],[11.99254,57.69741]]}},{"type":"Feature","properties":{"kind":"gate","len":19.2},"geometry":{"type":"LineString","coordinates":[[11.99206,57.70041],[11.99174,57.7004]]}},{"type":"Feature","properties":{"kind":"gate","len":95.8},"geometry":{"type":"LineString","coordinates":[[12.0079,57.72708],[12.00815,57.72794]]}},{"type":"Feature","properties":{"kind":"gate","len":11.9},"geometry":{"type":"LineString","coordinates":[[11.95943,57.70633],[11.95925,57.70628]]}},{"type":"Feature","properties":{"kind":"gate","len":6.7},"geometry":{"type":"LineString","coordinates":[[11.94917,57.7199],[11.94906,57.71991]]}},{"type":"Feature","properties":{"kind":"gate","len":39.7},"geometry":{"type":"LineString","coordinates":[[11.99388,57.72833],[11.9945,57.7282]]}},{"type":"Feature","properties":{"kind":"gate","len":35.9},"geometry":{"type":"LineString","coordinates":[[11.95897,57.70659],[11.95865,57.70632]]}},{"type":"Feature","properties":{"kind":"gate","len":109.2},"geometry":{"type":"LineString","coordinates":[[12.06966,57.77786],[12.06792,57.77754]]}},{"type":"Feature","properties":{"kind":"gate","len":104.7},"geometry":{"type":"LineString","coordinates":[[12.06804,57.77746],[12.06971,57.77776]]}},{"type":"Feature","properties":{"kind":"gate","len":164.1},"geometry":{"type":"LineString","coordinates":[[11.96998,57.71349],[11.96842,57.71471]]}},{"type":"Feature","properties":{"kind":"gate","len":164.6},"geometry":{"type":"LineString","coordinates":[[11.968,57.71456],[11.96949,57.71331]]}},{"type":"Feature","properties":{"kind":"gate","len":183.2},"geometry":{"type":"LineString","coordinates":[[11.96555,57.71664],[11.96726,57.71527]]}},{"type":"Feature","properties":{"kind":"gate","len":40.4},"geometry":{"type":"LineString","coordinates":[[11.8449,57.62763],[11.8443,57.62777]]}},{"type":"Feature","properties":{"kind":"gate","len":27.7},"geometry":{"type":"LineString","coordinates":[[11.76388,57.6413],[11.76395,57.6411]]}},{"type":"Feature","properties":{"kind":"gate","len":173.1},"geometry":{"type":"LineString","coordinates":[[12.14384,57.64944],[12.14481,57.64851]]}},{"type":"Feature","properties":{"kind":"gate","len":114.6},"geometry":{"type":"LineString","coordinates":[[12.05554,57.66362],[12.05636,57.66442]]}},{"type":"Feature","properties":{"kind":"gate","len":23.0},"geometry":{"type":"LineString","coordinates":[[12.06068,57.79237],[12.06106,57.79233]]}},{"type":"Feature","properties":{"kind":"gate","len":23.6},"geometry":{"type":"LineString","coordinates":[[12.00533,57.76063],[12.00523,57.76042]]}},{"type":"Feature","properties":{"kind":"gate","len":76.8},"geometry":{"type":"LineString","coordinates":[[11.85385,57.66372],[11.85269,57.66402]]}},{"type":"Feature","properties":{"kind":"gate","len":27.4},"geometry":{"type":"LineString","coordinates":[[11.96152,57.70068],[11.96164,57.70044]]}},{"type":"Feature","properties":{"kind":"gate","len":21.3},"geometry":{"type":"LineString","coordinates":[[11.99306,57.69731],[11.99271,57.69727]]}},{"type":"Feature","properties":{"kind":"gate","len":14.9},"geometry":{"type":"LineString","coordinates":[[12.11475,57.79802],[12.11493,57.79811]]}},{"type":"Feature","properties":{"kind":"gate","len":24.6},"geometry":{"type":"LineString","coordinates":[[12.01406,57.66184],[12.01446,57.66189]]}},{"type":"Feature","properties":{"kind":"gate","len":23.5},"geometry":{"type":"LineString","coordinates":[[11.95026,57.72378],[11.95066,57.72378]]}},{"type":"Feature","properties":{"kind":"gate","len":15.4},"geometry":{"type":"LineString","coordinates":[[12.02673,57.76552],[12.02652,57.7656]]}},{"type":"Feature","properties":{"kind":"gate","len":899.3},"geometry":{"type":"LineString","coordinates":[[12.01784,57.79955],[12.00266,57.79964]]}},{"type":"Feature","properties":{"kind":"gate","len":33.9},"geometry":{"type":"LineString","coordinates":[[12.00719,57.72752],[12.00725,57.72722]]}},{"type":"Feature","properties":{"kind":"gate","len":52.4},"geometry":{"type":"LineString","coordinates":[[12.10757,57.74151],[12.10825,57.74121]]}},{"type":"Feature","properties":{"kind":"gate","len":13.4},"geometry":{"type":"LineString","coordinates":[[12.07744,57.796],[12.07764,57.79594]]}},{"type":"Feature","properties":{"kind":"gate","len":32.5},"geometry":{"type":"LineString","coordinates":[[11.95469,57.70213],[11.95452,57.70186]]}},{"type":"Feature","properties":{"kind":"gate","len":19.8},"geometry":{"type":"LineString","coordinates":[[11.95027,57.72371],[11.9506,57.7237]]}},{"type":"Feature","properties":{"kind":"gate","len":14.8},"geometry":{"type":"LineString","coordinates":[[12.0636,57.7844],[12.06338,57.78433]]}},{"type":"Feature","properties":{"kind":"gate","len":12.2},"geometry":{"type":"LineString","coordinates":[[12.06344,57.79434],[12.06364,57.79435]]}},{"type":"Feature","properties":{"kind":"gate","len":16.3},"geometry":{"type":"LineString","coordinates":[[12.06458,57.7942],[12.06485,57.79416]]}},{"type":"Feature","properties":{"kind":"gate","len":10.5},"geometry":{"type":"LineString","coordinates":[[12.03734,57.76712],[12.03741,57.76703]]}},{"type":"Feature","properties":{"kind":"gate","len":17.4},"geometry":{"type":"LineString","coordinates":[[12.06114,57.78707],[12.06085,57.78709]]}},{"type":"Feature","properties":{"kind":"gate","len":20.8},"geometry":{"type":"LineString","coordinates":[[12.0615,57.78665],[12.06162,57.78682]]}},{"type":"Feature","properties":{"kind":"gate","len":11.7},"geometry":{"type":"LineString","coordinates":[[11.99475,57.69209],[11.99494,57.69212]]}},{"type":"Feature","properties":{"kind":"gate","len":12.8},"geometry":{"type":"LineString","coordinates":[[12.01221,57.66598],[12.01243,57.66598]]}},{"type":"Feature","properties":{"kind":"gate","len":26.9},"geometry":{"type":"LineString","coordinates":[[11.95642,57.71645],[11.95687,57.71641]]}},{"type":"Feature","properties":{"kind":"gate","len":31.0},"geometry":{"type":"LineString","coordinates":[[12.00734,57.76095],[12.0075,57.76068]]}},{"type":"Feature","properties":{"kind":"gate","len":68.2},"geometry":{"type":"LineString","coordinates":[[11.90963,57.69854],[11.90849,57.69848]]}},{"type":"Feature","properties":{"kind":"gate","len":295.2},"geometry":{"type":"LineString","coordinates":[[11.96854,57.71452],[11.96574,57.71671]]}},{"type":"Feature","properties":{"kind":"gate","len":254.2},"geometry":{"type":"LineString","coordinates":[[11.96726,57.71527],[11.96961,57.71336]]}},{"type":"Feature","properties":{"kind":"gate","len":207.2},"geometry":{"type":"LineString","coordinates":[[11.96779,57.7152],[11.96583,57.71674]]}},{"type":"Feature","properties":{"kind":"gate","len":208.8},"geometry":{"type":"LineString","coordinates":[[11.96542,57.71659],[11.9674,57.71504]]}},{"type":"Feature","properties":{"kind":"gate","len":12.2},"geometry":{"type":"LineString","coordinates":[[12.06942,57.7773],[12.06949,57.7774]]}},{"type":"Feature","properties":{"kind":"gate","len":34.2},"geometry":{"type":"LineString","coordinates":[[12.05033,57.66259],[12.05002,57.66284]]}},{"type":"Feature","properties":{"kind":"gate","len":649.2},"geometry":{"type":"LineString","coordinates":[[11.97053,57.7117],[11.96564,57.71667]]}}]}